ars,state,district,name,postal_code,population,area_km2,latitude,longitude
010010000000,Schleswig-Holstein,"Flensburg, Stadt","Flensburg, Stadt",24937,95568,56.73,54.78252,9.43751
010020000000,Schleswig-Holstein,"Kiel, Landeshauptstadt","Kiel, Landeshauptstadt",24103,251842,118.65,54.321775,10.13727
010030000000,Schleswig-Holstein,"Lübeck, Hansestadt","Lübeck, Hansestadt",23539,217061,214.19,53.866269,10.683932
010040000000,Schleswig-Holstein,"Neumünster, Stadt","Neumünster, Stadt",24534,80145,71.66,54.069895,9.988422
010510011011,Schleswig-Holstein,Dithmarschen,"Brunsbüttel, Stadt",25541,12640,65.21,53.896932,9.13735
010510044044,Schleswig-Holstein,Dithmarschen,"Heide, Stadt",25746,22125,31.97,54.193962,9.091156
010515163003,Schleswig-Holstein,Dithmarschen,Averlak,25715,595,9.06,53.941154,9.182663
010515163010,Schleswig-Holstein,Dithmarschen,Brickeln,25712,185,6.07,54.00849,9.221166
010515163012,Schleswig-Holstein,Dithmarschen,Buchholz,25712,998,14.56,53.987132,9.223774
010515163016,Schleswig-Holstein,Dithmarschen,Burg (Dithmarschen),25712,4079,11.25,53.99748,9.26246
010515163022,Schleswig-Holstein,Dithmarschen,Dingen,25715,645,7.01,53.960888,9.125804
010515163024,Schleswig-Holstein,Dithmarschen,Eddelak,25715,1332,9.21,53.945888,9.137433
010515163026,Schleswig-Holstein,Dithmarschen,Eggstedt,25721,749,12.79,54.054535,9.25927
010515163032,Schleswig-Holstein,Dithmarschen,Frestedt,25727,330,10.33,54.023523,9.176133
010515163037,Schleswig-Holstein,Dithmarschen,Großenrade,25712,462,10.4,54.02206,9.223435
010515163051,Schleswig-Holstein,Dithmarschen,Hochdonn,25712,1076,5.46,54.019564,9.293145
010515163064,Schleswig-Holstein,Dithmarschen,Kuden,25712,658,11.37,53.967853,9.192822
010515163089,Schleswig-Holstein,Dithmarschen,Quickborn,25712,186,6.95,54.010081,9.206506
010515163097,Schleswig-Holstein,Dithmarschen,Sankt Michaelisdonn,25693,3473,23.06,53.994807,9.121257
010515163110,Schleswig-Holstein,Dithmarschen,Süderhastedt,25727,795,15.74,54.04991,9.20886
010515166021,Schleswig-Holstein,Dithmarschen,Diekhusen-Fahrstedt,25709,651,7.46,53.946249,9.023165
010515166034,Schleswig-Holstein,Dithmarschen,Friedrichskoog,25718,2423,53.27,54.005842,8.88014
010515166046,Schleswig-Holstein,Dithmarschen,Helse,25709,854,11.44,53.977556,9.010226
010515166057,Schleswig-Holstein,Dithmarschen,Kaiser-Wilhelm-Koog,25709,319,13.05,53.942933,8.926364
010515166062,Schleswig-Holstein,Dithmarschen,Kronprinzenkoog,25709,831,28.84,53.97171,8.964528
010515166072,Schleswig-Holstein,Dithmarschen,"Marne, Stadt",25709,5558,4.83,53.953695,9.008761
010515166073,Schleswig-Holstein,Dithmarschen,Marnerdeich,25709,389,1.31,53.948483,8.982956
010515166076,Schleswig-Holstein,Dithmarschen,Neufeld,25724,594,10.4,53.907495,9.017576
010515166077,Schleswig-Holstein,Dithmarschen,Neufelderkoog,25724,103,9.77,53.906958,8.968827
010515166090,Schleswig-Holstein,Dithmarschen,Ramhusen,25715,162,4.8,53.941207,9.090658
010515166103,Schleswig-Holstein,Dithmarschen,Schmedeswurth,25724,178,5.91,53.926172,9.040335
010515166118,Schleswig-Holstein,Dithmarschen,Trennewurth,25693,239,7.79,54.000236,9.025792
010515166119,Schleswig-Holstein,Dithmarschen,Volsemenhusen,25693,322,16.78,53.967901,9.065625
010515169005,Schleswig-Holstein,Dithmarschen,Barkenholm,25791,169,5.11,54.237387,9.174339
010515169008,Schleswig-Holstein,Dithmarschen,Bergewöhrden,25779,36,2.64,54.318469,9.209426
010515169019,Schleswig-Holstein,Dithmarschen,Dellstedt,25786,740,21.77,54.237892,9.369143
010515169020,Schleswig-Holstein,Dithmarschen,Delve,25788,769,15.84,54.303978,9.252365
010515169023,Schleswig-Holstein,Dithmarschen,Dörpling,25794,632,7.82,54.260654,9.301925
010515169030,Schleswig-Holstein,Dithmarschen,Fedderingen,25779,261,9.69,54.281144,9.132642
010515169035,Schleswig-Holstein,Dithmarschen,Gaushorn,25782,178,6.45,54.194896,9.225318
010515169036,Schleswig-Holstein,Dithmarschen,Glüsing,25779,113,4.69,54.274547,9.216421
010515169038,Schleswig-Holstein,Dithmarschen,Groven,25774,101,7.9,54.300165,8.989147
010515169047,Schleswig-Holstein,Dithmarschen,Hemme,25774,520,16.53,54.28021,9.010966
010515169049,Schleswig-Holstein,Dithmarschen,Hennstedt,25779,2037,21.93,54.283636,9.168248
010515169052,Schleswig-Holstein,Dithmarschen,Hövede,25782,51,2.94,54.243806,9.293409
010515169053,Schleswig-Holstein,Dithmarschen,Hollingstedt,25788,326,9.74,54.290548,9.226797
010515169058,Schleswig-Holstein,Dithmarschen,Karolinenkoog,25774,155,17.55,54.292554,8.965495
010515169060,Schleswig-Holstein,Dithmarschen,Kleve,25779,411,12.81,54.295706,9.123229
010515169061,Schleswig-Holstein,Dithmarschen,Krempel,25774,603,4.82,54.320019,9.027607
010515169065,Schleswig-Holstein,Dithmarschen,Lehe,25774,1084,18.63,54.344168,9.025334
010515169068,Schleswig-Holstein,Dithmarschen,Linden,25791,848,11.62,54.252623,9.182428
010515169071,Schleswig-Holstein,Dithmarschen,Lunden,25774,1761,4.65,54.330568,9.024249
010515169080,Schleswig-Holstein,Dithmarschen,Norderheistedt,25779,123,4.33,54.245331,9.146139
010515169088,Schleswig-Holstein,Dithmarschen,Pahlen,25794,1160,10.8,54.267813,9.296387
010515169092,Schleswig-Holstein,Dithmarschen,Rehm-Flehde-Bargen,25776,544,14.63,54.303981,9.036287
010515169096,Schleswig-Holstein,Dithmarschen,Sankt Annen,25776,312,14.89,54.345413,9.07975
010515169100,Schleswig-Holstein,Dithmarschen,Schalkholz,25782,565,12.52,54.246244,9.257028
010515169102,Schleswig-Holstein,Dithmarschen,Schlichting,25779,244,12.5,54.31014,9.089378
010515169114,Schleswig-Holstein,Dithmarschen,Tellingstedt,25782,2792,21.1,54.219944,9.2822
010515169117,Schleswig-Holstein,Dithmarschen,Tielenhemme,25794,159,12.68,54.27746,9.398414
010515169120,Schleswig-Holstein,Dithmarschen,Wallen,25788,28,1.86,54.284766,9.269563
010515169125,Schleswig-Holstein,Dithmarschen,Welmbüttel,25782,394,7.6,54.196873,9.246826
010515169131,Schleswig-Holstein,Dithmarschen,Westerborstel,25782,105,4.14,54.220127,9.260601
010515169133,Schleswig-Holstein,Dithmarschen,Wiemerstedt,25779,155,5.08,54.269259,9.11111
010515169136,Schleswig-Holstein,Dithmarschen,Wrohm,25799,747,11.45,54.212642,9.379505
010515169139,Schleswig-Holstein,Dithmarschen,Süderdorf,25782,354,16.21,54.220732,9.343678
010515169141,Schleswig-Holstein,Dithmarschen,Süderheistedt,25779,542,8.44,54.23483,9.148463
010515172048,Schleswig-Holstein,Dithmarschen,Hemmingstedt,25770,2835,16.01,54.147509,9.072111
010515172067,Schleswig-Holstein,Dithmarschen,Lieth,25770,384,4.66,54.15531,9.060773
010515172069,Schleswig-Holstein,Dithmarschen,Lohe-Rickelshof,25746,2003,5.39,54.187725,9.065603
010515172075,Schleswig-Holstein,Dithmarschen,Neuenkirchen,25792,940,25.14,54.235602,8.987884
010515172081,Schleswig-Holstein,Dithmarschen,Norderwöhrden,25746,254,18.47,54.192783,9.000232
010515172082,Schleswig-Holstein,Dithmarschen,Nordhastedt,25785,2736,26.56,54.17205,9.182991
010515172087,Schleswig-Holstein,Dithmarschen,Ostrohe,25746,876,6.66,54.214,9.130804
010515172107,Schleswig-Holstein,Dithmarschen,Stelle-Wittenwurth,25795,475,10.71,54.254357,9.066849
010515172113,Schleswig-Holstein,Dithmarschen,Wöhrden,25797,1200,21.77,54.165463,8.994508
010515172122,Schleswig-Holstein,Dithmarschen,Weddingstedt,25795,2334,17.89,54.239275,9.088863
010515172130,Schleswig-Holstein,Dithmarschen,Wesseln,25746,1372,3.76,54.208327,9.075443
010515175001,Schleswig-Holstein,Dithmarschen,Albersdorf,25767,3715,17.12,54.146557,9.283995
010515175002,Schleswig-Holstein,Dithmarschen,Arkebek,25767,220,6.92,54.160197,9.250362
010515175004,Schleswig-Holstein,Dithmarschen,Bargenstedt,25704,947,11.9,54.095594,9.144199
010515175006,Schleswig-Holstein,Dithmarschen,Barlt,25719,750,22.88,54.012444,9.058002
010515175015,Schleswig-Holstein,Dithmarschen,Bunsoh,25767,766,11.75,54.165522,9.320225
010515175017,Schleswig-Holstein,Dithmarschen,Busenwurth,25719,324,10.09,54.041407,9.041298
010515175027,Schleswig-Holstein,Dithmarschen,Elpersbüttel,25704,879,30.17,54.072963,9.047156
010515175028,Schleswig-Holstein,Dithmarschen,Epenwöhrden,25704,744,13.52,54.112805,9.052894
010515175039,Schleswig-Holstein,Dithmarschen,Gudendorf,25693,421,6.04,54.024736,9.1082
010515175054,Schleswig-Holstein,Dithmarschen,Immenstedt,25767,114,3.09,54.180686,9.299737
010515175063,Schleswig-Holstein,Dithmarschen,Krumstedt,25727,522,15.89,54.068684,9.177954
010515175074,Schleswig-Holstein,Dithmarschen,"Meldorf, Stadt",25704,7158,21.26,54.090945,9.068784
010515175078,Schleswig-Holstein,Dithmarschen,Nindorf,25704,1155,8.75,54.086722,9.114943
010515175083,Schleswig-Holstein,Dithmarschen,Odderade,25785,325,11.27,54.139384,9.190795
010515175085,Schleswig-Holstein,Dithmarschen,Offenbüttel,25767,263,13.95,54.169186,9.357994
010515175086,Schleswig-Holstein,Dithmarschen,Osterrade,25767,406,17.09,54.190212,9.353264
010515175098,Schleswig-Holstein,Dithmarschen,Sarzbüttel,25785,717,13.39,54.118843,9.184027
010515175099,Schleswig-Holstein,Dithmarschen,Schafstedt,25725,1275,18.16,54.079915,9.293675
010515175104,Schleswig-Holstein,Dithmarschen,Schrum,25782,77,5.01,54.187229,9.251667
010515175126,Schleswig-Holstein,Dithmarschen,Wennbüttel,25767,93,4.59,54.139359,9.325945
010515175134,Schleswig-Holstein,Dithmarschen,Windbergen,25729,766,17.31,54.044978,9.117779
010515175135,Schleswig-Holstein,Dithmarschen,Wolmersdorf,25704,323,6.11,54.077114,9.103978
010515175137,Schleswig-Holstein,Dithmarschen,Nordermeldorf,25704,609,34.1,54.112068,9.013736
010515175138,Schleswig-Holstein,Dithmarschen,Tensbüttel-Röst,25767,647,19.36,54.105741,9.228605
010515178013,Schleswig-Holstein,Dithmarschen,Büsum,25761,5211,8.48,54.130341,8.859577
010515178014,Schleswig-Holstein,Dithmarschen,Büsumer Deichhausen,25761,365,2.87,54.136175,8.890088
010515178033,Schleswig-Holstein,Dithmarschen,Friedrichsgabekoog,25764,51,8.62,54.157516,8.941082
010515178043,Schleswig-Holstein,Dithmarschen,Hedwigenkoog,25761,186,16.36,54.177985,8.840953
010515178045,Schleswig-Holstein,Dithmarschen,Hellschen-Heringsand-Unterschaar,25764,159,7.02,54.194536,8.872882
010515178050,Schleswig-Holstein,Dithmarschen,Hillgroven,25764,60,3.6,54.227921,8.874901
010515178079,Schleswig-Holstein,Dithmarschen,Norddeich,25764,419,6.9,54.218049,8.899964
010515178084,Schleswig-Holstein,Dithmarschen,Oesterdeichstrich,25761,213,4.64,54.158891,8.900566
010515178093,Schleswig-Holstein,Dithmarschen,Reinsbüttel,25764,403,6.83,54.179073,8.911057
010515178105,Schleswig-Holstein,Dithmarschen,Schülp,25764,393,9.27,54.241971,8.929943
010515178108,Schleswig-Holstein,Dithmarschen,Strübbel,25792,83,4.4,54.260389,8.971812
010515178109,Schleswig-Holstein,Dithmarschen,Süderdeich,25764,439,6.64,54.201711,8.91131
010515178121,Schleswig-Holstein,Dithmarschen,Warwerort,25761,218,4.58,54.141177,8.921723
010515178127,Schleswig-Holstein,Dithmarschen,"Wesselburen, Stadt",25764,3336,5.13,54.212159,8.920686
010515178128,Schleswig-Holstein,Dithmarschen,Wesselburener Deichhausen,25764,110,5.07,54.174947,8.937237
010515178129,Schleswig-Holstein,Dithmarschen,Wesselburenerkoog,25764,152,21.89,54.239438,8.876475
010515178132,Schleswig-Holstein,Dithmarschen,Westerdeichstrich,25761,770,7.5,54.162006,8.863517
010515178140,Schleswig-Holstein,Dithmarschen,Oesterwurth,25764,242,14.19,54.211016,8.991292
010530032032,Schleswig-Holstein,Herzogtum Lauenburg,"Geesthacht, Stadt",21502,33955,33.25,53.433112,10.371733
010530083083,Schleswig-Holstein,Herzogtum Lauenburg,"Lauenburg/ Elbe, Stadt",21481,11701,9.56,53.374189,10.554267
010530090090,Schleswig-Holstein,Herzogtum Lauenburg,"Mölln, Stadt",23879,19513,25.05,53.629521,10.691022
010530100100,Schleswig-Holstein,Herzogtum Lauenburg,"Ratzeburg, Stadt",23909,14952,30.29,53.699024,10.774492
010530116116,Schleswig-Holstein,Herzogtum Lauenburg,"Schwarzenbek, Stadt",21493,16923,15.45,53.502645,10.477663
010530129129,Schleswig-Holstein,Herzogtum Lauenburg,Wentorf bei Hamburg,21465,13477,6.87,53.491012,10.2519
010535308008,Schleswig-Holstein,Herzogtum Lauenburg,Behlendorf,23919,397,10.25,53.699475,10.667846
010535308009,Schleswig-Holstein,Herzogtum Lauenburg,Berkenthin,23919,2195,10.34,53.734488,10.638221
010535308011,Schleswig-Holstein,Herzogtum Lauenburg,Bliestorf,23847,628,10.35,53.768797,10.602527
010535308024,Schleswig-Holstein,Herzogtum Lauenburg,Düchelsdorf,23847,165,3.01,53.737072,10.580373
010535308034,Schleswig-Holstein,Herzogtum Lauenburg,Göldenitz,23919,253,5.06,53.722025,10.631501
010535308061,Schleswig-Holstein,Herzogtum Lauenburg,Kastorf,23847,1234,6.9,53.748875,10.570134
010535308067,Schleswig-Holstein,Herzogtum Lauenburg,Klempau,23628,603,10.07,53.762851,10.660387
010535308075,Schleswig-Holstein,Herzogtum Lauenburg,Krummesse,23628,1645,3.35,53.780123,10.641961
010535308094,Schleswig-Holstein,Herzogtum Lauenburg,Niendorf bei Berkenthin,23919,185,3.99,53.702417,10.626158
010535308103,Schleswig-Holstein,Herzogtum Lauenburg,Rondeshagen,23919,779,9.51,53.753642,10.629717
010535308120,Schleswig-Holstein,Herzogtum Lauenburg,Sierksrade,23847,432,4.0,53.736555,10.600344
010535313002,Schleswig-Holstein,Herzogtum Lauenburg,Alt-Mölln,23881,833,6.44,53.622775,10.658165
010535313005,Schleswig-Holstein,Herzogtum Lauenburg,Bälau,23881,235,6.5,53.616381,10.621739
010535313013,Schleswig-Holstein,Herzogtum Lauenburg,Borstorf,23881,303,8.64,53.613074,10.564234
010535313014,Schleswig-Holstein,Herzogtum Lauenburg,Breitenfelde,23881,2112,12.54,53.605112,10.632977
010535313037,Schleswig-Holstein,Herzogtum Lauenburg,Grambek,23883,567,12.66,53.574025,10.68068
010535313056,Schleswig-Holstein,Herzogtum Lauenburg,Hornbek,21514,197,5.89,53.5589,10.648548
010535313084,Schleswig-Holstein,Herzogtum Lauenburg,Lehmrade,23883,636,11.4,53.5947,10.752721
010535313095,Schleswig-Holstein,Herzogtum Lauenburg,Niendorf/ Stecknitz,23881,665,8.41,53.587228,10.609244
010535313113,Schleswig-Holstein,Herzogtum Lauenburg,Schretstaken,21493,495,8.47,53.586533,10.539293
010535313125,Schleswig-Holstein,Herzogtum Lauenburg,Talkau,21493,614,4.88,53.576852,10.568741
010535313134,Schleswig-Holstein,Herzogtum Lauenburg,Woltersdorf,21516,347,7.9,53.576862,10.640176
010535318010,Schleswig-Holstein,Herzogtum Lauenburg,Besenthal,23899,100,12.65,53.530139,10.743239
010535318015,Schleswig-Holstein,Herzogtum Lauenburg,Bröthen,21514,327,10.69,53.480281,10.667034
010535318020,Schleswig-Holstein,Herzogtum Lauenburg,Büchen,21514,6783,16.85,53.480926,10.616482
010535318029,Schleswig-Holstein,Herzogtum Lauenburg,Fitzen,21514,402,9.11,53.493942,10.64667
010535318035,Schleswig-Holstein,Herzogtum Lauenburg,Göttin,21514,70,5.21,53.533746,10.70343
010535318046,Schleswig-Holstein,Herzogtum Lauenburg,Gudow,23899,1763,42.25,53.555336,10.77219
010535318048,Schleswig-Holstein,Herzogtum Lauenburg,Güster,21514,1269,7.78,53.53952,10.680583
010535318064,Schleswig-Holstein,Herzogtum Lauenburg,Klein Pampau,21514,688,4.17,53.512681,10.586656
010535318080,Schleswig-Holstein,Herzogtum Lauenburg,Langenlehsten,21514,186,23.37,53.499907,10.740533
010535318092,Schleswig-Holstein,Herzogtum Lauenburg,Müssen,21516,1247,11.46,53.494346,10.562546
010535318104,Schleswig-Holstein,Herzogtum Lauenburg,Roseburg,21514,548,16.24,53.530505,10.624215
010535318115,Schleswig-Holstein,Herzogtum Lauenburg,Schulendorf,21516,486,11.38,53.47331,10.561815
010535318119,Schleswig-Holstein,Herzogtum Lauenburg,Siebeneichen,21514,292,4.68,53.510828,10.618693
010535318126,Schleswig-Holstein,Herzogtum Lauenburg,Tramm,21516,334,6.74,53.56324,10.614693
010535318132,Schleswig-Holstein,Herzogtum Lauenburg,Witzeeze,21514,952,10.46,53.452652,10.610144
010535323003,Schleswig-Holstein,Herzogtum Lauenburg,Aumühle,21521,3241,45.31,53.528598,10.313492
010535323012,Schleswig-Holstein,Herzogtum Lauenburg,Börnsen,21039,4706,9.53,53.476743,10.285588
010535323023,Schleswig-Holstein,Herzogtum Lauenburg,Dassendorf,21521,3397,12.32,53.488608,10.372665
010535323028,Schleswig-Holstein,Herzogtum Lauenburg,Escheburg,21039,4009,8.91,53.46713,10.309429
010535323050,Schleswig-Holstein,Herzogtum Lauenburg,Hamwarde,21502,889,6.67,53.452847,10.421397
010535323053,Schleswig-Holstein,Herzogtum Lauenburg,Hohenhorn,21526,517,6.93,53.475734,10.367611
010535323072,Schleswig-Holstein,Herzogtum Lauenburg,Kröppelshagen-Fahrendorf,21529,1351,10.05,53.488589,10.315197
010535323131,Schleswig-Holstein,Herzogtum Lauenburg,Wiershop,21502,218,5.15,53.442501,10.451895
010535323133,Schleswig-Holstein,Herzogtum Lauenburg,Wohltorf,21521,2525,5.97,53.517253,10.291254
010535323135,Schleswig-Holstein,Herzogtum Lauenburg,Worth,21502,172,6.07,53.467545,10.408431
010535343006,Schleswig-Holstein,Herzogtum Lauenburg,Basedow,21483,602,7.47,53.416151,10.583592
010535343019,Schleswig-Holstein,Herzogtum Lauenburg,Buchhorst,21481,157,5.19,53.384993,10.568335
010535343022,Schleswig-Holstein,Herzogtum Lauenburg,Dalldorf,21483,352,6.05,53.435521,10.610487
010535343058,Schleswig-Holstein,Herzogtum Lauenburg,Juliusburg,21483,193,6.03,53.41715,10.506484
010535343073,Schleswig-Holstein,Herzogtum Lauenburg,Krüzen,21483,336,8.24,53.401518,10.527113
010535343074,Schleswig-Holstein,Herzogtum Lauenburg,Krukow,21483,163,7.94,53.418864,10.478187
010535343082,Schleswig-Holstein,Herzogtum Lauenburg,Lanze,21483,269,9.04,53.386341,10.604387
010535343087,Schleswig-Holstein,Herzogtum Lauenburg,Lütau,21483,669,11.24,53.435861,10.545404
010535343111,Schleswig-Holstein,Herzogtum Lauenburg,Schnakenbek,21481,894,13.02,53.385426,10.50018
010535343128,Schleswig-Holstein,Herzogtum Lauenburg,Wangelau,21483,223,6.52,53.453726,10.546567
010535358001,Schleswig-Holstein,Herzogtum Lauenburg,Albsfelde,23909,76,4.18,53.679957,10.694451
010535358004,Schleswig-Holstein,Herzogtum Lauenburg,Bäk,23909,901,4.3,53.716345,10.787081
010535358016,Schleswig-Holstein,Herzogtum Lauenburg,Brunsmark,23883,154,4.29,53.617106,10.750236
010535358018,Schleswig-Holstein,Herzogtum Lauenburg,Buchholz,23911,237,2.93,53.731393,10.745377
010535358026,Schleswig-Holstein,Herzogtum Lauenburg,Einhaus,23911,429,2.53,53.714136,10.725697
010535358030,Schleswig-Holstein,Herzogtum Lauenburg,Fredeburg,23909,44,10.09,53.674253,10.72727
010535358033,Schleswig-Holstein,Herzogtum Lauenburg,Giesensdorf,23909,166,2.73,53.688273,10.713651
010535358040,Schleswig-Holstein,Herzogtum Lauenburg,Groß Disnack,23911,87,5.99,53.741974,10.69059
010535358041,Schleswig-Holstein,Herzogtum Lauenburg,Groß Grönau,23627,3761,4.9,53.801387,10.750476
010535358043,Schleswig-Holstein,Herzogtum Lauenburg,Groß Sarau,23627,1127,17.08,53.771827,10.737415
010535358051,Schleswig-Holstein,Herzogtum Lauenburg,Harmsdorf,23911,324,3.57,53.700407,10.725868
010535358054,Schleswig-Holstein,Herzogtum Lauenburg,Hollenbek,23883,474,7.21,53.592298,10.819794
010535358057,Schleswig-Holstein,Herzogtum Lauenburg,Horst,23883,269,12.05,53.638591,10.77065
010535358062,Schleswig-Holstein,Herzogtum Lauenburg,Kittlitz,23911,296,17.73,53.664141,10.918244
010535358066,Schleswig-Holstein,Herzogtum Lauenburg,Klein Zecher,23883,235,9.11,53.577268,10.873547
010535358078,Schleswig-Holstein,Herzogtum Lauenburg,Kulpin,23911,219,6.07,53.71009,10.695812
010535358088,Schleswig-Holstein,Herzogtum Lauenburg,Mechow,23909,143,4.43,53.717556,10.801815
010535358093,Schleswig-Holstein,Herzogtum Lauenburg,Mustin,23911,719,11.88,53.68453,10.886235
010535358098,Schleswig-Holstein,Herzogtum Lauenburg,Pogeez,23911,525,4.51,53.750929,10.729435
010535358102,Schleswig-Holstein,Herzogtum Lauenburg,Römnitz,23909,58,5.15,53.710121,10.768957
010535358107,Schleswig-Holstein,Herzogtum Lauenburg,Salem,23911,713,25.1,53.656405,10.827965
010535358110,Schleswig-Holstein,Herzogtum Lauenburg,Schmilau,23911,579,11.55,53.664589,10.75597
010535358117,Schleswig-Holstein,Herzogtum Lauenburg,Seedorf,23883,583,27.88,53.619223,10.866858
010535358123,Schleswig-Holstein,Herzogtum Lauenburg,Sterley,23883,931,21.39,53.620115,10.817631
010535358136,Schleswig-Holstein,Herzogtum Lauenburg,Ziethen,23911,1197,11.17,53.693695,10.809322
010535373007,Schleswig-Holstein,Herzogtum Lauenburg,Basthorst,21493,438,10.82,53.576616,10.47139
010535373017,Schleswig-Holstein,Herzogtum Lauenburg,Brunstorf,21524,780,15.84,53.491554,10.425938
010535373021,Schleswig-Holstein,Herzogtum Lauenburg,Dahmker,22946,153,2.04,53.587821,10.444516
010535373027,Schleswig-Holstein,Herzogtum Lauenburg,Elmenhorst,21493,866,12.99,53.544876,10.537551
010535373031,Schleswig-Holstein,Herzogtum Lauenburg,Fuhlenhagen,21493,376,5.74,53.572959,10.5266
010535373036,Schleswig-Holstein,Herzogtum Lauenburg,Grabau,21493,350,4.0,53.513609,10.519825
010535373042,Schleswig-Holstein,Herzogtum Lauenburg,Groß Pampau,21493,189,4.31,53.521808,10.560301
010535373045,Schleswig-Holstein,Herzogtum Lauenburg,Grove,21493,261,5.28,53.528123,10.492067
010535373047,Schleswig-Holstein,Herzogtum Lauenburg,Gülzow,21483,1327,17.07,53.442249,10.490939
010535373049,Schleswig-Holstein,Herzogtum Lauenburg,Hamfelde,22929,527,3.47,53.597194,10.44893
010535373052,Schleswig-Holstein,Herzogtum Lauenburg,Havekost,21493,200,5.91,53.539918,10.473088
010535373059,Schleswig-Holstein,Herzogtum Lauenburg,Kankelau,21514,212,4.21,53.549311,10.56832
010535373060,Schleswig-Holstein,Herzogtum Lauenburg,Kasseburg,22929,593,10.94,53.567213,10.415399
010535373070,Schleswig-Holstein,Herzogtum Lauenburg,Köthel,22929,306,1.52,53.606936,10.510002
010535373071,Schleswig-Holstein,Herzogtum Lauenburg,Kollow,21527,599,8.21,53.463155,10.458784
010535373076,Schleswig-Holstein,Herzogtum Lauenburg,Kuddewörde,22958,1703,7.35,53.587291,10.401901
010535373089,Schleswig-Holstein,Herzogtum Lauenburg,Möhnsen,21493,533,8.05,53.559974,10.469197
010535373091,Schleswig-Holstein,Herzogtum Lauenburg,Mühlenrade,21493,215,3.74,53.595838,10.48775
010535373106,Schleswig-Holstein,Herzogtum Lauenburg,Sahms,21493,469,5.94,53.525807,10.532723
010535391025,Schleswig-Holstein,Herzogtum Lauenburg,Duvensee,23898,558,12.39,53.693029,10.568351
010535391038,Schleswig-Holstein,Herzogtum Lauenburg,Grinau,23847,266,2.74,53.775447,10.549505
010535391039,Schleswig-Holstein,Herzogtum Lauenburg,Groß Boden,23847,202,2.7,53.752722,10.452871
010535391044,Schleswig-Holstein,Herzogtum Lauenburg,Groß Schenkenberg,23860,552,6.52,53.793492,10.56488
010535391068,Schleswig-Holstein,Herzogtum Lauenburg,Klinkrade,23898,651,7.4,53.716092,10.55033
010535391069,Schleswig-Holstein,Herzogtum Lauenburg,Koberg,23881,788,11.98,53.639594,10.52596
010535391077,Schleswig-Holstein,Herzogtum Lauenburg,Kühsen,23898,358,7.28,53.682661,10.615824
010535391079,Schleswig-Holstein,Herzogtum Lauenburg,Labenz,23898,926,5.75,53.708352,10.524596
010535391081,Schleswig-Holstein,Herzogtum Lauenburg,Lankau,23881,456,19.12,53.667879,10.665636
010535391085,Schleswig-Holstein,Herzogtum Lauenburg,Linau,22959,1218,9.66,53.643933,10.46755
010535391086,Schleswig-Holstein,Herzogtum Lauenburg,Lüchow,23898,308,4.61,53.690744,10.529518
010535391096,Schleswig-Holstein,Herzogtum Lauenburg,Nusse,23896,1154,6.22,53.65908,10.575979
010535391097,Schleswig-Holstein,Herzogtum Lauenburg,Panten,23896,660,13.83,53.664571,10.61977
010535391099,Schleswig-Holstein,Herzogtum Lauenburg,Poggensee,23896,364,5.44,53.640102,10.579484
010535391101,Schleswig-Holstein,Herzogtum Lauenburg,Ritzerau,23896,303,11.11,53.663003,10.567545
010535391108,Schleswig-Holstein,Herzogtum Lauenburg,Sandesneben,23898,1863,6.13,53.68797,10.496793
010535391109,Schleswig-Holstein,Herzogtum Lauenburg,Schiphorst,23847,692,8.15,53.708361,10.461627
010535391112,Schleswig-Holstein,Herzogtum Lauenburg,Schönberg,22929,1458,14.77,53.677154,10.433054
010535391114,Schleswig-Holstein,Herzogtum Lauenburg,Schürensöhlen,23847,169,2.75,53.763455,10.47204
010535391118,Schleswig-Holstein,Herzogtum Lauenburg,Siebenbäumen,23847,590,8.82,53.749557,10.525162
010535391121,Schleswig-Holstein,Herzogtum Lauenburg,Sirksfelde,23898,339,8.62,53.66533,10.509773
010535391122,Schleswig-Holstein,Herzogtum Lauenburg,Steinhorst,23847,565,16.29,53.719989,10.48343
010535391124,Schleswig-Holstein,Herzogtum Lauenburg,Stubben,23847,390,5.33,53.732928,10.43068
010535391127,Schleswig-Holstein,Herzogtum Lauenburg,Walksfelde,23896,228,3.51,53.631901,10.575101
010535391130,Schleswig-Holstein,Herzogtum Lauenburg,Wentorf (Amt Sandesneben),23898,719,4.99,53.67663,10.474911
010540033033,Schleswig-Holstein,Nordfriesland,"Friedrichstadt, Stadt",25840,2527,4.02,54.37346,9.087943
010540056056,Schleswig-Holstein,Nordfriesland,"Husum, Stadt",25813,23976,25.8,54.476434,9.051328
010540108108,Schleswig-Holstein,Nordfriesland,Reußenköge,25821,298,45.91,54.620428,8.883096
010540138138,Schleswig-Holstein,Nordfriesland,"Tönning, Stadt",25832,4775,44.43,54.31662,8.941868
010540168168,Schleswig-Holstein,Nordfriesland,Sylt,25980,14106,57.31,54.90786,8.30875
010545417035,Schleswig-Holstein,Nordfriesland,"Garding, Kirchspiel",25836,272,14.89,54.317383,8.78356
010545417036,Schleswig-Holstein,Nordfriesland,"Garding, Stadt",25836,2882,3.06,54.327962,8.778217
010545417040,Schleswig-Holstein,Nordfriesland,Grothusenkoog,25836,28,3.27,54.302739,8.759033
010545417063,Schleswig-Holstein,Nordfriesland,Katharinenheerd,25836,174,8.41,54.335199,8.828074
010545417072,Schleswig-Holstein,Nordfriesland,Kotzenbüll,25832,175,7.77,54.332136,8.905393
010545417090,Schleswig-Holstein,Nordfriesland,Norderfriedrichskoog,25870,46,5.31,54.400271,8.893583
010545417095,Schleswig-Holstein,Nordfriesland,Oldenswort,25870,1286,45.84,54.372931,8.94255
010545417100,Schleswig-Holstein,Nordfriesland,Osterhever,25836,220,18.5,54.385302,8.765219
010545417104,Schleswig-Holstein,Nordfriesland,Poppenbüll,25836,251,15.52,54.361585,8.761168
010545417113,Schleswig-Holstein,Nordfriesland,Sankt Peter-Ording,25826,3749,28.35,54.302281,8.640495
010545417134,Schleswig-Holstein,Nordfriesland,Tating,25881,954,29.49,54.325497,8.708512
010545417135,Schleswig-Holstein,Nordfriesland,Tetenbüll,25882,560,36.42,54.352013,8.828234
010545417140,Schleswig-Holstein,Nordfriesland,Tümlauer Koog,25881,104,6.2,54.348337,8.689757
010545417145,Schleswig-Holstein,Nordfriesland,Vollerwiek,25836,201,4.62,54.290681,8.794694
010545417148,Schleswig-Holstein,Nordfriesland,Welt,25836,194,8.2,54.302402,8.79406
010545417150,Schleswig-Holstein,Nordfriesland,Westerhever,25881,94,13.32,54.382315,8.67563
010545439046,Schleswig-Holstein,Nordfriesland,Hörnum (Sylt),25997,830,5.64,54.756098,8.287218
010545439061,Schleswig-Holstein,Nordfriesland,Kampen (Sylt),25999,489,8.43,54.955508,8.342294
010545439078,Schleswig-Holstein,Nordfriesland,List auf Sylt,25992,1595,18.42,55.020026,8.436183
010545439149,Schleswig-Holstein,Nordfriesland,Wenningstedt-Braderup (Sylt),25996,1398,6.16,54.931063,8.319785
010545453003,Schleswig-Holstein,Nordfriesland,Ahrenviöl,25885,518,10.11,54.531254,9.206895
010545453004,Schleswig-Holstein,Nordfriesland,Ahrenviölfeld,25885,223,7.29,54.534607,9.274084
010545453011,Schleswig-Holstein,Nordfriesland,Behrendorf,25850,577,15.29,54.565192,9.223509
010545453013,Schleswig-Holstein,Nordfriesland,Bondelum,25850,180,9.18,54.556555,9.26682
010545453041,Schleswig-Holstein,Nordfriesland,Haselund,25855,933,12.79,54.591683,9.182961
010545453057,Schleswig-Holstein,Nordfriesland,Immenstedt,25885,667,14.61,54.541449,9.162503
010545453079,Schleswig-Holstein,Nordfriesland,Löwenstedt,25864,705,19.62,54.621612,9.174887
010545453092,Schleswig-Holstein,Nordfriesland,Norstedt,25884,383,13.5,54.588429,9.129313
010545453101,Schleswig-Holstein,Nordfriesland,Oster-Ohrstedt,25885,678,11.29,54.514539,9.227445
010545453118,Schleswig-Holstein,Nordfriesland,Schwesing,25813,904,15.63,54.493899,9.134622
010545453123,Schleswig-Holstein,Nordfriesland,Sollwitt,25884,294,10.95,54.594606,9.228482
010545453144,Schleswig-Holstein,Nordfriesland,Viöl,25884,2370,18.96,54.568875,9.180557
010545453152,Schleswig-Holstein,Nordfriesland,Wester-Ohrstedt,25885,1085,18.54,54.507226,9.190063
010545459039,Schleswig-Holstein,Nordfriesland,Gröde,25869,6,2.52,54.631686,8.717443
010545459050,Schleswig-Holstein,Nordfriesland,Hallig Hooge,25859,93,5.78,54.566389,8.550938
010545459074,Schleswig-Holstein,Nordfriesland,Langeneß,25863,114,11.57,54.637917,8.594129
010545459103,Schleswig-Holstein,Nordfriesland,Pellworm,25849,1156,37.45,54.518632,8.686238
010545488005,Schleswig-Holstein,Nordfriesland,Alkersum,25938,407,9.07,54.708245,8.511244
010545488015,Schleswig-Holstein,Nordfriesland,Borgsum,25938,316,5.51,54.699989,8.460009
010545488025,Schleswig-Holstein,Nordfriesland,Dunsum,25938,76,2.72,54.730715,8.414572
010545488083,Schleswig-Holstein,Nordfriesland,Midlum,25938,464,8.5,54.714878,8.518625
010545488085,Schleswig-Holstein,Nordfriesland,Nebel,25946,883,11.95,54.650612,8.353658
010545488087,Schleswig-Holstein,Nordfriesland,Nieblum,25938,553,7.86,54.691947,8.489439
010545488089,Schleswig-Holstein,Nordfriesland,Norddorf auf Amrum,25946,546,5.89,54.679638,8.332935
010545488094,Schleswig-Holstein,Nordfriesland,Oevenum,25938,450,10.87,54.710109,8.530541
010545488098,Schleswig-Holstein,Nordfriesland,Oldsum,25938,553,13.31,54.732075,8.447735
010545488129,Schleswig-Holstein,Nordfriesland,Süderende,25938,186,2.59,54.725601,8.439339
010545488143,Schleswig-Holstein,Nordfriesland,Utersum,25938,416,5.26,54.714455,8.407243
010545488158,Schleswig-Holstein,Nordfriesland,Witsum,25938,43,1.59,54.698516,8.44106
010545488160,Schleswig-Holstein,Nordfriesland,Wittdün auf Amrum,25946,739,2.61,54.626534,8.392971
010545488163,Schleswig-Holstein,Nordfriesland,Wrixum,25938,583,7.56,54.699012,8.549002
010545488164,Schleswig-Holstein,Nordfriesland,"Wyk auf Föhr, Stadt",25938,4109,8.08,54.691093,8.567212
010545489001,Schleswig-Holstein,Nordfriesland,Achtrup,25917,1532,29.9,54.788981,9.028319
010545489009,Schleswig-Holstein,Nordfriesland,Aventoft,25927,404,14.47,54.901249,8.822142
010545489016,Schleswig-Holstein,Nordfriesland,Bosbüll,25899,265,6.33,54.822786,8.860437
010545489017,Schleswig-Holstein,Nordfriesland,Braderup,25923,688,13.35,54.835624,8.890308
010545489018,Schleswig-Holstein,Nordfriesland,Bramstedtlund,25926,225,13.85,54.840025,9.08724
010545489022,Schleswig-Holstein,Nordfriesland,Dagebüll,25899,949,36.92,54.730209,8.706381
010545489027,Schleswig-Holstein,Nordfriesland,Ellhöft,25923,104,7.82,54.888824,8.957598
010545489034,Schleswig-Holstein,Nordfriesland,Friedrich-Wilhelm-Lübke-Koog,25924,162,13.49,54.862372,8.631939
010545489048,Schleswig-Holstein,Nordfriesland,Holm,25923,93,4.0,54.831367,8.860525
010545489055,Schleswig-Holstein,Nordfriesland,Humptrup,25923,756,16.99,54.863199,8.864538
010545489062,Schleswig-Holstein,Nordfriesland,Karlum,25926,197,14.46,54.828646,8.975269
010545489065,Schleswig-Holstein,Nordfriesland,Klanxbüll,25924,1035,10.63,54.864348,8.679546
010545489068,Schleswig-Holstein,Nordfriesland,Klixbüll,25899,1046,17.44,54.805242,8.882448
010545489073,Schleswig-Holstein,Nordfriesland,Ladelund,25926,1425,24.09,54.84075,9.025311
010545489076,Schleswig-Holstein,Nordfriesland,Leck,25917,7918,29.79,54.771914,8.974572
010545489077,Schleswig-Holstein,Nordfriesland,Lexgaard,25923,65,5.24,54.832022,8.943493
010545489086,Schleswig-Holstein,Nordfriesland,Neukirchen,25927,1117,31.58,54.868905,8.73388
010545489088,Schleswig-Holstein,Nordfriesland,"Niebüll, Stadt",25899,10122,30.63,54.788141,8.829499
010545489109,Schleswig-Holstein,Nordfriesland,Risum-Lindholm,25920,3895,36.03,54.761513,8.875515
010545489110,Schleswig-Holstein,Nordfriesland,Rodenäs,25924,397,19.84,54.888387,8.70031
010545489124,Schleswig-Holstein,Nordfriesland,Sprakebüll,25917,293,11.37,54.775904,9.077168
010545489125,Schleswig-Holstein,Nordfriesland,Stadum,25917,919,19.74,54.736011,9.050473
010545489126,Schleswig-Holstein,Nordfriesland,Stedesand,25920,870,15.19,54.738139,8.925525
010545489131,Schleswig-Holstein,Nordfriesland,Süderlügum,25923,2280,26.59,54.872427,8.907944
010545489136,Schleswig-Holstein,Nordfriesland,Tinningstedt,25917,229,8.91,54.811247,8.929787
010545489142,Schleswig-Holstein,Nordfriesland,Uphusum,25923,330,7.06,54.841901,8.849901
010545489154,Schleswig-Holstein,Nordfriesland,Westre,25926,353,19.14,54.856605,8.987549
010545489165,Schleswig-Holstein,Nordfriesland,Galmsbüll,25899,555,49.05,54.775694,8.732055
010545489166,Schleswig-Holstein,Nordfriesland,Emmelsbüll-Horsbüll,25924,909,35.73,54.811403,8.692601
010545489167,Schleswig-Holstein,Nordfriesland,Enge-Sande,25917,1194,24.82,54.726675,8.98049
010545492007,Schleswig-Holstein,Nordfriesland,Arlewatt,25860,342,5.57,54.539223,9.083426
010545492023,Schleswig-Holstein,Nordfriesland,Drage,25878,675,16.33,54.354509,9.160731
010545492026,Schleswig-Holstein,Nordfriesland,Elisabeth-Sophien-Koog,25845,56,5.18,54.510068,8.879592
010545492032,Schleswig-Holstein,Nordfriesland,Fresendelf,25876,85,2.6,54.39338,9.248765
010545492042,Schleswig-Holstein,Nordfriesland,Hattstedt,25856,2646,7.01,54.528049,9.02454
010545492043,Schleswig-Holstein,Nordfriesland,Hattstedtermarsch,25856,273,35.29,54.554793,8.964562
010545492052,Schleswig-Holstein,Nordfriesland,Horstedt,25860,762,11.7,54.525582,9.069038
010545492054,Schleswig-Holstein,Nordfriesland,Hude,25876,175,3.54,54.387212,9.215821
010545492070,Schleswig-Holstein,Nordfriesland,Koldenbüttel,25840,914,25.8,54.384849,9.065906
010545492084,Schleswig-Holstein,Nordfriesland,Mildstedt,25866,3981,8.71,54.463492,9.094038
010545492091,Schleswig-Holstein,Nordfriesland,Nordstrand,25845,2303,57.26,54.484823,8.860249
010545492096,Schleswig-Holstein,Nordfriesland,Oldersbek,25873,773,10.82,54.446436,9.166728
010545492097,Schleswig-Holstein,Nordfriesland,Olderup,25860,483,9.94,54.538167,9.112117
010545492099,Schleswig-Holstein,Nordfriesland,Ostenfeld (Husum),25872,1593,27.67,54.462866,9.230675
010545492105,Schleswig-Holstein,Nordfriesland,Ramstedt,25876,430,5.42,54.399905,9.167101
010545492106,Schleswig-Holstein,Nordfriesland,Rantrum,25873,1971,13.69,54.44052,9.129606
010545492116,Schleswig-Holstein,Nordfriesland,Schwabstedt,25876,1339,19.64,54.395651,9.185238
010545492119,Schleswig-Holstein,Nordfriesland,Seeth,25878,2412,13.76,54.365824,9.163079
010545492120,Schleswig-Holstein,Nordfriesland,Simonsberg,25813,815,17.48,54.436567,8.97196
010545492130,Schleswig-Holstein,Nordfriesland,Süderhöft,25876,22,2.6,54.381912,9.2423
010545492132,Schleswig-Holstein,Nordfriesland,Südermarsch,25813,155,30.23,54.425929,9.08199
010545492141,Schleswig-Holstein,Nordfriesland,Uelvesbüll,25889,280,10.23,54.415443,8.935322
010545492156,Schleswig-Holstein,Nordfriesland,Winnert,25887,732,18.88,54.433243,9.201381
010545492157,Schleswig-Holstein,Nordfriesland,Wisch,25876,103,3.05,54.408531,9.154149
010545492159,Schleswig-Holstein,Nordfriesland,Wittbek,25872,790,19.91,54.473433,9.204139
010545492161,Schleswig-Holstein,Nordfriesland,Witzwort,25889,1065,28.14,54.399484,8.984464
010545492162,Schleswig-Holstein,Nordfriesland,Wobbenbüll,25856,478,1.69,54.530418,8.992516
010545494002,Schleswig-Holstein,Nordfriesland,Ahrenshöft,25853,566,8.79,54.559394,9.068097
010545494006,Schleswig-Holstein,Nordfriesland,Almdorf,25821,556,5.7,54.581075,9.015622
010545494010,Schleswig-Holstein,Nordfriesland,Bargum,25842,670,17.29,54.704209,8.947267
010545494012,Schleswig-Holstein,Nordfriesland,Bohmstedt,25853,819,13.35,54.581229,9.043841
010545494014,Schleswig-Holstein,Nordfriesland,Bordelum,25852,2023,34.71,54.635913,8.924922
010545494019,Schleswig-Holstein,Nordfriesland,"Bredstedt, Stadt",25821,5722,9.75,54.618658,8.963468
010545494020,Schleswig-Holstein,Nordfriesland,Breklum,25821,2362,10.07,54.605121,8.982127
010545494024,Schleswig-Holstein,Nordfriesland,Drelsdorf,25853,1280,17.7,54.60599,9.041284
010545494037,Schleswig-Holstein,Nordfriesland,Goldebek,25862,381,10.18,54.678836,9.145818
010545494038,Schleswig-Holstein,Nordfriesland,Goldelund,25862,427,12.02,54.678411,9.107425
010545494045,Schleswig-Holstein,Nordfriesland,Högel,25858,502,16.28,54.643538,9.056667
010545494059,Schleswig-Holstein,Nordfriesland,Joldelund,25862,820,19.12,54.652937,9.139662
010545494071,Schleswig-Holstein,Nordfriesland,Kolkerheide,25862,58,2.1,54.620407,9.130775
010545494075,Schleswig-Holstein,Nordfriesland,Langenhorn,25842,3341,47.4,54.681709,8.933726
010545494080,Schleswig-Holstein,Nordfriesland,Lütjenholm,25842,338,10.71,54.684136,9.021561
010545494093,Schleswig-Holstein,Nordfriesland,Ockholm,25842,337,18.64,54.665128,8.827553
010545494121,Schleswig-Holstein,Nordfriesland,Sönnebüll,25821,313,4.29,54.63119,8.995888
010545494128,Schleswig-Holstein,Nordfriesland,Struckum,25821,1071,8.92,54.584711,8.996888
010545494146,Schleswig-Holstein,Nordfriesland,Vollstedt,25821,188,6.18,54.623717,9.032722
010550001001,Schleswig-Holstein,Ostholstein,Ahrensbök,23623,8012,95.37,54.011094,10.573059
010550004004,Schleswig-Holstein,Ostholstein,"Bad Schwartau, Stadt",23611,19918,18.39,53.920431,10.695909
010550007007,Schleswig-Holstein,Ostholstein,Bosau,23715,3443,64.25,54.104439,10.429901
010550010010,Schleswig-Holstein,Ostholstein,Dahme,23747,1214,9.11,54.223661,11.08163
010550012012,Schleswig-Holstein,Ostholstein,"Eutin, Stadt",23701,17177,41.38,54.138933,10.614962
010550016016,Schleswig-Holstein,Ostholstein,Grömitz,23743,6856,51.09,54.149015,10.961258
010550018018,Schleswig-Holstein,Ostholstein,Grube,23749,1092,20.21,54.23209,11.03599
010550021021,Schleswig-Holstein,Ostholstein,"Heiligenhafen, Stadt",23774,9501,18.32,54.373048,10.974623
010550025025,Schleswig-Holstein,Ostholstein,Kellenhusen (Ostsee),23746,1234,8.17,54.190749,11.060024
010550028028,Schleswig-Holstein,Ostholstein,Malente,23714,10842,69.07,54.171225,10.554871
010550032032,Schleswig-Holstein,Ostholstein,"Neustadt in Holstein, Stadt",23730,15962,19.73,54.107322,10.818579
010550033033,Schleswig-Holstein,Ostholstein,"Oldenburg in Holstein, Stadt",23758,9724,39.69,54.293241,10.88815
010550035035,Schleswig-Holstein,Ostholstein,Ratekau,23626,15484,59.62,53.947822,10.735075
010550040040,Schleswig-Holstein,Ostholstein,Stockelsdorf,23617,16309,56.7,53.889315,10.649799
010550041041,Schleswig-Holstein,Ostholstein,Süsel,23701,4971,75.29,54.076679,10.717998
010550042042,Schleswig-Holstein,Ostholstein,Timmendorfer Strand,23669,8276,20.13,53.99638,10.770247
010550044044,Schleswig-Holstein,Ostholstein,Scharbeutz,23683,11668,52.54,54.022793,10.750232
010550046046,Schleswig-Holstein,Ostholstein,"Fehmarn, Stadt",23769,13226,185.5,54.4387,11.197614
010555543014,Schleswig-Holstein,Ostholstein,Göhl,23758,1090,21.24,54.284726,10.941851
010555543015,Schleswig-Holstein,Ostholstein,Gremersdorf,23758,1594,45.76,54.332831,10.927673
010555543017,Schleswig-Holstein,Ostholstein,Großenbrode,23775,2167,20.99,54.369696,11.08427
010555543022,Schleswig-Holstein,Ostholstein,Heringsdorf,23777,1162,29.55,54.300432,11.003697
010555543031,Schleswig-Holstein,Ostholstein,Neukirchen,23779,1153,28.6,54.323811,11.015153
010555543043,Schleswig-Holstein,Ostholstein,Wangels,23758,2212,67.12,54.271569,10.763598
010555546006,Schleswig-Holstein,Ostholstein,Beschendorf,23738,561,8.54,54.182743,10.873043
010555546011,Schleswig-Holstein,Ostholstein,Damlos,23738,627,9.24,54.243016,10.907708
010555546020,Schleswig-Holstein,Ostholstein,Harmsdorf,23738,684,17.82,54.243787,10.828509
010555546023,Schleswig-Holstein,Ostholstein,Kabelhorst,23738,403,5.79,54.215844,10.921118
010555546027,Schleswig-Holstein,Ostholstein,Lensahn,23738,4979,27.7,54.217545,10.883304
010555546029,Schleswig-Holstein,Ostholstein,Manhagen,23738,372,9.63,54.194999,10.913686
010555546036,Schleswig-Holstein,Ostholstein,Riepsdorf,23738,936,25.81,54.22536,10.969732
010555591002,Schleswig-Holstein,Ostholstein,Altenkrempe,23730,1078,36.64,54.13298,10.825665
010555591024,Schleswig-Holstein,Ostholstein,Kasseedorf,23717,1363,33.92,54.164947,10.72002
010555591037,Schleswig-Holstein,Ostholstein,Schashagen,23730,1973,41.46,54.134271,10.883528
010555591038,Schleswig-Holstein,Ostholstein,Schönwalde am Bungsberg,23744,2498,39.12,54.187361,10.753453
010555591039,Schleswig-Holstein,Ostholstein,Sierksdorf,23730,1461,19.5,54.066261,10.768366
010560002002,Schleswig-Holstein,Pinneberg,"Barmstedt, Stadt",25355,10402,17.17,53.790385,9.768595
010560005005,Schleswig-Holstein,Pinneberg,Bönningstedt,25474,4566,12.05,53.662295,9.906267
010560015015,Schleswig-Holstein,Pinneberg,"Elmshorn, Stadt",25335,51375,21.36,53.754958,9.655259
010560018018,Schleswig-Holstein,Pinneberg,Halstenbek,25469,18168,12.58,53.633617,9.837557
010560021021,Schleswig-Holstein,Pinneberg,Hasloh,25474,3989,11.07,53.694023,9.91173
010560025025,Schleswig-Holstein,Pinneberg,Helgoland,27498,1297,4.21,54.181561,7.887147
010560039039,Schleswig-Holstein,Pinneberg,"Pinneberg, Stadt",25421,44941,21.54,53.661209,9.796428
010560041041,Schleswig-Holstein,Pinneberg,"Quickborn, Stadt",25451,22662,43.16,53.728836,9.898034
010560043043,Schleswig-Holstein,Pinneberg,Rellingen,25462,15135,13.18,53.652131,9.829654
010560044044,Schleswig-Holstein,Pinneberg,"Schenefeld, Stadt",22869,19875,9.99,53.600982,9.822462
010560048048,Schleswig-Holstein,Pinneberg,"Tornesch, Stadt",25436,14608,20.61,53.697658,9.711965
010560049049,Schleswig-Holstein,Pinneberg,"Uetersen, Stadt",25436,18936,11.43,53.684196,9.662396
010560050050,Schleswig-Holstein,Pinneberg,"Wedel, Stadt",22880,34939,33.81,53.583806,9.697314
010565616029,Schleswig-Holstein,Pinneberg,Klein Nordende,25336,3362,10.79,53.725317,9.655072
010565616030,Schleswig-Holstein,Pinneberg,Klein Offenseth-Sparrieshoop,25365,3053,16.92,53.784835,9.683944
010565616031,Schleswig-Holstein,Pinneberg,Kölln-Reisiek,25337,3400,6.77,53.757477,9.697647
010565616033,Schleswig-Holstein,Pinneberg,Seester,25370,1044,11.57,53.717709,9.598071
010565616042,Schleswig-Holstein,Pinneberg,Raa-Besenbek,25335,582,12.99,53.747963,9.597611
010565616045,Schleswig-Holstein,Pinneberg,Seestermühe,25371,968,23.36,53.704049,9.56628
010565616046,Schleswig-Holstein,Pinneberg,Seeth-Ekholt,25337,1019,6.89,53.742874,9.732775
010565636006,Schleswig-Holstein,Pinneberg,Bokel,25364,558,16.02,53.864194,9.733886
010565636010,Schleswig-Holstein,Pinneberg,Brande-Hörnerkirchen,25364,1779,13.14,53.855084,9.705145
010565636038,Schleswig-Holstein,Pinneberg,Osterhorn,25364,405,6.38,53.868679,9.698588
010565636051,Schleswig-Holstein,Pinneberg,Westerhorn,25364,1307,9.37,53.857844,9.681996
010565660003,Schleswig-Holstein,Pinneberg,Bevern,25355,622,8.04,53.755719,9.771042
010565660004,Schleswig-Holstein,Pinneberg,Bilsen,25485,820,6.2,53.769901,9.87625
010565660008,Schleswig-Holstein,Pinneberg,Bokholt-Hanredder,25335,1338,8.56,53.787955,9.735213
010565660011,Schleswig-Holstein,Pinneberg,Bullenkuhlen,25355,395,3.93,53.768586,9.751552
010565660014,Schleswig-Holstein,Pinneberg,Ellerhoop,25373,1536,10.79,53.727623,9.770845
010565660017,Schleswig-Holstein,Pinneberg,Groß Offenseth-Aspern,25355,495,10.56,53.817783,9.73009
010565660022,Schleswig-Holstein,Pinneberg,Heede,25355,837,15.48,53.783499,9.802298
010565660026,Schleswig-Holstein,Pinneberg,Hemdingen,25485,1794,16.41,53.762926,9.836865
010565660034,Schleswig-Holstein,Pinneberg,Langeln,25485,601,10.28,53.795088,9.85372
010565660035,Schleswig-Holstein,Pinneberg,Lutzhorn,25355,819,21.72,53.825517,9.776787
010565687009,Schleswig-Holstein,Pinneberg,Borstel-Hohenraden,25494,2441,14.88,53.697872,9.824303
010565687013,Schleswig-Holstein,Pinneberg,Ellerbek,25474,4402,9.11,53.657209,9.869621
010565687032,Schleswig-Holstein,Pinneberg,Kummerfeld,25495,2467,6.5,53.691612,9.791036
010565687040,Schleswig-Holstein,Pinneberg,Prisdorf,25497,2289,5.23,53.678151,9.761607
010565687047,Schleswig-Holstein,Pinneberg,Tangstedt,25499,2274,12.52,53.679272,9.850154
010565690001,Schleswig-Holstein,Pinneberg,Appen,25482,4823,20.3,53.659806,9.742691
010565690016,Schleswig-Holstein,Pinneberg,Groß Nordende,25436,804,5.64,53.70207,9.649515
010565690019,Schleswig-Holstein,Pinneberg,Haselau,25489,1127,18.89,53.660647,9.623636
010565690020,Schleswig-Holstein,Pinneberg,Haseldorf,25489,1821,18.08,53.635207,9.598383
010565690023,Schleswig-Holstein,Pinneberg,Heidgraben,25436,2894,5.38,53.705801,9.685133
010565690024,Schleswig-Holstein,Pinneberg,Heist,25492,3016,9.96,53.654819,9.656576
010565690027,Schleswig-Holstein,Pinneberg,Hetlingen,25491,1451,24.1,53.607678,9.63544
010565690028,Schleswig-Holstein,Pinneberg,Holm,25488,3291,16.05,53.622062,9.671854
010565690036,Schleswig-Holstein,Pinneberg,Moorrege,25436,4633,10.76,53.668054,9.659074
010565690037,Schleswig-Holstein,Pinneberg,Neuendeich,25436,498,8.54,53.676281,9.600258
010570001001,Schleswig-Holstein,Plön,Ascheberg (Holstein),24326,3236,20.94,54.151075,10.341108
010570009009,Schleswig-Holstein,Plön,Bösdorf,24306,1255,21.09,54.14153,10.490762
010570057057,Schleswig-Holstein,Plön,"Plön, Stadt",24306,8851,35.98,54.158288,10.416369
010570062062,Schleswig-Holstein,Plön,"Preetz, Stadt",24211,16464,14.4,54.231866,10.280512
010570091091,Schleswig-Holstein,Plön,"Schwentinental, Stadt",24223,14037,17.81,54.282411,10.238223
010575727004,Schleswig-Holstein,Plön,Behrensdorf (Ostsee),24321,633,20.91,54.346515,10.603736
010575727007,Schleswig-Holstein,Plön,Blekendorf,24327,1641,38.35,54.276459,10.650894
010575727013,Schleswig-Holstein,Plön,Dannau,24329,578,9.12,54.240905,10.541132
010575727021,Schleswig-Holstein,Plön,Giekau,24321,958,32.81,54.317441,10.506159
010575727026,Schleswig-Holstein,Plön,Helmstorf,24321,310,12.73,54.286644,10.593478
010575727027,Schleswig-Holstein,Plön,Högsdorf,24327,403,10.93,54.251994,10.615055
010575727029,Schleswig-Holstein,Plön,Hohenfelde,24257,1051,10.54,54.370898,10.496402
010575727030,Schleswig-Holstein,Plön,Hohwacht (Ostsee),24321,792,8.75,54.317936,10.676409
010575727034,Schleswig-Holstein,Plön,Kirchnüchel,23714,193,10.09,54.20411,10.680134
010575727035,Schleswig-Holstein,Plön,Klamp,24321,616,9.72,54.296417,10.534124
010575727038,Schleswig-Holstein,Plön,Kletkamp,24327,110,11.52,54.249088,10.638094
010575727048,Schleswig-Holstein,Plön,"Lütjenburg, Stadt",24321,5396,6.15,54.292744,10.589926
010575727055,Schleswig-Holstein,Plön,Panker,24321,1452,22.8,54.33034,10.573095
010575727076,Schleswig-Holstein,Plön,Schwartbuck,24257,805,13.15,54.358264,10.478063
010575727082,Schleswig-Holstein,Plön,Tröndel,24321,368,7.58,54.335207,10.525459
010575739015,Schleswig-Holstein,Plön,Dersau,24326,981,7.5,54.118055,10.33594
010575739017,Schleswig-Holstein,Plön,Dörnick,24326,247,4.3,54.163392,10.360375
010575739022,Schleswig-Holstein,Plön,Grebin,24329,960,24.14,54.195932,10.494272
010575739032,Schleswig-Holstein,Plön,Kalübbe,24326,568,11.8,54.118146,10.283107
010575739045,Schleswig-Holstein,Plön,Lebrade,24306,545,18.59,54.216652,10.422164
010575739053,Schleswig-Holstein,Plön,Nehmten,24326,301,22.03,54.094848,10.393262
010575739065,Schleswig-Holstein,Plön,Rantzau,24329,323,16.91,54.253869,10.507361
010575739067,Schleswig-Holstein,Plön,Rathjensdorf,24306,449,12.58,54.185702,10.427748
010575739089,Schleswig-Holstein,Plön,Wittmoldt,24306,167,5.71,54.174882,10.349133
010575747002,Schleswig-Holstein,Plön,Barmissen,24245,161,5.15,54.204995,10.175384
010575747010,Schleswig-Holstein,Plön,Boksee,24220,460,5.52,54.242982,10.127708
010575747011,Schleswig-Holstein,Plön,Bothkamp,24250,252,13.88,54.203356,10.134422
010575747023,Schleswig-Holstein,Plön,Großbarkau,24245,252,2.93,54.225363,10.169008
010575747031,Schleswig-Holstein,Plön,Honigsee,24211,434,11.27,54.228283,10.187224
010575747033,Schleswig-Holstein,Plön,Kirchbarkau,24245,820,2.16,54.211515,10.142365
010575747037,Schleswig-Holstein,Plön,Klein Barkau,24245,267,4.19,54.222719,10.135269
010575747042,Schleswig-Holstein,Plön,Kühren,24211,562,16.81,54.198376,10.258367
010575747046,Schleswig-Holstein,Plön,Lehmkuhlen,24211,1247,31.38,54.225915,10.361157
010575747047,Schleswig-Holstein,Plön,Löptin,24250,284,9.07,54.175217,10.215744
010575747054,Schleswig-Holstein,Plön,Nettelsee,24250,451,6.47,54.174112,10.189086
010575747058,Schleswig-Holstein,Plön,Pohnsdorf,24211,398,24.62,54.239647,10.249321
010575747059,Schleswig-Holstein,Plön,Postfeld,24211,423,8.33,54.211309,10.21641
010575747066,Schleswig-Holstein,Plön,Rastorf,24211,774,20.01,54.272603,10.289064
010575747070,Schleswig-Holstein,Plön,Schellhorn,24211,1498,10.45,54.227597,10.299476
010575747084,Schleswig-Holstein,Plön,Wahlstorf,24211,429,14.83,54.178083,10.294716
010575747086,Schleswig-Holstein,Plön,Warnau,24250,383,3.98,54.18792,10.160154
010575755003,Schleswig-Holstein,Plön,Barsbek,24217,577,8.73,54.404132,10.320134
010575755006,Schleswig-Holstein,Plön,Bendfeld,24217,208,4.41,54.364157,10.419437
010575755012,Schleswig-Holstein,Plön,Brodersdorf,24235,425,3.63,54.385481,10.249254
010575755018,Schleswig-Holstein,Plön,Fahren,24253,123,3.6,54.349552,10.33813
010575755020,Schleswig-Holstein,Plön,Fiefbergen,24217,511,5.8,54.379311,10.34277
010575755028,Schleswig-Holstein,Plön,Höhndorf,24217,467,5.63,54.372619,10.370674
010575755039,Schleswig-Holstein,Plön,Köhn,24257,735,13.15,54.34444,10.455111
010575755040,Schleswig-Holstein,Plön,Krokau,24217,398,4.45,54.402446,10.341593
010575755041,Schleswig-Holstein,Plön,Krummbek,24217,383,5.48,54.37814,10.400709
010575755043,Schleswig-Holstein,Plön,Laboe,24235,5605,5.23,54.404031,10.224323
010575755049,Schleswig-Holstein,Plön,Lutterbek,24235,302,3.23,54.391952,10.276816
010575755056,Schleswig-Holstein,Plön,Passade,24253,357,4.32,54.366581,10.316786
010575755060,Schleswig-Holstein,Plön,Prasdorf,24253,458,4.77,54.378679,10.296264
010575755063,Schleswig-Holstein,Plön,Probsteierhagen,24253,2489,14.95,54.362604,10.288376
010575755073,Schleswig-Holstein,Plön,Schönberg (Holstein),24217,6159,11.63,54.39239,10.372476
010575755078,Schleswig-Holstein,Plön,Stakendorf,24217,488,7.97,54.388445,10.422791
010575755079,Schleswig-Holstein,Plön,Stein,24235,871,3.81,54.414659,10.268846
010575755081,Schleswig-Holstein,Plön,Stoltenberg,24256,340,7.78,54.344759,10.346508
010575755087,Schleswig-Holstein,Plön,Wendtorf,24235,957,5.11,54.409817,10.292376
010575755088,Schleswig-Holstein,Plön,Wisch,24217,640,9.18,54.411023,10.344122
010575775016,Schleswig-Holstein,Plön,Dobersdorf,24232,1094,21.91,54.31849,10.281513
010575775044,Schleswig-Holstein,Plön,Lammershagen,24238,240,26.04,54.274509,10.443923
010575775050,Schleswig-Holstein,Plön,Martensrade,24238,935,19.54,54.279612,10.392528
010575775052,Schleswig-Holstein,Plön,Mucheln,24238,586,14.28,54.246421,10.442687
010575775072,Schleswig-Holstein,Plön,Schlesen,24256,555,8.0,54.321544,10.328605
010575775077,Schleswig-Holstein,Plön,Selent,24238,1731,4.26,54.290473,10.425868
010575775090,Schleswig-Holstein,Plön,Fargau-Pratjau,24256,745,23.53,54.318981,10.379022
010575782025,Schleswig-Holstein,Plön,Heikendorf,24226,8295,14.72,54.371303,10.207126
010575782051,Schleswig-Holstein,Plön,Mönkeberg,24248,4025,2.78,54.348118,10.187105
010575782074,Schleswig-Holstein,Plön,Schönkirchen,24232,6774,15.96,54.336531,10.223696
010575785005,Schleswig-Holstein,Plön,Belau,24601,373,14.89,54.097544,10.259724
010575785008,Schleswig-Holstein,Plön,Bönebüttel,24620,2083,20.4,54.079505,10.0593
010575785024,Schleswig-Holstein,Plön,Großharrie,24625,505,13.17,54.119087,10.049861
010575785068,Schleswig-Holstein,Plön,Rendswühren,24619,725,19.75,54.074276,10.17974
010575785069,Schleswig-Holstein,Plön,Ruhwinkel,24601,942,13.13,54.094216,10.221823
010575785071,Schleswig-Holstein,Plön,Schillsdorf,24637,853,26.73,54.116231,10.123873
010575785080,Schleswig-Holstein,Plön,Stolpe,24601,1302,23.21,54.128911,10.222608
010575785083,Schleswig-Holstein,Plön,Tasdorf,24536,362,5.1,54.09572,10.031477
010575785085,Schleswig-Holstein,Plön,Wankendorf,24601,2915,13.34,54.112811,10.208038
010580005005,Schleswig-Holstein,Rendsburg-Eckernförde,Altenholz,24161,9781,19.04,54.402998,10.120656
010580034034,Schleswig-Holstein,Rendsburg-Eckernförde,"Büdelsdorf, Stadt",24782,10371,6.48,54.315687,9.677817
010580043043,Schleswig-Holstein,Rendsburg-Eckernförde,"Eckernförde, Stadt",24340,21599,21.58,54.472791,9.837037
010580092092,Schleswig-Holstein,Rendsburg-Eckernförde,Kronshagen,24119,12195,5.34,54.332063,10.078987
010580135135,Schleswig-Holstein,Rendsburg-Eckernförde,"Rendsburg, Stadt",24768,30305,23.75,54.306495,9.663206
010580169169,Schleswig-Holstein,Rendsburg-Eckernförde,Wasbek,24647,2502,23.49,54.07142,9.895541
010585803001,Schleswig-Holstein,Rendsburg-Eckernförde,Achterwehr,24239,1037,15.66,54.313379,9.96576
010585803028,Schleswig-Holstein,Rendsburg-Eckernförde,Bredenbek,24796,1540,12.43,54.324946,9.871054
010585803050,Schleswig-Holstein,Rendsburg-Eckernförde,Felde,24242,2079,13.88,54.301994,9.935699
010585803093,Schleswig-Holstein,Rendsburg-Eckernförde,Krummwisch,24796,722,13.91,54.335159,9.897593
010585803104,Schleswig-Holstein,Rendsburg-Eckernförde,Melsdorf,24109,2071,5.89,54.317289,10.029817
010585803126,Schleswig-Holstein,Rendsburg-Eckernförde,Ottendorf,24107,966,3.55,54.340275,10.044532
010585803130,Schleswig-Holstein,Rendsburg-Eckernförde,Quarnbek,24107,1721,16.18,54.330012,9.983912
010585803171,Schleswig-Holstein,Rendsburg-Eckernförde,Westensee,24259,1500,36.92,54.274997,9.897116
010585822037,Schleswig-Holstein,Rendsburg-Eckernförde,Dänischenhagen,24229,3660,15.71,54.426044,10.129567
010585822116,Schleswig-Holstein,Rendsburg-Eckernförde,Noer,24214,834,13.89,54.461334,10.005045
010585822150,Schleswig-Holstein,Rendsburg-Eckernförde,Schwedeneck,24229,2860,28.55,54.471569,10.072961
010585822157,Schleswig-Holstein,Rendsburg-Eckernförde,Strande,24229,1421,13.73,54.440909,10.170979
010585824051,Schleswig-Holstein,Rendsburg-Eckernförde,Felm,24244,1261,15.33,54.409603,10.061496
010585824058,Schleswig-Holstein,Rendsburg-Eckernförde,Gettorf,24214,7451,9.35,54.407632,9.973495
010585824096,Schleswig-Holstein,Rendsburg-Eckernförde,Lindau,24214,1402,25.18,54.385276,9.904545
010585824110,Schleswig-Holstein,Rendsburg-Eckernförde,Neudorf-Bornstein,24214,1106,14.17,54.435719,9.942553
010585824112,Schleswig-Holstein,Rendsburg-Eckernförde,Neuwittenbek,24214,1220,13.12,54.367896,10.028294
010585824121,Schleswig-Holstein,Rendsburg-Eckernförde,Osdorf,24251,2604,19.87,54.427956,10.015654
010585824142,Schleswig-Holstein,Rendsburg-Eckernförde,Schinkel,24214,1060,10.21,54.355838,9.954902
010585824165,Schleswig-Holstein,Rendsburg-Eckernförde,Tüttendorf,24214,1302,17.74,54.392146,9.993457
010585833003,Schleswig-Holstein,Rendsburg-Eckernförde,Alt Duvenstedt,24791,1900,20.42,54.359629,9.645213
010585833054,Schleswig-Holstein,Rendsburg-Eckernförde,Fockbek,24787,6634,26.65,54.30413,9.601589
010585833118,Schleswig-Holstein,Rendsburg-Eckernförde,Nübbel,24809,1485,14.05,54.271939,9.622061
010585833136,Schleswig-Holstein,Rendsburg-Eckernförde,Rickert,24782,1009,5.52,54.331224,9.665546
010585847010,Schleswig-Holstein,Rendsburg-Eckernförde,Bargstall,24806,165,4.62,54.260388,9.46575
010585847029,Schleswig-Holstein,Rendsburg-Eckernförde,Breiholz,24797,1312,18.51,54.206128,9.521979
010585847036,Schleswig-Holstein,Rendsburg-Eckernförde,Christiansholm,24799,239,8.42,54.320498,9.405402
010585847047,Schleswig-Holstein,Rendsburg-Eckernförde,Elsdorf-Westermühlen,24800,1587,27.48,54.258716,9.528745
010585847055,Schleswig-Holstein,Rendsburg-Eckernförde,Friedrichsgraben,24799,47,5.38,54.272305,9.419087
010585847056,Schleswig-Holstein,Rendsburg-Eckernförde,Friedrichsholm,24799,398,7.13,54.303024,9.427267
010585847070,Schleswig-Holstein,Rendsburg-Eckernförde,Hamdorf,24805,1416,30.59,54.225554,9.518657
010585847078,Schleswig-Holstein,Rendsburg-Eckernförde,Hohn,24806,2763,31.95,54.298721,9.503416
010585847089,Schleswig-Holstein,Rendsburg-Eckernförde,Königshügel,24799,165,6.26,54.33488,9.474274
010585847097,Schleswig-Holstein,Rendsburg-Eckernförde,Lohe-Föhrden,24806,425,16.03,54.334238,9.54437
010585847129,Schleswig-Holstein,Rendsburg-Eckernförde,Prinzenmoor,24805,174,5.6,54.217427,9.454146
010585847154,Schleswig-Holstein,Rendsburg-Eckernförde,Sophienhamm,24806,305,5.92,54.270234,9.461024
010585853031,Schleswig-Holstein,Rendsburg-Eckernförde,Brinjahe,24816,111,4.66,54.168528,9.632102
010585853048,Schleswig-Holstein,Rendsburg-Eckernförde,Embühren,24819,190,7.45,54.170602,9.591436
010585853068,Schleswig-Holstein,Rendsburg-Eckernförde,Haale,24819,501,13.03,54.174256,9.548925
010585853071,Schleswig-Holstein,Rendsburg-Eckernförde,Hamweddel,24816,455,9.67,54.190502,9.618873
010585853075,Schleswig-Holstein,Rendsburg-Eckernförde,Hörsten,24797,66,8.83,54.226932,9.578749
010585853086,Schleswig-Holstein,Rendsburg-Eckernförde,Jevenstedt,24808,3285,45.55,54.234604,9.668849
010585853101,Schleswig-Holstein,Rendsburg-Eckernförde,Luhnstedt,24816,374,15.34,54.167176,9.698753
010585853148,Schleswig-Holstein,Rendsburg-Eckernförde,Schülp b. Rendsburg,24813,1046,10.72,54.259318,9.629244
010585853155,Schleswig-Holstein,Rendsburg-Eckernförde,Stafstedt,24816,370,11.83,54.170705,9.66287
010585853172,Schleswig-Holstein,Rendsburg-Eckernförde,Westerrönfeld,24784,4934,7.74,54.280365,9.646005
010585864011,Schleswig-Holstein,Rendsburg-Eckernförde,Bargstedt,24793,756,25.35,54.162433,9.769024
010585864021,Schleswig-Holstein,Rendsburg-Eckernförde,Bokel,24802,595,15.27,54.215588,9.794093
010585864023,Schleswig-Holstein,Rendsburg-Eckernförde,Borgdorf-Seedorf,24589,423,6.62,54.178086,9.878799
010585864027,Schleswig-Holstein,Rendsburg-Eckernförde,Brammer,24793,339,13.66,54.200192,9.765228
010585864038,Schleswig-Holstein,Rendsburg-Eckernförde,Dätgen,24589,553,10.62,54.181105,9.934284
010585864045,Schleswig-Holstein,Rendsburg-Eckernförde,Eisendorf,24589,278,5.5,54.193403,9.869129
010585864046,Schleswig-Holstein,Rendsburg-Eckernförde,Ellerdorf,24589,504,10.2,54.194754,9.838495
010585864049,Schleswig-Holstein,Rendsburg-Eckernförde,Emkendorf,24802,1310,38.96,54.26233,9.853171
010585864059,Schleswig-Holstein,Rendsburg-Eckernförde,Gnutz,24622,1219,22.93,54.13533,9.823515
010585864065,Schleswig-Holstein,Rendsburg-Eckernförde,Groß Vollstedt,24802,955,9.02,54.234713,9.867712
010585864091,Schleswig-Holstein,Rendsburg-Eckernförde,Krogaspe,24644,457,11.82,54.131573,9.929382
010585864094,Schleswig-Holstein,Rendsburg-Eckernförde,Langwedel,24631,1558,24.22,54.211725,9.931599
010585864117,Schleswig-Holstein,Rendsburg-Eckernförde,"Nortorf, Stadt",24589,7251,12.77,54.168012,9.855638
010585864120,Schleswig-Holstein,Rendsburg-Eckernförde,Oldenhütten,24793,164,4.33,54.158096,9.740452
010585864147,Schleswig-Holstein,Rendsburg-Eckernförde,Schülp b. Nortorf,24589,787,9.86,54.163643,9.885618
010585864163,Schleswig-Holstein,Rendsburg-Eckernförde,Timmaspe,24644,1126,15.36,54.140849,9.890944
010585864168,Schleswig-Holstein,Rendsburg-Eckernförde,Warder,24646,699,8.71,54.213277,9.886518
010585888026,Schleswig-Holstein,Rendsburg-Eckernförde,Bovenau,24796,1097,26.24,54.330579,9.829983
010585888073,Schleswig-Holstein,Rendsburg-Eckernförde,Haßmoor,24790,251,10.31,54.291922,9.819595
010585888122,Schleswig-Holstein,Rendsburg-Eckernförde,Ostenfeld (Rendsburg),24790,596,7.27,54.31452,9.785113
010585888124,Schleswig-Holstein,Rendsburg-Eckernförde,Osterrönfeld,24783,4957,17.89,54.292151,9.697439
010585888132,Schleswig-Holstein,Rendsburg-Eckernförde,Rade b. Rendsburg,24790,220,6.52,54.331428,9.745224
010585888140,Schleswig-Holstein,Rendsburg-Eckernförde,Schacht-Audorf,24790,4804,6.52,54.313445,9.717681
010585888146,Schleswig-Holstein,Rendsburg-Eckernförde,Schülldorf,24790,791,12.99,54.300204,9.729268
010585889016,Schleswig-Holstein,Rendsburg-Eckernförde,Bissee,24582,160,9.27,54.190703,10.110473
010585889022,Schleswig-Holstein,Rendsburg-Eckernförde,Bordesholm,24582,7885,10.17,54.175613,10.026065
010585889033,Schleswig-Holstein,Rendsburg-Eckernförde,Brügge,24582,1150,7.85,54.174356,10.071067
010585889063,Schleswig-Holstein,Rendsburg-Eckernförde,Grevenkrug,24241,211,4.15,54.212982,10.01044
010585889064,Schleswig-Holstein,Rendsburg-Eckernförde,Groß Buchwald,24582,411,8.96,54.162947,10.085963
010585889076,Schleswig-Holstein,Rendsburg-Eckernförde,Hoffeld,24582,178,6.62,54.187049,9.986036
010585889098,Schleswig-Holstein,Rendsburg-Eckernförde,Loop,24644,192,8.35,54.147998,9.949175
010585889108,Schleswig-Holstein,Rendsburg-Eckernförde,Mühbrook,24582,528,5.3,54.157143,10.010108
010585889109,Schleswig-Holstein,Rendsburg-Eckernförde,Negenharrie,24625,368,12.44,54.143594,10.075273
010585889133,Schleswig-Holstein,Rendsburg-Eckernförde,Reesdorf,24241,138,3.07,54.190474,10.06034
010585889143,Schleswig-Holstein,Rendsburg-Eckernförde,Schmalstede,24241,288,4.81,54.19323,10.030205
010585889144,Schleswig-Holstein,Rendsburg-Eckernförde,Schönbek,24582,214,6.13,54.162731,9.975522
010585889153,Schleswig-Holstein,Rendsburg-Eckernförde,Sören,24241,179,6.5,54.202744,9.998885
010585889170,Schleswig-Holstein,Rendsburg-Eckernförde,Wattenbek,24582,2933,6.05,54.171228,10.05469
010585890008,Schleswig-Holstein,Rendsburg-Eckernförde,Ascheffel,24358,977,10.39,54.430871,9.69823
010585890024,Schleswig-Holstein,Rendsburg-Eckernförde,Borgstedt,24794,1737,9.15,54.33299,9.710012
010585890030,Schleswig-Holstein,Rendsburg-Eckernförde,Brekendorf,24811,1015,20.47,54.420681,9.630366
010585890035,Schleswig-Holstein,Rendsburg-Eckernförde,Bünsdorf,24794,514,13.24,54.369536,9.742555
010585890039,Schleswig-Holstein,Rendsburg-Eckernförde,Damendorf,24361,432,7.48,54.423496,9.735166
010585890066,Schleswig-Holstein,Rendsburg-Eckernförde,Groß Wittensee,24361,1357,23.6,54.404606,9.769945
010585890069,Schleswig-Holstein,Rendsburg-Eckernförde,Haby,24361,552,5.79,54.395389,9.822077
010585890080,Schleswig-Holstein,Rendsburg-Eckernförde,Holtsee,24363,1279,21.72,54.39873,9.854739
010585890081,Schleswig-Holstein,Rendsburg-Eckernförde,Holzbunge,24361,368,5.19,54.377747,9.705374
010585890083,Schleswig-Holstein,Rendsburg-Eckernförde,Hütten,24358,230,6.91,54.437083,9.718725
010585890088,Schleswig-Holstein,Rendsburg-Eckernförde,Klein Wittensee,24361,226,4.3,54.390399,9.733109
010585890111,Schleswig-Holstein,Rendsburg-Eckernförde,Neu Duvenstedt,24794,111,5.71,54.355476,9.697639
010585890123,Schleswig-Holstein,Rendsburg-Eckernförde,Osterby,24367,977,9.84,54.453261,9.753799
010585890127,Schleswig-Holstein,Rendsburg-Eckernförde,Owschlag,24811,3894,39.31,54.391387,9.598839
010585890152,Schleswig-Holstein,Rendsburg-Eckernförde,Sehestedt,24814,771,15.25,54.366001,9.818375
010585890175,Schleswig-Holstein,Rendsburg-Eckernförde,Ahlefeld-Bistensee,24358,492,10.04,54.398725,9.698907
010585893004,Schleswig-Holstein,Rendsburg-Eckernförde,Altenhof,24340,296,12.13,54.434745,9.875234
010585893012,Schleswig-Holstein,Rendsburg-Eckernförde,Barkelsby,24360,1532,17.86,54.501518,9.839569
010585893032,Schleswig-Holstein,Rendsburg-Eckernförde,Brodersby,24398,698,9.79,54.634629,9.979854
010585893040,Schleswig-Holstein,Rendsburg-Eckernförde,Damp,24351,1542,13.81,54.578215,9.984161
010585893042,Schleswig-Holstein,Rendsburg-Eckernförde,Dörphof,24398,733,15.02,54.606279,9.981577
010585893052,Schleswig-Holstein,Rendsburg-Eckernförde,Fleckeby,24357,2000,12.31,54.48232,9.696337
010585893057,Schleswig-Holstein,Rendsburg-Eckernförde,Gammelby,24340,501,8.34,54.500342,9.793238
010585893067,Schleswig-Holstein,Rendsburg-Eckernförde,Güby,24357,652,11.9,54.48596,9.66656
010585893082,Schleswig-Holstein,Rendsburg-Eckernförde,Holzdorf,24364,857,17.35,54.554372,9.896959
010585893084,Schleswig-Holstein,Rendsburg-Eckernförde,Hummelfeld,24357,266,7.97,54.461884,9.718396
010585893087,Schleswig-Holstein,Rendsburg-Eckernförde,Karby,24398,526,2.09,54.623058,9.974822
010585893090,Schleswig-Holstein,Rendsburg-Eckernförde,Kosel,24354,1392,30.0,54.505335,9.754483
010585893099,Schleswig-Holstein,Rendsburg-Eckernförde,Loose,24366,905,13.12,54.519604,9.889039
010585893102,Schleswig-Holstein,Rendsburg-Eckernförde,Goosefeld,24340,718,9.63,54.429737,9.815036
010585893137,Schleswig-Holstein,Rendsburg-Eckernförde,Rieseby,24354,2745,38.85,54.541709,9.812995
010585893162,Schleswig-Holstein,Rendsburg-Eckernförde,Thumby,24351,373,27.39,54.585574,9.910273
010585893166,Schleswig-Holstein,Rendsburg-Eckernförde,Waabs,24369,1444,33.26,54.532629,9.985937
010585893173,Schleswig-Holstein,Rendsburg-Eckernförde,Windeby,24340,981,14.77,54.477817,9.763299
010585893174,Schleswig-Holstein,Rendsburg-Eckernförde,Winnemark,24398,583,9.58,54.615886,9.922134
010585895007,Schleswig-Holstein,Rendsburg-Eckernförde,Arpsdorf,24634,340,12.1,54.039492,9.858885
010585895009,Schleswig-Holstein,Rendsburg-Eckernförde,Aukrug,24613,3819,49.9,54.083601,9.786793
010585895013,Schleswig-Holstein,Rendsburg-Eckernförde,Beldorf,25557,277,11.96,54.133279,9.352138
010585895014,Schleswig-Holstein,Rendsburg-Eckernförde,Bendorf,25557,469,20.47,54.087214,9.382283
010585895015,Schleswig-Holstein,Rendsburg-Eckernförde,Beringstedt,25575,716,14.29,54.110562,9.534981
010585895025,Schleswig-Holstein,Rendsburg-Eckernförde,Bornholt,25557,178,10.93,54.101535,9.335437
010585895044,Schleswig-Holstein,Rendsburg-Eckernförde,Ehndorf,24647,600,14.68,54.05327,9.893993
010585895061,Schleswig-Holstein,Rendsburg-Eckernförde,Gokels,25557,572,10.64,54.112001,9.468744
010585895062,Schleswig-Holstein,Rendsburg-Eckernförde,Grauel,24594,267,5.74,54.070198,9.674147
010585895072,Schleswig-Holstein,Rendsburg-Eckernförde,Hanerau-Hademarschen,25557,3044,14.5,54.127369,9.412577
010585895074,Schleswig-Holstein,Rendsburg-Eckernförde,Heinkenborstel,24594,147,7.55,54.130804,9.75104
010585895077,Schleswig-Holstein,Rendsburg-Eckernförde,Hohenwestedt,24594,5397,18.18,54.09019,9.653278
010585895085,Schleswig-Holstein,Rendsburg-Eckernförde,Jahrsdorf,24594,234,8.87,54.065682,9.631937
010585895100,Schleswig-Holstein,Rendsburg-Eckernförde,Lütjenwestedt,25585,530,22.32,54.140616,9.490806
010585895103,Schleswig-Holstein,Rendsburg-Eckernförde,Meezen,24594,349,8.76,54.05163,9.709777
010585895106,Schleswig-Holstein,Rendsburg-Eckernförde,Mörel,24594,268,8.69,54.113809,9.728528
010585895113,Schleswig-Holstein,Rendsburg-Eckernförde,Nienborstel,24819,604,16.48,54.136911,9.613481
010585895115,Schleswig-Holstein,Rendsburg-Eckernförde,Nindorf,24594,625,14.03,54.131914,9.699683
010585895119,Schleswig-Holstein,Rendsburg-Eckernförde,Oldenbüttel,25557,255,7.97,54.168952,9.452474
010585895125,Schleswig-Holstein,Rendsburg-Eckernförde,Osterstedt,25590,653,10.95,54.111751,9.574606
010585895128,Schleswig-Holstein,Rendsburg-Eckernförde,Padenstedt,24634,1762,14.6,54.048944,9.917284
010585895131,Schleswig-Holstein,Rendsburg-Eckernförde,Rade b. Hohenwestedt,24594,99,3.21,54.101226,9.721127
010585895134,Schleswig-Holstein,Rendsburg-Eckernförde,Remmels,24594,505,9.49,54.116584,9.652041
010585895151,Schleswig-Holstein,Rendsburg-Eckernförde,Seefeld,25557,317,6.77,54.101581,9.492849
010585895156,Schleswig-Holstein,Rendsburg-Eckernförde,Steenfeld,25557,309,11.61,54.142655,9.379822
010585895158,Schleswig-Holstein,Rendsburg-Eckernförde,Tackesdorf,25585,74,7.65,54.173288,9.486794
010585895159,Schleswig-Holstein,Rendsburg-Eckernförde,Tappendorf,24594,325,6.69,54.104212,9.693517
010585895161,Schleswig-Holstein,Rendsburg-Eckernförde,Thaden,25557,237,11.98,54.103294,9.422414
010585895164,Schleswig-Holstein,Rendsburg-Eckernförde,Todenbüttel,24819,1082,11.78,54.129824,9.555715
010585895167,Schleswig-Holstein,Rendsburg-Eckernförde,Wapelfeld,24594,310,8.11,54.082907,9.604521
010585896018,Schleswig-Holstein,Rendsburg-Eckernförde,Blumenthal,24241,612,7.8,54.226064,10.003257
010585896019,Schleswig-Holstein,Rendsburg-Eckernförde,Böhnhusen,24220,288,5.29,54.221123,10.068211
010585896053,Schleswig-Holstein,Rendsburg-Eckernförde,Flintbek,24220,7487,17.57,54.23975,10.063731
010585896105,Schleswig-Holstein,Rendsburg-Eckernförde,Mielkendorf,24247,1351,7.78,54.284565,10.040779
010585896107,Schleswig-Holstein,Rendsburg-Eckernförde,Molfsee,24113,5004,7.18,54.263397,10.064933
010585896138,Schleswig-Holstein,Rendsburg-Eckernförde,Rodenbek,24247,440,7.09,54.276657,10.01972
010585896139,Schleswig-Holstein,Rendsburg-Eckernförde,Rumohr,24254,795,8.6,54.255177,10.024676
010585896141,Schleswig-Holstein,Rendsburg-Eckernförde,Schierensee,24241,324,9.18,54.256838,9.983332
010585896145,Schleswig-Holstein,Rendsburg-Eckernförde,Schönhorst,24220,327,3.55,54.225471,10.104166
010585896160,Schleswig-Holstein,Rendsburg-Eckernförde,Techelsdorf,24220,144,4.34,54.214207,10.047182
010590045045,Schleswig-Holstein,Schleswig-Flensburg,"Kappeln, Stadt",24376,8996,43.33,54.659144,9.931158
010590075075,Schleswig-Holstein,Schleswig-Flensburg,"Schleswig, Stadt",24837,25567,24.3,54.514941,9.566657
010590113113,Schleswig-Holstein,Schleswig-Flensburg,"Glücksburg (Ostsee), Stadt",24960,6317,39.68,54.836858,9.550997
010590120120,Schleswig-Holstein,Schleswig-Flensburg,Harrislee,24955,11825,18.92,54.804241,9.383175
010590183183,Schleswig-Holstein,Schleswig-Flensburg,Handewitt,24983,11668,77.72,54.765104,9.324639
010595912107,Schleswig-Holstein,Schleswig-Flensburg,Eggebek,24852,2433,16.68,54.619737,9.372178
010595912128,Schleswig-Holstein,Schleswig-Flensburg,Janneby,24992,406,14.49,54.625583,9.300482
010595912131,Schleswig-Holstein,Schleswig-Flensburg,Jerrishoe,24963,1028,16.0,54.657224,9.3718
010595912132,Schleswig-Holstein,Schleswig-Flensburg,Jörl,24992,884,19.69,54.612615,9.271832
010595912138,Schleswig-Holstein,Schleswig-Flensburg,Langstedt,24852,1023,13.17,54.616941,9.385397
010595912162,Schleswig-Holstein,Schleswig-Flensburg,Sollerup,24852,456,12.98,54.572957,9.320146
010595912169,Schleswig-Holstein,Schleswig-Flensburg,Süderhackstedt,24852,359,10.15,54.592309,9.289498
010595912174,Schleswig-Holstein,Schleswig-Flensburg,Wanderup,24997,2711,28.64,54.688266,9.331111
010595915012,Schleswig-Holstein,Schleswig-Flensburg,Borgwedel,24857,712,9.95,54.500272,9.666821
010595915018,Schleswig-Holstein,Schleswig-Flensburg,Busdorf,24866,1984,5.35,54.493339,9.553156
010595915019,Schleswig-Holstein,Schleswig-Flensburg,Dannewerk,24867,1117,16.66,54.48745,9.512145
010595915026,Schleswig-Holstein,Schleswig-Flensburg,Fahrdorf,24857,2662,12.0,54.504653,9.599017
010595915032,Schleswig-Holstein,Schleswig-Flensburg,Geltorf,24884,353,8.08,54.46324,9.612616
010595915043,Schleswig-Holstein,Schleswig-Flensburg,Jagel,24878,977,11.89,54.457148,9.537499
010595915056,Schleswig-Holstein,Schleswig-Flensburg,Lottorf,24878,233,5.78,54.45024,9.57292
010595915078,Schleswig-Holstein,Schleswig-Flensburg,Selk,24884,799,10.07,54.472501,9.566786
010595919103,Schleswig-Holstein,Schleswig-Flensburg,Ausacker,24975,494,9.13,54.73908,9.574858
010595919116,Schleswig-Holstein,Schleswig-Flensburg,Großsolt,24991,1768,25.07,54.699352,9.513444
010595919126,Schleswig-Holstein,Schleswig-Flensburg,Hürup,24975,2424,28.07,54.748128,9.529426
010595919127,Schleswig-Holstein,Schleswig-Flensburg,Husby,24975,2356,19.31,54.76516,9.5774
010595919182,Schleswig-Holstein,Schleswig-Flensburg,Freienwill,24991,1619,15.3,54.728589,9.492436
010595920002,Schleswig-Holstein,Schleswig-Flensburg,"Arnis, Stadt",24399,258,0.45,54.630563,9.932332
010595920034,Schleswig-Holstein,Schleswig-Flensburg,Grödersby,24376,215,6.65,54.637617,9.91842
010595920067,Schleswig-Holstein,Schleswig-Flensburg,Oersberg,24407,262,7.09,54.674619,9.842046
010595920068,Schleswig-Holstein,Schleswig-Flensburg,Rabenkirchen-Faulück,24407,640,14.21,54.635833,9.87348
010595937106,Schleswig-Holstein,Schleswig-Flensburg,Dollerup,24989,1084,13.08,54.778917,9.680327
010595937118,Schleswig-Holstein,Schleswig-Flensburg,Grundhof,24977,942,11.57,54.773325,9.654546
010595937137,Schleswig-Holstein,Schleswig-Flensburg,Langballig,24977,1563,15.41,54.799385,9.637034
010595937145,Schleswig-Holstein,Schleswig-Flensburg,Munkbrarup,24960,1213,13.27,54.8032,9.561132
010595937157,Schleswig-Holstein,Schleswig-Flensburg,Ringsberg,24977,542,5.25,54.807139,9.598332
010595937176,Schleswig-Holstein,Schleswig-Flensburg,Wees,24999,2399,12.74,54.807217,9.52256
010595937178,Schleswig-Holstein,Schleswig-Flensburg,Westerholz,24977,743,14.71,54.817328,9.668774
010595940159,Schleswig-Holstein,Schleswig-Flensburg,Sieverstedt,24885,1642,31.01,54.642784,9.474638
010595940171,Schleswig-Holstein,Schleswig-Flensburg,Tarp,24963,5910,16.36,54.664107,9.403428
010595940184,Schleswig-Holstein,Schleswig-Flensburg,Oeversee,24988,3568,36.27,54.702848,9.433082
010595949076,Schleswig-Holstein,Schleswig-Flensburg,Schnarup-Thumby,24891,524,10.72,54.646805,9.642282
010595949161,Schleswig-Holstein,Schleswig-Flensburg,Sörup,24966,4092,44.32,54.717901,9.668561
010595949185,Schleswig-Holstein,Schleswig-Flensburg,Mittelangeln,24986,5276,44.96,54.692455,9.60375
010595952105,Schleswig-Holstein,Schleswig-Flensburg,Böxlund,24994,121,4.4,54.840228,9.180687
010595952115,Schleswig-Holstein,Schleswig-Flensburg,Großenwiehe,24969,3316,30.2,54.705564,9.248649
010595952123,Schleswig-Holstein,Schleswig-Flensburg,Hörup,24980,618,18.15,54.740497,9.104012
010595952124,Schleswig-Holstein,Schleswig-Flensburg,Holt,24994,141,13.42,54.810456,9.147393
010595952129,Schleswig-Holstein,Schleswig-Flensburg,Jardelund,24994,296,16.63,54.82508,9.201196
010595952143,Schleswig-Holstein,Schleswig-Flensburg,Medelby,24994,1052,9.75,54.812464,9.173221
010595952144,Schleswig-Holstein,Schleswig-Flensburg,Meyn,24980,738,12.4,54.758389,9.22191
010595952149,Schleswig-Holstein,Schleswig-Flensburg,Nordhackstedt,24980,490,12.47,54.7334,9.166985
010595952151,Schleswig-Holstein,Schleswig-Flensburg,Osterby,24994,313,12.35,54.797445,9.21072
010595952158,Schleswig-Holstein,Schleswig-Flensburg,Schafflund,24980,3031,19.09,54.759312,9.184822
010595952173,Schleswig-Holstein,Schleswig-Flensburg,Wallsbüll,24980,979,13.23,54.774478,9.23803
010595952177,Schleswig-Holstein,Schleswig-Flensburg,Weesby,24994,431,21.44,54.829731,9.152975
010595952179,Schleswig-Holstein,Schleswig-Flensburg,Lindewitt,24969,2013,53.28,54.697924,9.196859
010595974006,Schleswig-Holstein,Schleswig-Flensburg,Böel,24401,703,13.66,54.647752,9.72216
010595974055,Schleswig-Holstein,Schleswig-Flensburg,Loit,24888,259,6.69,54.611322,9.699559
010595974060,Schleswig-Holstein,Schleswig-Flensburg,Mohrkirch,24405,938,14.42,54.675972,9.716959
010595974063,Schleswig-Holstein,Schleswig-Flensburg,Norderbrarup,24392,685,3.98,54.655735,9.768542
010595974065,Schleswig-Holstein,Schleswig-Flensburg,Nottfeld,24392,124,3.18,54.618666,9.768634
010595974070,Schleswig-Holstein,Schleswig-Flensburg,Rügge,24405,236,6.01,54.689422,9.761241
010595974072,Schleswig-Holstein,Schleswig-Flensburg,Saustrup,24392,183,8.14,54.671983,9.772102
010595974074,Schleswig-Holstein,Schleswig-Flensburg,Scheggerott,24392,327,6.32,54.667579,9.821155
010595974080,Schleswig-Holstein,Schleswig-Flensburg,Steinfeld,24888,810,8.73,54.598384,9.743805
010595974083,Schleswig-Holstein,Schleswig-Flensburg,Süderbrarup,24392,5107,20.06,54.635615,9.77543
010595974094,Schleswig-Holstein,Schleswig-Flensburg,Ulsnis,24897,715,19.81,54.56921,9.747452
010595974095,Schleswig-Holstein,Schleswig-Flensburg,Wagersrott,24392,233,5.63,54.665542,9.794128
010595974187,Schleswig-Holstein,Schleswig-Flensburg,Boren,24392,1102,30.15,54.614506,9.820225
010595987008,Schleswig-Holstein,Schleswig-Flensburg,Böklund,24860,1658,7.88,54.603487,9.583662
010595987037,Schleswig-Holstein,Schleswig-Flensburg,Havetoft,24873,979,14.53,54.649422,9.516189
010595987042,Schleswig-Holstein,Schleswig-Flensburg,Idstedt,24879,887,13.35,54.582071,9.511916
010595987049,Schleswig-Holstein,Schleswig-Flensburg,Klappholz,24860,494,8.22,54.621371,9.539317
010595987062,Schleswig-Holstein,Schleswig-Flensburg,Neuberend,24879,1169,4.42,54.555352,9.52511
010595987073,Schleswig-Holstein,Schleswig-Flensburg,Schaalby,24882,1486,25.0,54.549079,9.63988
010595987081,Schleswig-Holstein,Schleswig-Flensburg,Stolk,24890,871,14.54,54.598455,9.541865
010595987082,Schleswig-Holstein,Schleswig-Flensburg,Struxdorf,24891,663,13.4,54.632416,9.63854
010595987084,Schleswig-Holstein,Schleswig-Flensburg,Süderfahrenstedt,24890,472,9.15,54.585386,9.584252
010595987086,Schleswig-Holstein,Schleswig-Flensburg,Taarstedt,24893,928,13.69,54.567229,9.688728
010595987090,Schleswig-Holstein,Schleswig-Flensburg,Tolk,24894,1050,10.44,54.578772,9.639368
010595987093,Schleswig-Holstein,Schleswig-Flensburg,Uelsby,24860,401,10.59,54.63128,9.596649
010595987097,Schleswig-Holstein,Schleswig-Flensburg,Twedt,24894,475,12.52,54.597883,9.676062
010595987098,Schleswig-Holstein,Schleswig-Flensburg,Nübel,24881,1239,18.34,54.563867,9.583971
010595987189,Schleswig-Holstein,Schleswig-Flensburg,Brodersby-Goltoft,24864,685,13.45,54.538183,9.714558
010595990102,Schleswig-Holstein,Schleswig-Flensburg,Ahneby,24996,206,3.8,54.701421,9.730965
010595990109,Schleswig-Holstein,Schleswig-Flensburg,Esgrus,24402,809,18.07,54.723422,9.782169
010595990112,Schleswig-Holstein,Schleswig-Flensburg,Gelting,24395,2316,20.02,54.746312,9.89717
010595990121,Schleswig-Holstein,Schleswig-Flensburg,Hasselberg,24376,927,11.31,54.715122,9.977353
010595990136,Schleswig-Holstein,Schleswig-Flensburg,Kronsgaard,24395,273,5.92,54.732024,9.965003
010595990142,Schleswig-Holstein,Schleswig-Flensburg,Maasholm,24404,611,8.42,54.684233,9.990992
010595990147,Schleswig-Holstein,Schleswig-Flensburg,Nieby,24395,135,8.07,54.771513,9.936705
010595990148,Schleswig-Holstein,Schleswig-Flensburg,Niesgrau,24395,534,9.89,54.744112,9.812919
010595990152,Schleswig-Holstein,Schleswig-Flensburg,Pommerby,24395,156,5.55,54.756629,9.937539
010595990154,Schleswig-Holstein,Schleswig-Flensburg,Rabel,24376,609,8.84,54.690345,9.950086
010595990155,Schleswig-Holstein,Schleswig-Flensburg,Rabenholz,24395,289,5.8,54.722168,9.902241
010595990163,Schleswig-Holstein,Schleswig-Flensburg,Stangheck,24395,253,10.0,54.712704,9.860043
010595990164,Schleswig-Holstein,Schleswig-Flensburg,Steinberg,24972,834,16.29,54.756137,9.782276
010595990167,Schleswig-Holstein,Schleswig-Flensburg,Sterup,24996,1445,17.15,54.727837,9.738892
010595990168,Schleswig-Holstein,Schleswig-Flensburg,Stoltebüll,24409,673,16.4,54.700688,9.878988
010595990186,Schleswig-Holstein,Schleswig-Flensburg,Steinbergkirche,24972,2967,35.72,54.7544,9.759969
010595993010,Schleswig-Holstein,Schleswig-Flensburg,Bollingstedt,24855,1469,27.05,54.592885,9.412302
010595993023,Schleswig-Holstein,Schleswig-Flensburg,Ellingstedt,24870,777,21.49,54.477733,9.409623
010595993039,Schleswig-Holstein,Schleswig-Flensburg,Hollingstedt,24876,1029,17.51,54.455932,9.336606
010595993041,Schleswig-Holstein,Schleswig-Flensburg,Hüsby,24850,799,9.68,54.496335,9.484548
010595993044,Schleswig-Holstein,Schleswig-Flensburg,Jübek,24855,2766,15.58,54.55668,9.394391
010595993057,Schleswig-Holstein,Schleswig-Flensburg,Lürschau,24850,1094,16.51,54.538632,9.496358
010595993077,Schleswig-Holstein,Schleswig-Flensburg,Schuby,24850,2777,23.94,54.51517,9.480215
010595993079,Schleswig-Holstein,Schleswig-Flensburg,Silberstedt,24887,2498,37.91,54.518594,9.370766
010595993092,Schleswig-Holstein,Schleswig-Flensburg,Treia,24896,1610,21.72,54.514332,9.313787
010595996001,Schleswig-Holstein,Schleswig-Flensburg,Alt Bennebek,24848,347,14.09,54.377593,9.43094
010595996005,Schleswig-Holstein,Schleswig-Flensburg,Bergenhusen,24861,728,18.22,54.376351,9.316107
010595996009,Schleswig-Holstein,Schleswig-Flensburg,Börm,24863,735,18.71,54.4033,9.378249
010595996020,Schleswig-Holstein,Schleswig-Flensburg,Dörpstedt,24869,589,16.61,54.434054,9.362474
010595996024,Schleswig-Holstein,Schleswig-Flensburg,Erfde,24803,2270,33.96,54.308546,9.317127
010595996035,Schleswig-Holstein,Schleswig-Flensburg,Groß Rheide,24872,962,15.37,54.441211,9.438091
010595996050,Schleswig-Holstein,Schleswig-Flensburg,Klein Bennebek,24848,529,25.63,54.402006,9.456571
010595996051,Schleswig-Holstein,Schleswig-Flensburg,Klein Rheide,24848,331,12.82,54.449512,9.476383
010595996053,Schleswig-Holstein,Schleswig-Flensburg,Kropp,24848,6620,31.94,54.411199,9.508668
010595996058,Schleswig-Holstein,Schleswig-Flensburg,Meggerdorf,24799,676,24.11,54.349214,9.398122
010595996087,Schleswig-Holstein,Schleswig-Flensburg,Tetenhusen,24817,929,23.19,54.349121,9.494238
010595996088,Schleswig-Holstein,Schleswig-Flensburg,Tielen,24803,297,13.34,54.285643,9.334919
010595996096,Schleswig-Holstein,Schleswig-Flensburg,Wohlde,24899,518,14.43,54.404782,9.294745
010595996188,Schleswig-Holstein,Schleswig-Flensburg,Stapel,25879,1967,32.67,54.349368,9.218997
010600004004,Schleswig-Holstein,Segeberg,"Bad Bramstedt, Stadt",24576,15363,24.14,53.918819,9.882266
010600005005,Schleswig-Holstein,Segeberg,"Bad Segeberg, Stadt",23795,18508,18.87,53.937059,10.304193
010600019019,Schleswig-Holstein,Segeberg,Ellerau,25479,6042,7.09,53.752683,9.917553
010600039039,Schleswig-Holstein,Segeberg,Henstedt-Ulzburg,24558,28345,39.46,53.790485,9.980847
010600044044,Schleswig-Holstein,Segeberg,"Kaltenkirchen, Stadt",24568,23585,23.11,53.838257,9.959311
010600063063,Schleswig-Holstein,Segeberg,"Norderstedt, Stadt",22846,83196,58.1,53.706115,9.996943
010600092092,Schleswig-Holstein,Segeberg,"Wahlstedt, Stadt",23812,9749,15.75,53.952343,10.214464
010605005003,Schleswig-Holstein,Segeberg,Armstedt,24616,391,8.92,53.971225,9.847056
010605005009,Schleswig-Holstein,Segeberg,Bimöhlen,24576,1061,17.24,53.935914,9.953588
010605005013,Schleswig-Holstein,Segeberg,Borstel,24616,130,5.12,53.969545,9.79743
010605005021,Schleswig-Holstein,Segeberg,Föhrden-Barl,25563,291,9.23,53.927492,9.787122
010605005023,Schleswig-Holstein,Segeberg,Fuhlendorf,24649,422,6.49,53.943215,9.885482
010605005027,Schleswig-Holstein,Segeberg,Großenaspe,24623,3098,45.62,53.975971,9.966933
010605005031,Schleswig-Holstein,Segeberg,Hagen,24576,437,8.2,53.946622,9.826977
010605005033,Schleswig-Holstein,Segeberg,Hardebek,24616,482,10.01,53.988376,9.868731
010605005035,Schleswig-Holstein,Segeberg,Hasenkrug,24616,387,5.2,53.985027,9.849584
010605005037,Schleswig-Holstein,Segeberg,Heidmoor,24632,331,18.24,53.864473,9.819023
010605005040,Schleswig-Holstein,Segeberg,Hitzhusen,24576,1288,7.93,53.923021,9.851845
010605005056,Schleswig-Holstein,Segeberg,Mönkloh,24576,250,12.52,53.888087,9.787844
010605005095,Schleswig-Holstein,Segeberg,Weddelbrook,24576,1093,14.06,53.904106,9.830237
010605005099,Schleswig-Holstein,Segeberg,Wiemersdorf,24649,1723,17.55,53.95794,9.90454
010605024012,Schleswig-Holstein,Segeberg,Bornhöved,24619,3432,14.12,54.068565,10.225454
010605024017,Schleswig-Holstein,Segeberg,Damsdorf,23824,233,7.74,54.064498,10.314111
010605024026,Schleswig-Holstein,Segeberg,Gönnebek,24610,562,14.86,54.049007,10.177905
010605024072,Schleswig-Holstein,Segeberg,Schmalensee,24638,486,8.68,54.082608,10.270751
010605024080,Schleswig-Holstein,Segeberg,Stocksee,24326,390,11.38,54.089631,10.343274
010605024086,Schleswig-Holstein,Segeberg,Tarbek,24619,160,10.02,54.056293,10.268198
010605024087,Schleswig-Holstein,Segeberg,Tensfeld,23824,753,7.65,54.042171,10.320723
010605024089,Schleswig-Holstein,Segeberg,Trappenkamp,24610,5171,3.45,54.041764,10.22097
010605034043,Schleswig-Holstein,Segeberg,Itzstedt,23845,2533,7.13,53.806384,10.156532
010605034046,Schleswig-Holstein,Segeberg,Kayhude,23863,1171,5.25,53.757591,10.134312
010605034058,Schleswig-Holstein,Segeberg,Nahe,23866,2515,10.37,53.795307,10.134557
010605034065,Schleswig-Holstein,Segeberg,Oering,23845,1395,9.09,53.825234,10.14788
010605034076,Schleswig-Holstein,Segeberg,Seth,23845,1773,10.55,53.850208,10.175126
010605034085,Schleswig-Holstein,Segeberg,Sülfeld,23867,3343,26.05,53.799571,10.231794
010605043002,Schleswig-Holstein,Segeberg,Alveslohe,25486,2914,21.56,53.786906,9.913813
010605043034,Schleswig-Holstein,Segeberg,Hartenholm,24628,1879,15.38,53.899992,10.06027
010605043036,Schleswig-Holstein,Segeberg,Hasenmoor,24640,767,17.76,53.899913,9.981344
010605043054,Schleswig-Holstein,Segeberg,Lentföhrden,24632,2550,20.08,53.873197,9.888251
010605043064,Schleswig-Holstein,Segeberg,Nützen,24568,1283,21.62,53.864679,9.91977
010605043073,Schleswig-Holstein,Segeberg,Schmalfeld,24640,1969,19.33,53.876899,9.983686
010605048042,Schleswig-Holstein,Segeberg,Hüttblek,24641,385,2.75,53.83945,10.071819
010605048045,Schleswig-Holstein,Segeberg,Kattendorf,24568,791,9.84,53.843003,10.023721
010605048047,Schleswig-Holstein,Segeberg,Kisdorf,24629,3960,24.51,53.81114,10.009876
010605048066,Schleswig-Holstein,Segeberg,Oersdorf,24568,879,6.65,53.840293,9.994875
010605048077,Schleswig-Holstein,Segeberg,Sievershütten,24641,1079,7.08,53.841324,10.106221
010605048082,Schleswig-Holstein,Segeberg,Struvenhütten,24643,952,12.88,53.865944,10.054474
010605048084,Schleswig-Holstein,Segeberg,Stuvenborn,24641,866,7.98,53.851484,10.124679
010605048094,Schleswig-Holstein,Segeberg,Wakendorf II,24558,1351,12.8,53.782814,10.081705
010605048100,Schleswig-Holstein,Segeberg,Winsen,24568,366,4.08,53.830915,10.015364
010605053007,Schleswig-Holstein,Segeberg,Bark,23826,1067,44.01,53.910575,10.18504
010605053008,Schleswig-Holstein,Segeberg,Bebensee,23816,639,6.68,53.875193,10.298549
010605053022,Schleswig-Holstein,Segeberg,Fredesdorf,23826,391,5.89,53.875098,10.203647
010605053029,Schleswig-Holstein,Segeberg,Groß Niendorf,23816,643,10.68,53.845975,10.245204
010605053041,Schleswig-Holstein,Segeberg,Högersdorf,23795,389,4.95,53.920748,10.284353
010605053051,Schleswig-Holstein,Segeberg,Kükels,23829,445,8.45,53.894887,10.238915
010605053053,Schleswig-Holstein,Segeberg,Leezen,23816,1904,14.98,53.865447,10.251572
010605053057,Schleswig-Holstein,Segeberg,Mözen,23795,449,7.72,53.91095,10.258366
010605053062,Schleswig-Holstein,Segeberg,Neversdorf,23816,717,7.22,53.86477,10.285862
010605053074,Schleswig-Holstein,Segeberg,Schwissel,23795,266,4.44,53.895421,10.293461
010605053088,Schleswig-Holstein,Segeberg,Todesfelde,23826,1059,17.25,53.891939,10.176082
010605053101,Schleswig-Holstein,Segeberg,Wittenborn,23829,1083,6.19,53.926269,10.223554
010605063011,Schleswig-Holstein,Segeberg,Boostedt,24598,5576,27.11,54.010323,10.025785
010605063016,Schleswig-Holstein,Segeberg,Daldorf,24635,619,15.16,54.017015,10.248643
010605063028,Schleswig-Holstein,Segeberg,Groß Kummerfeld,24626,1920,30.19,54.051077,10.073794
010605063038,Schleswig-Holstein,Segeberg,Heidmühlen,24598,664,35.05,53.972482,10.083729
010605063052,Schleswig-Holstein,Segeberg,Latendorf,24598,597,17.94,53.995195,10.0639
010605063068,Schleswig-Holstein,Segeberg,Rickling,24635,3078,39.04,54.006058,10.16486
010605086006,Schleswig-Holstein,Segeberg,Bahrenhof,23845,214,5.71,53.878604,10.379518
010605086010,Schleswig-Holstein,Segeberg,Blunk,23813,555,10.69,54.007567,10.315789
010605086015,Schleswig-Holstein,Segeberg,Bühnsdorf,23845,383,4.15,53.886944,10.374463
010605086018,Schleswig-Holstein,Segeberg,Dreggers,23845,55,2.79,53.885277,10.345729
010605086020,Schleswig-Holstein,Segeberg,Fahrenkrug,23795,1751,6.21,53.941286,10.257059
010605086024,Schleswig-Holstein,Segeberg,Geschendorf,23815,540,5.7,53.921999,10.441563
010605086025,Schleswig-Holstein,Segeberg,Glasau,23719,795,18.83,54.056669,10.516777
010605086030,Schleswig-Holstein,Segeberg,Groß Rönnau,23795,571,6.38,53.972406,10.311886
010605086048,Schleswig-Holstein,Segeberg,Klein Gladebrügge,23795,650,4.68,53.914441,10.317432
010605086049,Schleswig-Holstein,Segeberg,Klein Rönnau,23795,1897,4.53,53.961927,10.320689
010605086050,Schleswig-Holstein,Segeberg,Krems II,23827,378,11.25,53.986501,10.355628
010605086059,Schleswig-Holstein,Segeberg,Negernbötel,23795,1002,16.97,53.982902,10.248764
010605086060,Schleswig-Holstein,Segeberg,Nehms,23813,566,15.32,54.021025,10.352354
010605086061,Schleswig-Holstein,Segeberg,Neuengörs,23818,761,13.4,53.899116,10.384085
010605086067,Schleswig-Holstein,Segeberg,Pronstorf,23820,1553,36.31,53.957692,10.47122
010605086069,Schleswig-Holstein,Segeberg,Rohlstorf,23821,1179,19.68,53.971759,10.408268
010605086070,Schleswig-Holstein,Segeberg,Schackendorf,23795,899,7.85,53.957561,10.270569
010605086071,Schleswig-Holstein,Segeberg,Schieren,23795,253,6.36,53.944727,10.390998
010605086075,Schleswig-Holstein,Segeberg,Seedorf,23823,2193,48.93,54.049901,10.408941
010605086079,Schleswig-Holstein,Segeberg,Stipsdorf,23795,233,3.51,53.941826,10.33446
010605086081,Schleswig-Holstein,Segeberg,Strukdorf,23815,242,7.3,53.919829,10.486
010605086090,Schleswig-Holstein,Segeberg,Travenhorst,23827,191,8.56,54.019011,10.452703
010605086091,Schleswig-Holstein,Segeberg,Traventhal,23795,515,5.37,53.895331,10.317731
010605086093,Schleswig-Holstein,Segeberg,Wakendorf I,23845,488,5.34,53.864458,10.357027
010605086096,Schleswig-Holstein,Segeberg,Weede,23795,955,16.41,53.922028,10.372489
010605086097,Schleswig-Holstein,Segeberg,Wensin,23827,909,20.17,53.980996,10.412545
010605086098,Schleswig-Holstein,Segeberg,Westerrade,23815,456,5.62,53.935884,10.45969
010610029029,Schleswig-Holstein,Steinburg,"Glückstadt, Stadt",25348,11100,22.75,53.787808,9.423724
010610046046,Schleswig-Holstein,Steinburg,"Itzehoe, Stadt",25524,32850,28.54,53.926549,9.512178
010610113113,Schleswig-Holstein,Steinburg,"Wilster, Stadt",25554,4279,2.71,53.922543,9.374577
010615104005,Schleswig-Holstein,Steinburg,Auufer,25548,130,5.12,53.924664,9.685543
010615104016,Schleswig-Holstein,Steinburg,Breitenberg,25597,326,2.9,53.924364,9.634796
010615104017,Schleswig-Holstein,Steinburg,Breitenburg,25524,1229,10.47,53.904698,9.572387
010615104053,Schleswig-Holstein,Steinburg,Kollmoor,25524,29,3.33,53.920974,9.599128
010615104058,Schleswig-Holstein,Steinburg,Kronsmoor,25597,167,6.05,53.908361,9.60155
010615104061,Schleswig-Holstein,Steinburg,Lägerdorf,25566,2654,5.97,53.888648,9.570479
010615104068,Schleswig-Holstein,Steinburg,Moordiek,25597,110,6.3,53.913084,9.651163
010615104072,Schleswig-Holstein,Steinburg,Münsterdorf,25587,1821,5.12,53.903684,9.540644
010615104079,Schleswig-Holstein,Steinburg,Oelixdorf,25524,1521,10.5,53.926812,9.564806
010615104109,Schleswig-Holstein,Steinburg,Westermoor,25597,391,9.44,53.914039,9.626905
010615104115,Schleswig-Holstein,Steinburg,Wittenbergen,25548,184,4.59,53.933763,9.680696
010615134004,Schleswig-Holstein,Steinburg,Altenmoor,25335,235,6.12,53.764193,9.57688
010615134012,Schleswig-Holstein,Steinburg,Blomesche Wildnis,25348,583,6.91,53.80577,9.45082
010615134015,Schleswig-Holstein,Steinburg,Borsfleth,25376,775,15.2,53.825372,9.430284
010615134027,Schleswig-Holstein,Steinburg,Engelbrechtsche Wildnis,25348,841,5.13,53.785831,9.44734
010615134037,Schleswig-Holstein,Steinburg,Herzhorn,25379,1115,12.43,53.786143,9.483017
010615134041,Schleswig-Holstein,Steinburg,Hohenfelde,25358,869,17.95,53.844594,9.624106
010615134044,Schleswig-Holstein,Steinburg,Horst (Holstein),25358,6027,29.06,53.81099,9.618468
010615134050,Schleswig-Holstein,Steinburg,Kiebitzreihe,25368,2190,8.7,53.782407,9.614131
010615134054,Schleswig-Holstein,Steinburg,Krempdorf,25376,242,5.65,53.826512,9.461193
010615134074,Schleswig-Holstein,Steinburg,Neuendorf b. Elmshorn,25335,801,15.79,53.737583,9.562834
010615134101,Schleswig-Holstein,Steinburg,Sommerland,25358,737,18.76,53.803001,9.538265
010615134118,Schleswig-Holstein,Steinburg,Kollmar,25377,1627,32.82,53.732667,9.494978
010615138008,Schleswig-Holstein,Steinburg,Bekdorf,25554,87,1.7,53.938255,9.423362
010615138010,Schleswig-Holstein,Steinburg,Bekmünde,25524,154,2.9,53.925343,9.446057
010615138024,Schleswig-Holstein,Steinburg,Drage,25582,223,13.56,54.004376,9.51882
010615138034,Schleswig-Holstein,Steinburg,Heiligenstedten,25524,1484,8.97,53.930303,9.467898
010615138035,Schleswig-Holstein,Steinburg,Heiligenstedtenerkamp,25524,689,0.85,53.898674,9.466889
010615138039,Schleswig-Holstein,Steinburg,Hodorf,25569,196,7.49,53.904109,9.428529
010615138040,Schleswig-Holstein,Steinburg,Hohenaspe,25582,1923,14.08,53.989067,9.527581
010615138045,Schleswig-Holstein,Steinburg,Huje,25588,261,5.54,53.976997,9.435612
010615138047,Schleswig-Holstein,Steinburg,Kaaks,25582,434,8.56,53.990091,9.469405
010615138052,Schleswig-Holstein,Steinburg,Kleve,25554,538,5.57,53.965863,9.404044
010615138059,Schleswig-Holstein,Steinburg,Krummendiek,25554,89,1.78,53.944241,9.416376
010615138065,Schleswig-Holstein,Steinburg,Lohbarbek,25551,773,6.24,53.945682,9.636016
010615138067,Schleswig-Holstein,Steinburg,Mehlbek,25588,395,8.92,54.004849,9.434367
010615138070,Schleswig-Holstein,Steinburg,Moorhusen,25554,73,4.67,53.96046,9.388353
010615138082,Schleswig-Holstein,Steinburg,Oldendorf,25588,1067,9.98,53.954336,9.456166
010615138083,Schleswig-Holstein,Steinburg,Ottenbüttel,25591,682,9.91,53.972124,9.506342
010615138084,Schleswig-Holstein,Steinburg,Peissen,25551,281,10.17,54.024416,9.608692
010615138098,Schleswig-Holstein,Steinburg,Schlotfeld,25551,215,4.8,53.95926,9.583146
010615138100,Schleswig-Holstein,Steinburg,Silzen,25551,153,6.69,54.029281,9.635016
010615138114,Schleswig-Holstein,Steinburg,Winseldorf,25551,306,5.62,53.943527,9.604867
010615153006,Schleswig-Holstein,Steinburg,Bahrenfleth,25569,562,14.76,53.864318,9.42837
010615153022,Schleswig-Holstein,Steinburg,Dägeling,25578,1049,7.53,53.878818,9.531387
010615153026,Schleswig-Holstein,Steinburg,Elskop,25361,161,7.34,53.812422,9.493561
010615153030,Schleswig-Holstein,Steinburg,Grevenkop,25361,328,9.64,53.842102,9.532891
010615153055,Schleswig-Holstein,Steinburg,"Krempe, Stadt",25361,2421,3.38,53.836588,9.489814
010615153056,Schleswig-Holstein,Steinburg,Kremperheide,25569,2443,3.98,53.881515,9.478853
010615153057,Schleswig-Holstein,Steinburg,Krempermoor,25569,542,1.55,53.877501,9.480149
010615153073,Schleswig-Holstein,Steinburg,Neuenbrook,25578,678,14.32,53.861734,9.532922
010615153092,Schleswig-Holstein,Steinburg,Rethwisch,25566,528,9.84,53.866516,9.591715
010615153104,Schleswig-Holstein,Steinburg,Süderau,25361,739,8.86,53.821612,9.512541
010615168001,Schleswig-Holstein,Steinburg,Aasbüttel,25560,162,4.51,54.067271,9.441789
010615168003,Schleswig-Holstein,Steinburg,Agethorst,25560,202,6.1,54.01935,9.436454
010615168011,Schleswig-Holstein,Steinburg,Besdorf,25584,223,7.37,54.050223,9.360112
010615168013,Schleswig-Holstein,Steinburg,Bokelrehm,25596,136,2.69,54.037619,9.385822
010615168014,Schleswig-Holstein,Steinburg,Bokhorst,25560,135,5.87,54.057305,9.400735
010615168021,Schleswig-Holstein,Steinburg,Christinenthal,25593,68,3.37,54.050319,9.532356
010615168031,Schleswig-Holstein,Steinburg,Gribbohm,25596,385,13.23,54.027149,9.347706
010615168033,Schleswig-Holstein,Steinburg,Hadenfeld,25560,153,2.35,54.033384,9.456001
010615168043,Schleswig-Holstein,Steinburg,Holstenniendorf,25584,434,12.09,54.041651,9.348113
010615168048,Schleswig-Holstein,Steinburg,Kaisborstel,25560,71,2.97,54.017568,9.470192
010615168066,Schleswig-Holstein,Steinburg,Looft,25582,376,12.43,54.0287,9.523319
010615168076,Schleswig-Holstein,Steinburg,Nienbüttel,25596,132,4.16,54.03053,9.415315
010615168078,Schleswig-Holstein,Steinburg,Nutteln,25594,252,6.97,53.990288,9.388823
010615168081,Schleswig-Holstein,Steinburg,Oldenborstel,25560,100,4.24,54.062709,9.513298
010615168085,Schleswig-Holstein,Steinburg,Pöschendorf,25560,248,5.92,54.038795,9.490449
010615168087,Schleswig-Holstein,Steinburg,Puls,25560,546,10.9,54.083808,9.515658
010615168091,Schleswig-Holstein,Steinburg,Reher,25593,734,15.3,54.065856,9.573588
010615168097,Schleswig-Holstein,Steinburg,Schenefeld,25560,2884,9.38,54.046014,9.481184
010615168105,Schleswig-Holstein,Steinburg,Vaale,25594,1233,14.91,53.999755,9.379645
010615168106,Schleswig-Holstein,Steinburg,Vaalermoor,25594,121,6.22,53.978742,9.331482
010615168107,Schleswig-Holstein,Steinburg,Wacken,25596,2085,7.1,54.020134,9.379255
010615168108,Schleswig-Holstein,Steinburg,Warringholz,25560,290,6.3,54.078701,9.462802
010615179002,Schleswig-Holstein,Steinburg,Aebtissinwisch,25572,48,3.04,53.970611,9.289846
010615179007,Schleswig-Holstein,Steinburg,Beidenfleth,25573,822,13.6,53.87951,9.40975
010615179018,Schleswig-Holstein,Steinburg,Brokdorf,25576,997,19.79,53.862201,9.329129
010615179020,Schleswig-Holstein,Steinburg,Büttel,25572,26,11.08,53.899717,9.229071
010615179023,Schleswig-Holstein,Steinburg,Dammfleth,25554,282,16.1,53.908818,9.372778
010615179025,Schleswig-Holstein,Steinburg,Ecklak,25572,287,15.6,53.953148,9.262447
010615179060,Schleswig-Holstein,Steinburg,Kudensee,25572,111,3.04,53.930105,9.212866
010615179062,Schleswig-Holstein,Steinburg,Landrecht,25554,104,4.13,53.924719,9.39178
010615179063,Schleswig-Holstein,Steinburg,Landscheide,25572,249,7.44,53.922001,9.251644
010615179077,Schleswig-Holstein,Steinburg,Nortorf,25554,831,20.2,53.926535,9.290542
010615179095,Schleswig-Holstein,Steinburg,Sankt Margarethen,25572,812,12.79,53.889309,9.256234
010615179102,Schleswig-Holstein,Steinburg,Stördorf,25554,123,7.41,53.917182,9.427765
010615179110,Schleswig-Holstein,Steinburg,Wewelsfleth,25599,1337,24.54,53.842946,9.399714
010615179119,Schleswig-Holstein,Steinburg,Neuendorf-Sachsenbande,25554,409,19.3,53.961336,9.327107
010615189019,Schleswig-Holstein,Steinburg,Brokstedt,24616,2226,12.62,53.990426,9.821297
010615189028,Schleswig-Holstein,Steinburg,Fitzbek,25579,375,10.24,54.002409,9.768919
010615189036,Schleswig-Holstein,Steinburg,Hennstedt,25581,610,10.33,54.030506,9.718676
010615189038,Schleswig-Holstein,Steinburg,Hingstheide,25563,81,3.83,53.907529,9.753261
010615189042,Schleswig-Holstein,Steinburg,Hohenlockstedt,25551,5877,45.6,53.964541,9.617875
010615189049,Schleswig-Holstein,Steinburg,"Kellinghusen, Stadt",25548,8091,18.81,53.949204,9.717572
010615189064,Schleswig-Holstein,Steinburg,Lockstedt,25551,156,7.32,54.004046,9.686478
010615189071,Schleswig-Holstein,Steinburg,Mühlenbarbek,25548,253,8.66,53.958662,9.668168
010615189080,Schleswig-Holstein,Steinburg,Oeschebüttel,25548,177,5.48,53.99272,9.72044
010615189086,Schleswig-Holstein,Steinburg,Poyenberg,25581,365,8.82,54.041555,9.691984
010615189088,Schleswig-Holstein,Steinburg,Quarnstedt,25563,415,10.59,53.953878,9.784677
010615189089,Schleswig-Holstein,Steinburg,Rade,25579,101,3.92,54.000918,9.741775
010615189093,Schleswig-Holstein,Steinburg,Rosdorf,25548,354,5.61,53.97689,9.723729
010615189096,Schleswig-Holstein,Steinburg,Sarlhusen,24616,453,10.86,54.023134,9.792793
010615189103,Schleswig-Holstein,Steinburg,Störkathen,25548,89,2.03,53.98103,9.756946
010615189111,Schleswig-Holstein,Steinburg,Wiedenborstel,24613,9,4.52,54.04215,9.761351
010615189112,Schleswig-Holstein,Steinburg,Willenscharen,24616,165,7.61,54.010043,9.80818
010615189116,Schleswig-Holstein,Steinburg,Wrist,25563,2340,10.12,53.930952,9.7507
010615189117,Schleswig-Holstein,Steinburg,Wulfsmoor,25563,365,8.78,53.911925,9.724143
010620001001,Schleswig-Holstein,Stormarn,"Ahrensburg, Stadt",22926,34531,35.29,53.67575,10.239705
010620004004,Schleswig-Holstein,Stormarn,"Bad Oldesloe, Stadt",23843,24981,52.56,53.810046,10.373196
010620006006,Schleswig-Holstein,Stormarn,"Bargteheide, Stadt",22941,16385,15.82,53.730088,10.261922
010620009009,Schleswig-Holstein,Stormarn,Barsbüttel,22885,13342,24.68,53.569015,10.169264
010620018018,Schleswig-Holstein,Stormarn,"Glinde, Stadt",21509,18856,11.21,53.540087,10.211314
010620023023,Schleswig-Holstein,Stormarn,Großhansdorf,22927,9476,11.2,53.662547,10.285038
010620053053,Schleswig-Holstein,Stormarn,Oststeinbek,22113,9052,11.36,53.542137,10.164668
010620060060,Schleswig-Holstein,Stormarn,"Reinbek, Stadt",21465,28146,31.26,53.509793,10.251748
010620061061,Schleswig-Holstein,Stormarn,"Reinfeld (Holstein), Stadt",23858,9127,17.37,53.8315,10.488565
010620076076,Schleswig-Holstein,Stormarn,Tangstedt,22889,6456,39.86,53.73311,10.086868
010620090090,Schleswig-Holstein,Stormarn,Ammersbek,22949,10088,17.71,53.691174,10.167763
010625207019,Schleswig-Holstein,Stormarn,Grabau,23845,751,9.14,53.804138,10.274484
010625207046,Schleswig-Holstein,Stormarn,Meddewade,23847,882,3.1,53.810258,10.440757
010625207050,Schleswig-Holstein,Stormarn,Neritz,23843,356,4.66,53.787753,10.29061
010625207056,Schleswig-Holstein,Stormarn,Pölitz,23847,1243,12.96,53.772565,10.381723
010625207062,Schleswig-Holstein,Stormarn,Rethwisch,23847,1165,13.24,53.782724,10.442751
010625207065,Schleswig-Holstein,Stormarn,Rümpel,23843,1338,15.89,53.782963,10.351796
010625207089,Schleswig-Holstein,Stormarn,Lasbek,23847,1262,12.4,53.733328,10.361146
010625207091,Schleswig-Holstein,Stormarn,Steinburg,22964,2734,23.9,53.707908,10.384291
010625207092,Schleswig-Holstein,Stormarn,Travenbrück,23843,1802,26.47,53.838249,10.298051
010625218005,Schleswig-Holstein,Stormarn,Bargfeld-Stegen,23863,2954,17.82,53.766521,10.186613
010625218014,Schleswig-Holstein,Stormarn,Delingsdorf,22941,2152,8.09,53.706655,10.252309
010625218016,Schleswig-Holstein,Stormarn,Elmenhorst,23869,2821,14.93,53.765182,10.263561
010625218027,Schleswig-Holstein,Stormarn,Hammoor,22941,1348,7.82,53.713776,10.322497
010625218036,Schleswig-Holstein,Stormarn,Jersbek,22941,1756,17.91,53.741287,10.22162
010625218051,Schleswig-Holstein,Stormarn,Nienwohld,23863,493,9.19,53.786824,10.193688
010625218078,Schleswig-Holstein,Stormarn,Todendorf,22965,1250,12.81,53.694794,10.348958
010625218081,Schleswig-Holstein,Stormarn,Tremsbüttel,22967,1887,10.33,53.742856,10.310209
010625244003,Schleswig-Holstein,Stormarn,Badendorf,23619,935,6.11,53.869606,10.583066
010625244008,Schleswig-Holstein,Stormarn,Barnitz,23858,853,11.8,53.805978,10.500288
010625244025,Schleswig-Holstein,Stormarn,Hamberge,23619,1834,6.74,53.838372,10.582459
010625244031,Schleswig-Holstein,Stormarn,Heidekamp,23858,523,3.49,53.854309,10.501018
010625244032,Schleswig-Holstein,Stormarn,Heilshoop,23619,560,8.5,53.887659,10.530579
010625244039,Schleswig-Holstein,Stormarn,Klein Wesenberg,23860,754,8.74,53.811108,10.545462
010625244048,Schleswig-Holstein,Stormarn,Mönkhagen,23619,640,7.31,53.901066,10.560928
010625244059,Schleswig-Holstein,Stormarn,Rehhorst,23619,701,16.18,53.876682,10.469489
010625244083,Schleswig-Holstein,Stormarn,Westerau,23847,765,15.37,53.77882,10.489307
010625244087,Schleswig-Holstein,Stormarn,Zarpen,23619,1434,11.69,53.870262,10.518179
010625244093,Schleswig-Holstein,Stormarn,Feldhorst,23858,550,15.48,53.860382,10.419596
010625244094,Schleswig-Holstein,Stormarn,Wesenberg,23858,1641,11.94,53.826999,10.511206
010625262011,Schleswig-Holstein,Stormarn,Braak,22145,974,7.51,53.610248,10.244579
010625262035,Schleswig-Holstein,Stormarn,Hoisdorf,22955,3477,16.04,53.660162,10.309948
010625262069,Schleswig-Holstein,Stormarn,Siek,22962,2410,12.47,53.635029,10.297782
010625262071,Schleswig-Holstein,Stormarn,Stapelfeld,22145,1839,10.12,53.606585,10.220756
010625262088,Schleswig-Holstein,Stormarn,Brunsbek,22946,1826,14.42,53.587558,10.291266
010625270020,Schleswig-Holstein,Stormarn,Grande,22946,719,7.86,53.58,10.386682
010625270021,Schleswig-Holstein,Stormarn,Grönwohld,22956,1478,9.79,53.642627,10.408036
010625270022,Schleswig-Holstein,Stormarn,Großensee,22946,1862,12.1,53.614238,10.34108
010625270026,Schleswig-Holstein,Stormarn,Hamfelde,22929,512,2.72,53.604796,10.449254
010625270033,Schleswig-Holstein,Stormarn,Hohenfelde,22946,50,1.63,53.630603,10.473458
010625270040,Schleswig-Holstein,Stormarn,Köthel,22929,324,3.85,53.609479,10.507479
010625270045,Schleswig-Holstein,Stormarn,Lütjensee,22952,3293,14.05,53.648967,10.364742
010625270058,Schleswig-Holstein,Stormarn,Rausdorf,22929,232,4.87,53.589038,10.330585
010625270082,Schleswig-Holstein,Stormarn,Trittau,22946,9057,28.58,53.609857,10.407017
010625270086,Schleswig-Holstein,Stormarn,Witzhave,22969,1517,7.87,53.567605,10.337873
020000000000,Hamburg,"Hamburg, Freie und Hansestadt","Hamburg, Freie und Hansestadt",20038,1869473,755.09,53.550678,9.99697
031010000000,Niedersachsen,"Braunschweig, Stadt","Braunschweig, Stadt",38100,252811,192.7,52.26249,10.520525
031020000000,Niedersachsen,"Salzgitter, Stadt","Salzgitter, Stadt",38226,104433,224.48,52.153574,10.329208
031030000000,Niedersachsen,"Wolfsburg, Stadt","Wolfsburg, Stadt",38440,129813,204.62,52.421938,10.784975
031510009009,Niedersachsen,Gifhorn,"Gifhorn, Stadt",38518,42816,105.4,52.484369,10.54687
031510025025,Niedersachsen,Gifhorn,Sassenburg,38524,11869,88.55,52.509875,10.628875
031510040040,Niedersachsen,Gifhorn,"Wittingen, Stadt",29378,11028,225.83,52.72877,10.740212
031515401002,Niedersachsen,Gifhorn,Barwedel,38476,985,19.8,52.522997,10.777346
031515401004,Niedersachsen,Gifhorn,Bokensdorf,38556,1240,14.5,52.501433,10.716047
031515401014,Niedersachsen,Gifhorn,Jembke,38477,2097,14.57,52.497889,10.761218
031515401020,Niedersachsen,Gifhorn,Osloß,38557,2195,7.65,52.46936,10.680239
031515401030,Niedersachsen,Gifhorn,Tappenbeck,38479,1594,5.13,52.47459,10.74338
031515401039,Niedersachsen,Gifhorn,Weyhausen,38554,2798,7.99,52.463114,10.715933
031515402003,Niedersachsen,Gifhorn,Bergfeld,38467,873,10.62,52.546012,10.845843
031515402005,Niedersachsen,Gifhorn,"Brome, Flecken",38465,3095,36.83,52.601479,10.942137
031515402008,Niedersachsen,Gifhorn,Ehra-Lessien,38468,1666,56.25,52.568791,10.787547
031515402021,Niedersachsen,Gifhorn,Parsau,38470,1934,29.45,52.536259,10.891588
031515402024,Niedersachsen,Gifhorn,Rühen,38471,5760,30.94,52.485839,10.885271
031515402031,Niedersachsen,Gifhorn,Tiddische,38473,1243,16.84,52.516745,10.80446
031515402032,Niedersachsen,Gifhorn,Tülau,38474,1482,23.51,52.577302,10.877466
031515403007,Niedersachsen,Gifhorn,Dedelstorf,29386,1198,76.31,52.701001,10.504885
031515403011,Niedersachsen,Gifhorn,Hankensbüttel,29386,4344,34.97,52.730863,10.603682
031515403019,Niedersachsen,Gifhorn,Obernholz,29386,801,37.94,52.7545,10.581937
031515403028,Niedersachsen,Gifhorn,Sprakensehl,29365,1094,84.07,52.767053,10.494115
031515403029,Niedersachsen,Gifhorn,Steinhorst,29367,1225,57.97,52.689985,10.404833
031515404006,Niedersachsen,Gifhorn,Calberlah,38547,5251,27.77,52.421337,10.623002
031515404013,Niedersachsen,Gifhorn,Isenbüttel,38550,6037,18.79,52.434993,10.578957
031515404022,Niedersachsen,Gifhorn,Ribbesbüttel,38551,2104,24.62,52.434224,10.506401
031515404037,Niedersachsen,Gifhorn,Wasbüttel,38553,1843,6.58,52.413252,10.592713
031515405012,Niedersachsen,Gifhorn,Hillerse,38543,2486,24.18,52.413097,10.404067
031515405015,Niedersachsen,Gifhorn,Leiferde,38542,4216,28.09,52.437822,10.43621
031515405017,Niedersachsen,Gifhorn,Meinersen,38536,7971,53.95,52.475153,10.362138
031515405018,Niedersachsen,Gifhorn,Müden (Aller),38539,5165,67.37,52.525594,10.362484
031515406001,Niedersachsen,Gifhorn,Adenbüttel,38528,1787,13.7,52.379328,10.450974
031515406016,Niedersachsen,Gifhorn,Meine,38527,8241,39.04,52.381857,10.545222
031515406023,Niedersachsen,Gifhorn,Rötgesbüttel,38531,2520,10.93,52.415253,10.532239
031515406027,Niedersachsen,Gifhorn,Schwülper,38179,7250,20.94,52.353364,10.432776
031515406034,Niedersachsen,Gifhorn,Vordorf,38533,3123,19.32,52.368373,10.522861
031515406041,Niedersachsen,Gifhorn,Didderse,38530,1287,7.42,52.381017,10.402871
031515407010,Niedersachsen,Gifhorn,Groß Oesingen,29393,2069,57.6,52.648088,10.462138
031515407026,Niedersachsen,Gifhorn,Schönewörde,29396,867,17.71,52.633108,10.62824
031515407033,Niedersachsen,Gifhorn,Ummern,29369,1482,40.46,52.591083,10.432493
031515407035,Niedersachsen,Gifhorn,Wagenhoff,38559,1119,4.32,52.551739,10.523958
031515407036,Niedersachsen,Gifhorn,Wahrenholz,29399,3739,57.99,52.615669,10.603296
031515407038,Niedersachsen,Gifhorn,Wesendorf,29392,5624,31.28,52.592922,10.534582
031519501501,Niedersachsen,Gifhorn,"Giebel, gemfr. Gebiet",,0,10.38,52.514867,10.924456
031530002002,Niedersachsen,Goslar,"Bad Harzburg, Stadt",38667,19503,65.57,51.880275,10.560048
031530008008,Niedersachsen,Goslar,Liebenburg,38704,7784,78.51,52.020145,10.432161
031530012012,Niedersachsen,Goslar,"Seesen, Stadt",38723,18612,102.33,51.890957,10.176074
031530016016,Niedersachsen,Goslar,"Braunlage, Stadt",38700,4767,31.65,51.728022,10.610704
031530017017,Niedersachsen,Goslar,"Goslar, Stadt",38640,47454,163.88,51.906508,10.429312
031530018018,Niedersachsen,Goslar,"Clausthal-Zellerfeld, Berg- und Universitätsstadt",38678,13501,43.69,51.803755,10.333189
031530019019,Niedersachsen,Goslar,"Langelsheim, Stadt",38685,14461,108.76,51.938286,10.335897
031539504504,Niedersachsen,Goslar,"Harz (Landkreis Goslar), gemfr. Gebiet",,0,372.34,51.780628,10.431148
031540013013,Niedersachsen,Helmstedt,"Königslutter am Elm, Stadt",38154,15293,131.12,52.252332,10.816117
031540014014,Niedersachsen,Helmstedt,Lehre,38165,11804,71.96,52.329029,10.668492
031540019019,Niedersachsen,Helmstedt,"Schöningen, Stadt",38364,10937,35.47,52.141775,10.967701
031540028028,Niedersachsen,Helmstedt,"Helmstedt, Stadt",38350,25048,66.74,52.227571,11.010462
031545401008,Niedersachsen,Helmstedt,Grasleben,38368,2256,11.27,52.306136,11.013922
031545401015,Niedersachsen,Helmstedt,Mariental,38368,995,6.55,52.277065,10.98211
031545401016,Niedersachsen,Helmstedt,Querenhorst,38368,495,4.78,52.336909,10.961857
031545401018,Niedersachsen,Helmstedt,Rennau,38368,721,22.76,52.296009,10.911285
031545402002,Niedersachsen,Helmstedt,Beierstedt,38382,360,9.59,52.073819,10.858806
031545402006,Niedersachsen,Helmstedt,Gevensleben,38384,596,15.25,52.07727,10.822148
031545402012,Niedersachsen,Helmstedt,Jerxheim,38381,1024,17.51,52.083452,10.898594
031545402027,Niedersachsen,Helmstedt,Söllingen,38387,1471,39.51,52.092043,10.924517
031545403005,Niedersachsen,Helmstedt,Frellstedt,38373,832,6.15,52.205617,10.915667
031545403017,Niedersachsen,Helmstedt,Räbke,38375,792,11.29,52.194636,10.878602
031545403021,Niedersachsen,Helmstedt,Süpplingen,38373,1667,10.42,52.227235,10.905049
031545403022,Niedersachsen,Helmstedt,Süpplingenburg,38376,649,14.32,52.250906,10.908192
031545403025,Niedersachsen,Helmstedt,Warberg,38378,781,8.03,52.182049,10.92011
031545403026,Niedersachsen,Helmstedt,Wolsdorf,38379,914,13.18,52.190723,10.941747
031545404001,Niedersachsen,Helmstedt,Bahrdorf,38459,1742,40.68,52.387587,11.004207
031545404004,Niedersachsen,Helmstedt,Danndorf,38461,2520,14.07,52.424783,10.912017
031545404007,Niedersachsen,Helmstedt,Grafhorst,38462,1092,9.67,52.444849,10.945085
031545404009,Niedersachsen,Helmstedt,Groß Twülpstedt,38464,2816,36.46,52.373685,10.919959
031545404024,Niedersachsen,Helmstedt,Velpke,38458,4966,19.79,52.408394,10.934106
031549501501,Niedersachsen,Helmstedt,"Brunsleberfeld, gemfr. Gebiet",,0,4.14,52.186879,10.846607
031549502502,Niedersachsen,Helmstedt,"Helmstedt, gemfr. Gebiet",,0,18.73,52.244135,11.040026
031549503503,Niedersachsen,Helmstedt,"Königslutter, gemfr. Gebiet",,0,8.89,52.222709,10.794948
031549504504,Niedersachsen,Helmstedt,"Mariental, gemfr. Gebiet",,0,15.86,52.304462,10.978397
031549506506,Niedersachsen,Helmstedt,"Schöningen, gemfr. Gebiet",,0,11.93,52.159508,10.901115
031550001001,Niedersachsen,Northeim,"Bad Gandersheim, Stadt",37581,8876,90.85,51.870567,10.024463
031550002002,Niedersachsen,Northeim,"Bodenfelde, Flecken",37194,2913,19.77,51.639951,9.553109
031550003003,Niedersachsen,Northeim,"Dassel, Stadt",37586,9034,113.24,51.803,9.687833
031550005005,Niedersachsen,Northeim,"Hardegsen, Stadt",37181,7171,84.03,51.650579,9.829689
031550006006,Niedersachsen,Northeim,Kalefeld,37589,5664,84.21,51.795915,10.034411
031550007007,Niedersachsen,Northeim,Katlenburg-Lindau,37191,6739,71.51,51.682775,10.099285
031550009009,Niedersachsen,Northeim,"Moringen, Stadt",37186,6517,82.38,51.697192,9.871075
031550010010,Niedersachsen,Northeim,"Nörten-Hardenberg, Flecken",37176,7718,54.13,51.625491,9.935241
031550011011,Niedersachsen,Northeim,"Northeim, Stadt",37154,27174,145.85,51.705681,10.000406
031550012012,Niedersachsen,Northeim,"Uslar, Stadt",37170,13414,113.58,51.659335,9.634227
031550013013,Niedersachsen,Northeim,"Einbeck, Stadt",37574,29472,231.92,51.816626,9.86606
031559501501,Niedersachsen,Northeim,"Solling (Landkreis Northeim), gemfr. Geb.",,0,177.28,51.717798,9.593489
031570001001,Niedersachsen,Peine,Edemissen,31234,12322,104.12,52.38746,10.263529
031570002002,Niedersachsen,Peine,Hohenhameln,31249,9411,69.59,52.258403,10.062749
031570005005,Niedersachsen,Peine,Lengede,38268,14675,34.34,52.204873,10.306207
031570006006,Niedersachsen,Peine,"Peine, Stadt",31224,51005,119.84,52.321764,10.227076
031570007007,Niedersachsen,Peine,Vechelde,38159,18060,76.24,52.260798,10.373038
031570008008,Niedersachsen,Peine,Wendeburg,38176,10151,60.15,52.326393,10.385712
031570009009,Niedersachsen,Peine,Ilsede,31241,21525,72.23,52.263896,10.221491
031580006006,Niedersachsen,Wolfenbüttel,Cremlingen,38162,12783,59.49,52.248443,10.65512
031580037037,Niedersachsen,Wolfenbüttel,"Wolfenbüttel, Stadt",38300,52511,78.74,52.163491,10.536202
031580039039,Niedersachsen,Wolfenbüttel,Schladen-Werla,38315,8474,73.91,52.022227,10.540154
031585402002,Niedersachsen,Wolfenbüttel,Baddeckenstedt,38271,2946,20.45,52.083951,10.231504
031585402004,Niedersachsen,Wolfenbüttel,Burgdorf,38272,2080,24.21,52.14603,10.219001
031585402011,Niedersachsen,Wolfenbüttel,Elbe,38274,1470,16.74,52.087474,10.268819
031585402016,Niedersachsen,Wolfenbüttel,Haverlah,38275,1528,16.86,52.052342,10.328568
031585402018,Niedersachsen,Wolfenbüttel,Heere,38277,975,15.35,52.065605,10.249768
031585402028,Niedersachsen,Wolfenbüttel,Sehlde,38279,846,20.39,52.038745,10.262343
031585403005,Niedersachsen,Wolfenbüttel,Cramme,38312,793,12.45,52.113068,10.44596
031585403010,Niedersachsen,Wolfenbüttel,Dorstadt,38312,737,10.38,52.094949,10.561876
031585403014,Niedersachsen,Wolfenbüttel,Flöthe,38312,1081,18.85,52.087325,10.471279
031585403019,Niedersachsen,Wolfenbüttel,Heiningen,38312,688,8.41,52.070091,10.554777
031585403023,Niedersachsen,Wolfenbüttel,Ohrum,38312,616,8.38,52.119288,10.563531
031585403038,Niedersachsen,Wolfenbüttel,Börßum,38312,2810,30.74,52.069203,10.582434
031585406009,Niedersachsen,Wolfenbüttel,Dettum,38173,1168,17.2,52.173042,10.669944
031585406012,Niedersachsen,Wolfenbüttel,Erkerode,38173,793,13.39,52.203267,10.707679
031585406013,Niedersachsen,Wolfenbüttel,Evessen,38173,1220,17.55,52.188334,10.71125
031585406030,Niedersachsen,Wolfenbüttel,Sickte,38173,6007,25.35,52.21405,10.634127
031585406033,Niedersachsen,Wolfenbüttel,Veltheim (Ohe),38173,954,8.49,52.218112,10.682838
031585407007,Niedersachsen,Wolfenbüttel,Dahlum,38170,647,15.18,52.140229,10.8491
031585407008,Niedersachsen,Wolfenbüttel,Denkte,38321,2692,18.25,52.145728,10.606858
031585407017,Niedersachsen,Wolfenbüttel,Hedeper,38322,462,15.7,52.066225,10.680737
031585407021,Niedersachsen,Wolfenbüttel,Kissenbrück,38324,1684,6.49,52.108086,10.59517
031585407022,Niedersachsen,Wolfenbüttel,Kneitlingen,38170,738,17.67,52.174777,10.760789
031585407025,Niedersachsen,Wolfenbüttel,Roklum,38325,422,8.35,52.065366,10.739548
031585407027,Niedersachsen,Wolfenbüttel,"Schöppenstedt, Stadt",38170,5276,39.74,52.144545,10.77471
031585407031,Niedersachsen,Wolfenbüttel,Uehrde,38170,843,24.43,52.10011,10.766094
031585407032,Niedersachsen,Wolfenbüttel,Vahlberg,38170,656,18.08,52.13739,10.69808
031585407035,Niedersachsen,Wolfenbüttel,Winnigstedt,38170,638,12.08,52.065285,10.765292
031585407036,Niedersachsen,Wolfenbüttel,Wittmar,38329,1050,4.67,52.131201,10.640957
031585407040,Niedersachsen,Wolfenbüttel,Remlingen-Semmenstedt,38319,2256,33.43,52.112657,10.673705
031589501501,Niedersachsen,Wolfenbüttel,"Am Großen Rhode, gemfr. Gebiet",,0,5.8,52.194913,10.792837
031589502502,Niedersachsen,Wolfenbüttel,"Barnstorf-Warle, gemfr. Gebiet",,0,1.29,52.172407,10.838907
031589503503,Niedersachsen,Wolfenbüttel,"Voigtsdahlum, gemfr. Gebiet",,0,5.81,52.163017,10.880794
031590001001,Niedersachsen,Göttingen,"Adelebsen, Flecken",37139,6100,76.09,51.579059,9.753742
031590002002,Niedersachsen,Göttingen,Bad Grund (Harz),37539,7701,41.31,51.809721,10.239461
031590003003,Niedersachsen,Göttingen,"Bad Lauterberg im Harz, Stadt",37431,10097,41.56,51.626737,10.46544
031590004004,Niedersachsen,Göttingen,"Bad Sachsa, Stadt",37441,7180,33.2,51.594452,10.552027
031590007007,Niedersachsen,Göttingen,"Bovenden, Flecken",37120,14036,63.7,51.586919,9.921447
031590010010,Niedersachsen,Göttingen,"Duderstadt, Stadt",37115,20173,95.64,51.511503,10.260897
031590013013,Niedersachsen,Göttingen,Friedland,37133,9060,75.87,51.419791,9.913521
031590015015,Niedersachsen,Göttingen,Gleichen,37130,8610,129.25,51.46877,9.980599
031590016016,Niedersachsen,Göttingen,"Göttingen, Stadt",37083,130521,117.02,51.533337,9.935418
031590017017,Niedersachsen,Göttingen,"Hann. Münden, Stadt",34346,23367,121.17,51.415826,9.654832
031590019019,Niedersachsen,Göttingen,"Herzberg am Harz, Stadt",37412,12647,71.88,51.65664,10.340023
031590026026,Niedersachsen,Göttingen,"Osterode am Harz, Stadt",37520,21474,102.54,51.728407,10.248155
031590029029,Niedersachsen,Göttingen,Rosdorf,37124,12263,66.44,51.506056,9.896257
031590034034,Niedersachsen,Göttingen,Staufenberg,34355,7480,77.58,51.352828,9.591676
031590036036,Niedersachsen,Göttingen,Walkenried,37445,3939,21.05,51.584457,10.615065
031595401008,Niedersachsen,Göttingen,Bühren,37127,505,14.0,51.484852,9.677991
031595401009,Niedersachsen,Göttingen,"Dransfeld, Stadt",37127,4274,28.9,51.5023,9.76266
031595401021,Niedersachsen,Göttingen,Jühnde,37127,898,24.54,51.463704,9.801204
031595401024,Niedersachsen,Göttingen,Niemetal,37127,1398,28.53,51.519666,9.729226
031595401031,Niedersachsen,Göttingen,Scheden,37127,1792,26.73,51.458993,9.726961
031595402005,Niedersachsen,Göttingen,Bilshausen,37434,2200,8.49,51.630495,10.158692
031595402006,Niedersachsen,Göttingen,Bodensee,37434,757,7.47,51.604298,10.1319
031595402014,Niedersachsen,Göttingen,"Gieboldehausen, Flecken",37434,3738,19.85,51.610816,10.214772
031595402022,Niedersachsen,Göttingen,Krebeck,37434,1019,12.26,51.587922,10.122558
031595402025,Niedersachsen,Göttingen,Obernfeld,37434,943,10.72,51.555773,10.232938
031595402027,Niedersachsen,Göttingen,Rhumspringe,37434,1692,9.36,51.582395,10.295711
031595402028,Niedersachsen,Göttingen,Rollshausen,37434,833,11.67,51.569563,10.216588
031595402030,Niedersachsen,Göttingen,Rüdershausen,37434,782,9.44,51.581182,10.26824
031595402037,Niedersachsen,Göttingen,Wollbrandshausen,37434,629,6.26,51.586754,10.161618
031595402038,Niedersachsen,Göttingen,Wollershausen,37434,472,9.15,51.596047,10.256335
031595403012,Niedersachsen,Göttingen,Elbingerode,37412,432,5.65,51.659428,10.275669
031595403018,Niedersachsen,Göttingen,Hattorf am Harz,37197,3971,29.19,51.651267,10.235606
031595403020,Niedersachsen,Göttingen,Hörden am Harz,37412,902,7.82,51.668706,10.287111
031595403039,Niedersachsen,Göttingen,Wulften am Harz,37199,1795,14.82,51.662753,10.176939
031595404011,Niedersachsen,Göttingen,Ebergötzen,37136,1973,19.72,51.570616,10.101579
031595404023,Niedersachsen,Göttingen,Landolfshausen,37136,1088,16.22,51.539947,10.104399
031595404032,Niedersachsen,Göttingen,Seeburg,37136,1624,13.44,51.565172,10.149291
031595404033,Niedersachsen,Göttingen,Seulingen,37136,1327,11.1,51.543758,10.160868
031595404035,Niedersachsen,Göttingen,Waake,37136,1251,7.9,51.555296,10.056425
031599501501,Niedersachsen,Göttingen,"Harz (Landkreis Göttingen), gemfr. Geb.",,0,267.85,51.715579,10.388903
032410001001,Niedersachsen,Region Hannover,"Hannover, Landeshauptstadt",30159,522803,204.3,52.374551,9.738084
032410002002,Niedersachsen,Region Hannover,"Barsinghausen, Stadt",30890,33833,102.81,52.301868,9.465004
032410003003,Niedersachsen,Region Hannover,"Burgdorf, Stadt",31303,31059,112.56,52.446741,10.008766
032410004004,Niedersachsen,Region Hannover,"Burgwedel, Stadt",30938,20328,152.84,52.49202,9.856492
032410005005,Niedersachsen,Region Hannover,"Garbsen, Stadt",30823,60007,79.49,52.426344,9.600191
032410006006,Niedersachsen,Region Hannover,"Gehrden, Stadt",30989,15435,43.27,52.315068,9.59892
032410007007,Niedersachsen,Region Hannover,"Hemmingen, Stadt",30966,18815,31.73,52.32069,9.747743
032410008008,Niedersachsen,Region Hannover,Isernhagen,30916,23979,59.85,52.434232,9.846975
032410009009,Niedersachsen,Region Hannover,"Laatzen, Stadt",30880,41724,34.16,52.314795,9.788174
032410010010,Niedersachsen,Region Hannover,"Langenhagen, Stadt",30853,54059,71.97,52.438469,9.734278
032410011011,Niedersachsen,Region Hannover,"Lehrte, Stadt",31275,44140,127.67,52.372615,9.976958
032410012012,Niedersachsen,Region Hannover,"Neustadt am Rübenberge, Stadt",31535,44696,358.96,52.504751,9.457529
032410013013,Niedersachsen,Region Hannover,"Pattensen, Stadt",30982,14699,67.12,52.26395,9.761472
032410014014,Niedersachsen,Region Hannover,"Ronnenberg, Stadt",30952,23807,37.82,52.319008,9.653235
032410015015,Niedersachsen,Region Hannover,"Seelze, Stadt",30926,34383,54.08,52.396951,9.589384
032410016016,Niedersachsen,Region Hannover,"Sehnde, Stadt",31319,23414,103.58,52.310452,9.967173
032410017017,Niedersachsen,Region Hannover,"Springe, Stadt",31832,28851,160.13,52.208899,9.554961
032410018018,Niedersachsen,Region Hannover,Uetze,31311,20107,140.85,52.463947,10.202538
032410019019,Niedersachsen,Region Hannover,Wedemark,30900,29647,174.27,52.545682,9.733449
032410020020,Niedersachsen,Region Hannover,Wennigsen (Deister),30974,14216,53.92,52.274405,9.574146
032410021021,Niedersachsen,Region Hannover,"Wunstorf, Stadt",31515,41126,125.74,52.425436,9.424195
032510007007,Niedersachsen,Diepholz,"Bassum, Stadt",27211,16617,168.85,52.847957,8.725552
032510012012,Niedersachsen,Diepholz,"Diepholz, Stadt",49356,17677,104.7,52.606393,8.370605
032510037037,Niedersachsen,Diepholz,Stuhr,28816,34052,81.84,53.028414,8.750247
032510040040,Niedersachsen,Diepholz,"Sulingen, Stadt",27232,13378,110.83,52.682116,8.801224
032510041041,Niedersachsen,Diepholz,"Syke, Stadt",28857,25301,128.11,52.914548,8.816336
032510042042,Niedersachsen,Diepholz,"Twistringen, Stadt",27239,13166,114.38,52.799962,8.63877
032510044044,Niedersachsen,Diepholz,Wagenfeld,49419,6987,117.57,52.546265,8.590374
032510047047,Niedersachsen,Diepholz,Weyhe,28844,31004,60.36,52.981355,8.840023
032515401009,Niedersachsen,Diepholz,Brockum,49448,1070,30.61,52.46665,8.41884
032515401020,Niedersachsen,Diepholz,Hüde,49448,1237,24.41,52.49539,8.356987
032515401022,Niedersachsen,Diepholz,Lembruch,49459,1275,22.67,52.526785,8.366446
032515401023,Niedersachsen,Diepholz,"Lemförde, Flecken",49448,3454,6.95,52.467768,8.377161
032515401025,Niedersachsen,Diepholz,Marl,49448,723,9.84,52.484483,8.364876
032515401029,Niedersachsen,Diepholz,Quernheim,49448,503,6.24,52.463247,8.392323
032515401036,Niedersachsen,Diepholz,Stemshorn,49448,725,8.84,52.45209,8.362587
032515402005,Niedersachsen,Diepholz,"Barnstorf, Flecken",49406,6757,52.37,52.70951,8.505122
032515402013,Niedersachsen,Diepholz,Drebber,49457,2942,47.13,52.6497,8.425941
032515402014,Niedersachsen,Diepholz,Drentwede,49406,1008,30.41,52.743443,8.573205
032515402017,Niedersachsen,Diepholz,Eydelstedt,49406,1782,76.23,52.691527,8.548216
032515403002,Niedersachsen,Diepholz,Asendorf,27330,2807,58.31,52.771317,9.004551
032515403026,Niedersachsen,Diepholz,Martfeld,27327,2914,35.06,52.875786,9.067936
032515403033,Niedersachsen,Diepholz,Schwarme,27327,2663,24.31,52.899657,9.018694
032515403049,Niedersachsen,Diepholz,"Bruchhausen-Vilsen, Flecken",27305,8957,109.67,52.822285,8.986762
032515404003,Niedersachsen,Diepholz,Bahrenborstel,27245,1108,31.28,52.57221,8.815121
032515404004,Niedersachsen,Diepholz,"Barenburg, Flecken",27245,1218,16.45,52.621324,8.798729
032515404018,Niedersachsen,Diepholz,Freistatt,27259,529,12.55,52.623062,8.648938
032515404021,Niedersachsen,Diepholz,Kirchdorf,27245,2191,47.8,52.594752,8.836015
032515404043,Niedersachsen,Diepholz,Varrel,27259,1334,43.99,52.621233,8.730968
032515404045,Niedersachsen,Diepholz,Wehrbleck,27259,787,28.03,52.628854,8.692263
032515405006,Niedersachsen,Diepholz,Barver,49453,1019,26.04,52.620672,8.593598
032515405011,Niedersachsen,Diepholz,Dickel,49453,484,16.98,52.644554,8.472542
032515405019,Niedersachsen,Diepholz,Hemsloh,49453,529,26.82,52.601629,8.509428
032515405030,Niedersachsen,Diepholz,Rehden,49453,2210,33.34,52.609902,8.482683
032515405046,Niedersachsen,Diepholz,Wetschen,49453,1863,25.11,52.612875,8.448796
032515406001,Niedersachsen,Diepholz,Affinghausen,27257,802,12.28,52.782963,8.87991
032515406015,Niedersachsen,Diepholz,Ehrenburg,27248,1498,49.18,52.747949,8.704319
032515406028,Niedersachsen,Diepholz,Neuenkirchen,27251,1225,14.67,52.774432,8.748262
032515406031,Niedersachsen,Diepholz,Scholen,27251,772,20.47,52.740308,8.769239
032515406032,Niedersachsen,Diepholz,Schwaförden,27252,1456,26.0,52.737783,8.818783
032515406038,Niedersachsen,Diepholz,Sudwalde,27257,986,27.22,52.796913,8.842769
032515407008,Niedersachsen,Diepholz,Borstel,27246,1162,31.08,52.669312,8.971999
032515407024,Niedersachsen,Diepholz,Maasen,27249,435,18.72,52.692321,8.885683
032515407027,Niedersachsen,Diepholz,Mellinghausen,27249,1043,24.44,52.707433,8.897384
032515407034,Niedersachsen,Diepholz,"Siedenburg, Flecken",27254,1218,14.23,52.692898,8.940684
032515407035,Niedersachsen,Diepholz,Staffhorst,27254,516,14.66,52.721512,8.980126
032520001001,Niedersachsen,Hameln-Pyrmont,"Aerzen, Flecken",31855,10387,105.26,52.046638,9.261633
032520002002,Niedersachsen,Hameln-Pyrmont,"Bad Münder am Deister, Stadt",31848,17417,107.97,52.197773,9.463755
032520003003,Niedersachsen,Hameln-Pyrmont,"Bad Pyrmont, Stadt",31812,19715,62.0,51.985333,9.263703
032520004004,Niedersachsen,Hameln-Pyrmont,"Coppenbrügge, Flecken",31863,6931,90.08,52.117614,9.550116
032520005005,Niedersachsen,Hameln-Pyrmont,Emmerthal,31860,9723,114.94,52.049405,9.376592
032520006006,Niedersachsen,Hameln-Pyrmont,"Hameln, Stadt",31785,58152,102.52,52.104402,9.356316
032520007007,Niedersachsen,Hameln-Pyrmont,"Hessisch Oldendorf, Stadt",31840,18352,120.32,52.168347,9.252506
032520008008,Niedersachsen,Hameln-Pyrmont,"Salzhemmendorf, Flecken",31020,9096,94.44,52.066226,9.589601
032540002002,Niedersachsen,Hildesheim,"Alfeld (Leine), Stadt",31061,17991,72.88,51.987221,9.825738
032540003003,Niedersachsen,Hildesheim,Algermissen,31191,7704,35.72,52.253687,9.970613
032540005005,Niedersachsen,Hildesheim,"Bad Salzdetfurth, Stadt",31162,12970,67.18,52.063403,10.007627
032540008008,Niedersachsen,Hildesheim,"Bockenem, Stadt",31167,9362,109.95,52.009625,10.128926
032540011011,Niedersachsen,Hildesheim,Diekholzen,31199,5948,30.22,52.09459,9.918044
032540014014,Niedersachsen,Hildesheim,"Elze, Stadt",31008,8777,47.81,52.121655,9.735897
032540017017,Niedersachsen,Hildesheim,Giesen,31180,9285,34.0,52.195149,9.892277
032540020020,Niedersachsen,Hildesheim,Harsum,31177,10756,50.0,52.21046,9.964458
032540021021,Niedersachsen,Hildesheim,"Hildesheim, Stadt",31134,98207,92.29,52.150623,9.948181
032540022022,Niedersachsen,Hildesheim,Holle,31188,6514,61.27,52.087422,10.16074
032540026026,Niedersachsen,Hildesheim,Nordstemmen,31171,11800,60.21,52.160076,9.782956
032540028028,Niedersachsen,Hildesheim,"Sarstedt, Stadt",31157,19483,43.0,52.234449,9.855848
032540029029,Niedersachsen,Hildesheim,Schellerten,31174,7510,80.41,52.187719,10.10173
032540032032,Niedersachsen,Hildesheim,Söhlde,31185,7487,57.44,52.189397,10.232512
032540042042,Niedersachsen,Hildesheim,Freden (Leine),31084,4477,53.49,51.928153,9.89314
032540044044,Niedersachsen,Hildesheim,Lamspringe,31195,5377,70.49,51.957723,10.008627
032540045045,Niedersachsen,Hildesheim,Sibbesse,31079,5301,71.96,52.054729,9.902564
032545406013,Niedersachsen,Hildesheim,"Eime, Flecken",31036,2558,21.97,52.077171,9.724253
032545406041,Niedersachsen,Hildesheim,"Duingen, Flecken",31089,4647,59.64,52.005816,9.699208
032545406043,Niedersachsen,Hildesheim,"Gronau (Leine), Stadt",31028,10459,88.39,52.084178,9.774244
032550008008,Niedersachsen,Holzminden,"Delligsen, Flecken",31073,7218,36.21,51.942963,9.798914
032550023023,Niedersachsen,Holzminden,"Holzminden, Stadt",37603,18921,88.23,51.828764,9.447159
032555401002,Niedersachsen,Holzminden,"Bevern, Flecken",37639,3697,33.32,51.857475,9.494465
032555401015,Niedersachsen,Holzminden,Golmbach,37640,874,15.95,51.900375,9.545419
032555401021,Niedersachsen,Holzminden,Holenberg,37642,398,7.38,51.909735,9.584829
032555401030,Niedersachsen,Holzminden,Negenborn,37643,686,9.92,51.890628,9.567476
032555403004,Niedersachsen,Holzminden,Boffzen,37691,2376,8.08,51.750619,9.394051
032555403009,Niedersachsen,Holzminden,Derental,37691,565,9.23,51.694959,9.429724
032555403014,Niedersachsen,Holzminden,Fürstenberg,37699,998,3.29,51.731487,9.399382
032555403026,Niedersachsen,Holzminden,"Lauenförde, Flecken",37697,2201,17.2,51.660524,9.386537
032555408003,Niedersachsen,Holzminden,"Bodenwerder, Münchhausenstadt",37619,4631,29.05,51.977346,9.515591
032555408005,Niedersachsen,Holzminden,Brevörde,37647,554,13.63,51.912233,9.427301
032555408016,Niedersachsen,Holzminden,Halle,37620,1392,28.85,51.991248,9.563019
032555408017,Niedersachsen,Holzminden,Hehlen,37619,1625,21.68,51.984688,9.470187
032555408019,Niedersachsen,Holzminden,Heinsen,37649,689,18.62,51.883855,9.434358
032555408020,Niedersachsen,Holzminden,Heyen,37619,412,8.35,52.008111,9.504859
032555408025,Niedersachsen,Holzminden,Kirchbrak,37619,846,18.47,51.965529,9.57338
032555408031,Niedersachsen,Holzminden,"Ottenstein, Flecken",31868,1177,32.92,51.946485,9.408921
032555408032,Niedersachsen,Holzminden,Pegestorf,37619,394,8.34,51.926812,9.49702
032555408033,Niedersachsen,Holzminden,"Polle, Flecken",37647,1105,21.24,51.898705,9.406883
032555408035,Niedersachsen,Holzminden,Vahlbruch,37647,368,14.23,51.921521,9.341323
032555409001,Niedersachsen,Holzminden,Arholzen,37627,327,5.36,51.866505,9.569322
032555409007,Niedersachsen,Holzminden,Deensen,37627,1304,11.04,51.862702,9.590468
032555409010,Niedersachsen,Holzminden,Dielmissen,37633,732,7.52,51.971155,9.607235
032555409012,Niedersachsen,Holzminden,Eimen,37632,800,16.36,51.875883,9.778045
032555409013,Niedersachsen,Holzminden,"Eschershausen, Stadt",37632,3332,23.92,51.929678,9.633947
032555409018,Niedersachsen,Holzminden,Heinade,37627,789,9.09,51.839233,9.632864
032555409022,Niedersachsen,Holzminden,Holzen,37632,475,6.61,51.933805,9.666365
032555409027,Niedersachsen,Holzminden,Lenne,37627,629,5.68,51.891069,9.682356
032555409028,Niedersachsen,Holzminden,Lüerdissen,37635,362,6.94,51.951455,9.626461
032555409034,Niedersachsen,Holzminden,"Stadtoldendorf, Stadt",37627,4885,24.92,51.882484,9.622765
032555409036,Niedersachsen,Holzminden,Wangelnstedt,37627,509,15.19,51.87064,9.687795
032559501501,Niedersachsen,Holzminden,"Boffzen, gemfr. Gebiet",,0,23.36,51.735765,9.436335
032559502502,Niedersachsen,Holzminden,"Eimen, gemfr. Gebiet",,0,12.93,51.905361,9.736439
032559503503,Niedersachsen,Holzminden,"Eschershausen, gemfr. Gebiet",,0,4.9,51.948482,9.684889
032559504504,Niedersachsen,Holzminden,"Grünenplan, gemfr. Gebiet",,0,22.85,51.946505,9.709813
032559505505,Niedersachsen,Holzminden,"Holzminden, gemfr. Gebiet",,0,15.01,51.820315,9.518896
032559506506,Niedersachsen,Holzminden,"Merxhausen, gemfr. Gebiet",,0,22.5,51.815623,9.582919
032559508508,Niedersachsen,Holzminden,"Wenzen, gemfr. Gebiet",,0,15.88,51.904088,9.805732
032560022022,Niedersachsen,Nienburg (Weser),"Nienburg (Weser), Stadt",31582,32644,64.53,52.640859,9.211648
032560025025,Niedersachsen,Nienburg (Weser),"Rehburg-Loccum, Stadt",31547,9851,99.97,52.470153,9.225712
032560030030,Niedersachsen,Nienburg (Weser),"Steyerberg, Flecken",31595,5140,101.99,52.56739,9.026193
032565402005,Niedersachsen,Nienburg (Weser),"Drakenburg, Flecken",31623,1794,11.72,52.68737,9.210548
032565402011,Niedersachsen,Nienburg (Weser),Haßbergen,31626,1679,18.03,52.73085,9.230031
032565402012,Niedersachsen,Nienburg (Weser),Heemsen,31622,1815,39.61,52.704419,9.262984
032565402027,Niedersachsen,Nienburg (Weser),Rohrsen,31627,1134,5.13,52.709796,9.232437
032565407020,Niedersachsen,Nienburg (Weser),Linsburg,31636,1023,23.57,52.593547,9.303647
032565407026,Niedersachsen,Nienburg (Weser),Rodewald,31637,2574,60.26,52.662673,9.482895
032565407029,Niedersachsen,Nienburg (Weser),Steimbke,31634,2405,63.36,52.655474,9.390322
032565407031,Niedersachsen,Nienburg (Weser),Stöckse,31638,1253,38.52,52.641122,9.341552
032565408004,Niedersachsen,Nienburg (Weser),"Diepenau, Flecken",31603,3829,70.05,52.421591,8.732764
032565408024,Niedersachsen,Nienburg (Weser),Raddestorf,31604,1806,41.84,52.455222,8.961702
032565408033,Niedersachsen,Nienburg (Weser),"Uchte, Flecken",31600,4721,90.69,52.499408,8.907246
032565408034,Niedersachsen,Nienburg (Weser),Warmsen,31606,3105,81.71,52.456444,8.848914
032565409003,Niedersachsen,Nienburg (Weser),"Bücken, Flecken",27333,2119,32.49,52.780054,9.134546
032565409007,Niedersachsen,Nienburg (Weser),Eystrup,27324,3621,24.12,52.779255,9.212755
032565409008,Niedersachsen,Nienburg (Weser),Gandesbergen,27324,522,7.02,52.760767,9.223013
032565409009,Niedersachsen,Nienburg (Weser),Hämelhausen,27324,562,9.09,52.780784,9.277964
032565409010,Niedersachsen,Nienburg (Weser),Hassel (Weser),27324,1764,17.67,52.802471,9.205763
032565409013,Niedersachsen,Nienburg (Weser),Hilgermissen,27318,2018,54.41,52.844913,9.149399
032565409014,Niedersachsen,Nienburg (Weser),"Hoya, Stadt",27318,3837,8.45,52.805855,9.135517
032565409015,Niedersachsen,Nienburg (Weser),Hoyerhagen,27318,946,22.67,52.829149,9.08566
032565409028,Niedersachsen,Nienburg (Weser),Schweringen,27333,849,19.53,52.747532,9.181245
032565409035,Niedersachsen,Nienburg (Weser),Warpe,27333,671,20.14,52.740808,9.104535
032565410006,Niedersachsen,Nienburg (Weser),Estorf,31629,1710,19.85,52.588451,9.141689
032565410016,Niedersachsen,Nienburg (Weser),Husum,31632,2315,40.01,52.565208,9.252157
032565410017,Niedersachsen,Nienburg (Weser),Landesbergen,31628,2833,42.03,52.55829,9.119921
032565410018,Niedersachsen,Nienburg (Weser),Leese,31633,1612,29.76,52.505729,9.11604
032565410032,Niedersachsen,Nienburg (Weser),Stolzenau,31592,7027,64.91,52.510921,9.07761
032565411001,Niedersachsen,Nienburg (Weser),Balge,31609,1621,32.12,52.718245,9.184785
032565411002,Niedersachsen,Nienburg (Weser),Binnen,31619,949,24.79,52.618382,9.135239
032565411019,Niedersachsen,Nienburg (Weser),"Liebenau, Flecken",31618,3759,23.07,52.603837,9.095856
032565411021,Niedersachsen,Nienburg (Weser),Marklohe,31608,4531,32.93,52.668633,9.156531
032565411023,Niedersachsen,Nienburg (Weser),Pennigsehl,31621,1181,24.22,52.642381,9.026812
032565411036,Niedersachsen,Nienburg (Weser),Wietzen,31613,1939,40.53,52.71264,9.082455
032570003003,Niedersachsen,Schaumburg,Auetal,31749,5979,62.15,52.234338,9.232853
032570009009,Niedersachsen,Schaumburg,"Bückeburg, Stadt",31675,19016,68.9,52.260372,9.050444
032570028028,Niedersachsen,Schaumburg,"Obernkirchen, Stadt",31683,8907,32.45,52.270718,9.130876
032570031031,Niedersachsen,Schaumburg,"Rinteln, Stadt",31737,25382,109.02,52.186989,9.079841
032570035035,Niedersachsen,Schaumburg,"Stadthagen, Stadt",31655,22556,60.27,52.323705,9.205815
032575401001,Niedersachsen,Schaumburg,Ahnsen,31708,1027,3.43,52.254661,9.101227
032575401005,Niedersachsen,Schaumburg,Bad Eilsen,31707,2537,2.46,52.2407,9.105939
032575401008,Niedersachsen,Schaumburg,Buchholz,31710,712,1.77,52.225073,9.118945
032575401012,Niedersachsen,Schaumburg,Heeßen,31707,1387,1.9,52.23215,9.105587
032575401022,Niedersachsen,Schaumburg,Luhden,31711,1128,4.35,52.226019,9.092095
032575402007,Niedersachsen,Schaumburg,Beckedorf,31699,1424,9.83,52.342837,9.313716
032575402015,Niedersachsen,Schaumburg,Heuerßen,31700,905,3.98,52.329615,9.277037
032575402020,Niedersachsen,Schaumburg,Lindhorst,31698,4228,7.88,52.358059,9.284344
032575402021,Niedersachsen,Schaumburg,Lüdersfeld,31702,1067,12.72,52.358924,9.252911
032575403006,Niedersachsen,Schaumburg,"Bad Nenndorf, Stadt",31542,11530,23.22,52.339433,9.374996
032575403011,Niedersachsen,Schaumburg,Haste,31559,2791,11.17,52.381033,9.39349
032575403016,Niedersachsen,Schaumburg,Hohnhorst,31559,2280,11.96,52.368567,9.371285
032575403036,Niedersachsen,Schaumburg,Suthfeld,31555,1398,5.06,52.364383,9.388337
032575404019,Niedersachsen,Schaumburg,Lauenhagen,31714,1263,9.71,52.356164,9.208019
032575404023,Niedersachsen,Schaumburg,Meerbeck,31715,1824,13.09,52.342306,9.14462
032575404025,Niedersachsen,Schaumburg,Niedernwöhren,31712,1901,11.06,52.352046,9.147705
032575404027,Niedersachsen,Schaumburg,Nordsehl,31717,654,5.97,52.357575,9.18224
032575404030,Niedersachsen,Schaumburg,Pollhagen,31718,1038,12.87,52.383784,9.18941
032575404037,Niedersachsen,Schaumburg,"Wiedensahl, Flecken",31719,877,11.68,52.383095,9.1198
032575405013,Niedersachsen,Schaumburg,Helpsen,31691,1882,7.77,52.311691,9.115865
032575405014,Niedersachsen,Schaumburg,Hespe,31693,2011,6.49,52.328099,9.108916
032575405026,Niedersachsen,Schaumburg,Nienstädt,31688,4229,8.31,52.292917,9.165807
032575405034,Niedersachsen,Schaumburg,Seggebruch,31691,1674,7.49,52.301545,9.095062
032575406002,Niedersachsen,Schaumburg,Apelern,31552,2403,24.57,52.289576,9.336445
032575406017,Niedersachsen,Schaumburg,Hülsede,31867,1016,15.87,52.25013,9.36141
032575406018,Niedersachsen,Schaumburg,"Lauenau, Flecken",31867,4198,16.25,52.274093,9.368136
032575406024,Niedersachsen,Schaumburg,Messenkamp,31867,723,6.82,52.260048,9.380084
032575406029,Niedersachsen,Schaumburg,Pohle,31867,831,7.21,52.265412,9.341642
032575406032,Niedersachsen,Schaumburg,"Rodenberg, Stadt",31552,6274,15.61,52.311819,9.352175
032575407004,Niedersachsen,Schaumburg,Auhagen,31553,1271,12.35,52.398326,9.294945
032575407010,Niedersachsen,Schaumburg,"Hagenburg, Flecken",31558,4413,16.23,52.433351,9.323187
032575407033,Niedersachsen,Schaumburg,"Sachsenhagen, Stadt",31553,1819,15.47,52.39579,9.264827
032575407038,Niedersachsen,Schaumburg,Wölpinghausen,31556,1522,18.33,52.41911,9.237707
033510004004,Niedersachsen,Celle,"Bergen, Stadt",29303,12933,164.39,52.809523,9.962303
033510006006,Niedersachsen,Celle,"Celle, Stadt",29221,66930,176.02,52.626307,10.08067
033510010010,Niedersachsen,Celle,Faßberg,29328,5889,102.31,52.895917,10.162006
033510012012,Niedersachsen,Celle,Hambühren,29313,10110,56.81,52.635569,9.983254
033510023023,Niedersachsen,Celle,Wietze,29323,7363,63.26,52.654604,9.840504
033510024024,Niedersachsen,Celle,Winsen (Aller),29308,12720,155.85,52.679316,9.90864
033510025025,Niedersachsen,Celle,Eschede,29348,5365,196.79,52.733783,10.235106
033510026026,Niedersachsen,Celle,Südheide,29320,11162,196.5,52.83142,10.089991
033515402005,Niedersachsen,Celle,Bröckel,29356,2009,16.33,52.518414,10.216108
033515402007,Niedersachsen,Celle,Eicklingen,29358,3157,22.88,52.550535,10.180086
033515402017,Niedersachsen,Celle,Langlingen,29364,2145,33.58,52.555379,10.289155
033515402022,Niedersachsen,Celle,"Wienhausen, Klostergemeinde",29342,3956,40.56,52.57957,10.186005
033515403002,Niedersachsen,Celle,Ahnsbeck,29353,1646,20.69,52.611286,10.2848
033515403003,Niedersachsen,Celle,Beedenbostel,29355,963,12.58,52.64426,10.256786
033515403008,Niedersachsen,Celle,Eldingen,29351,1968,57.05,52.686123,10.340327
033515403015,Niedersachsen,Celle,Hohne,29362,1691,36.65,52.588534,10.371589
033515403016,Niedersachsen,Celle,Lachendorf,29331,5958,38.44,52.62209,10.245238
033515404001,Niedersachsen,Celle,Adelheidsdorf,29352,2681,33.27,52.565363,10.059931
033515404018,Niedersachsen,Celle,Nienhagen,29336,6393,17.6,52.556183,10.104402
033515404021,Niedersachsen,Celle,Wathlingen,29339,6350,17.81,52.539115,10.157425
033519501501,Niedersachsen,Celle,"Lohheide, gemfr. Bezirk",29303,700,91.48,52.811551,9.930034
033520011011,Niedersachsen,Cuxhaven,"Cuxhaven, Stadt",27472,49545,161.93,53.864463,8.69747
033520032032,Niedersachsen,Cuxhaven,Loxstedt,27612,15988,141.74,53.470254,8.64907
033520050050,Niedersachsen,Cuxhaven,Schiffdorf,27619,14597,113.56,53.531085,8.652806
033520059059,Niedersachsen,Cuxhaven,Beverstedt,27616,13335,198.05,53.434238,8.819169
033520060060,Niedersachsen,Cuxhaven,Hagen im Bremischen,27628,10792,197.43,53.355946,8.644053
033520061061,Niedersachsen,Cuxhaven,Wurster Nordseeküste,27639,16755,181.73,53.688724,8.5677
033520062062,Niedersachsen,Cuxhaven,"Geestland, Stadt",27607,31182,356.56,53.608072,8.594252
033525404002,Niedersachsen,Cuxhaven,Armstorf,21769,704,39.73,53.597506,9.073937
033525404024,Niedersachsen,Cuxhaven,Hollnseth,21769,833,20.82,53.589311,9.103115
033525404029,Niedersachsen,Cuxhaven,Lamstedt,21769,3304,52.87,53.636316,9.096351
033525404036,Niedersachsen,Cuxhaven,Mittelstenahe,21770,575,33.75,53.651268,9.037981
033525404052,Niedersachsen,Cuxhaven,Stinstedt,21772,515,30.43,53.660207,8.973002
033525407020,Niedersachsen,Cuxhaven,Hechthausen,21755,3631,30.73,53.641149,9.237924
033525407022,Niedersachsen,Cuxhaven,"Hemmoor, Stadt",21745,8754,45.07,53.692362,9.153373
033525407044,Niedersachsen,Cuxhaven,Osten,21756,1721,47.99,53.694162,9.188167
033525411004,Niedersachsen,Cuxhaven,Belum,21785,791,25.72,53.816223,8.994205
033525411008,Niedersachsen,Cuxhaven,Bülkau,21782,821,23.22,53.747225,8.979034
033525411025,Niedersachsen,Cuxhaven,Ihlienworth,21775,1502,40.29,53.74069,8.916402
033525411038,Niedersachsen,Cuxhaven,Neuenkirchen,21763,1290,19.64,53.777163,8.893851
033525411039,Niedersachsen,Cuxhaven,"Neuhaus (Oste), Flecken",21785,1045,9.85,53.802219,9.036629
033525411041,Niedersachsen,Cuxhaven,Nordleda,21765,958,21.29,53.763622,8.834004
033525411042,Niedersachsen,Cuxhaven,Oberndorf,21787,1338,32.71,53.751967,9.145492
033525411043,Niedersachsen,Cuxhaven,Odisheim,21775,453,13.52,53.694134,8.940683
033525411045,Niedersachsen,Cuxhaven,Osterbruch,21762,457,10.21,53.778337,8.941582
033525411046,Niedersachsen,Cuxhaven,"Otterndorf, Stadt",21762,7690,33.55,53.807823,8.899714
033525411051,Niedersachsen,Cuxhaven,Steinau,21775,791,36.05,53.683196,8.886576
033525411055,Niedersachsen,Cuxhaven,Wanna,21776,2293,53.93,53.741317,8.810678
033525411056,Niedersachsen,Cuxhaven,Wingst,21789,3348,55.63,53.725276,9.092699
033525411063,Niedersachsen,Cuxhaven,Cadenberge,21781,3878,30.98,53.771739,9.056553
033530005005,Niedersachsen,Harburg,"Buchholz in der Nordheide, Stadt",21244,41636,74.76,53.329257,9.881469
033530026026,Niedersachsen,Harburg,Neu Wulmstorf,21629,23552,56.34,53.462891,9.79559
033530029029,Niedersachsen,Harburg,Rosengarten,21224,13946,63.79,53.379364,9.895289
033530031031,Niedersachsen,Harburg,Seevetal,21218,44091,105.33,53.377707,10.034869
033530032032,Niedersachsen,Harburg,Stelle,21435,12082,38.76,53.379578,10.110327
033530040040,Niedersachsen,Harburg,"Winsen (Luhe), Stadt",21423,37050,109.77,53.362425,10.209159
033535401007,Niedersachsen,Harburg,Drage,21423,4327,30.35,53.409809,10.260961
033535401023,Niedersachsen,Harburg,Marschacht,21436,3909,26.11,53.417357,10.367666
033535401033,Niedersachsen,Harburg,Tespe,21395,4800,24.85,53.39609,10.413989
033535402002,Niedersachsen,Harburg,Asendorf,21271,2188,14.69,53.289989,9.979301
033535402004,Niedersachsen,Harburg,Brackel,21438,1909,14.02,53.296894,10.040623
033535402009,Niedersachsen,Harburg,Egestorf,21272,2674,48.83,53.194675,10.063283
033535402016,Niedersachsen,Harburg,Hanstedt,21271,6320,59.39,53.258027,10.014498
033535402024,Niedersachsen,Harburg,Marxen,21439,1459,13.42,53.311539,10.00924
033535402036,Niedersachsen,Harburg,Undeloh,21274,1015,48.3,53.197429,9.975782
033535403001,Niedersachsen,Harburg,Appel,21279,2096,15.49,53.390684,9.744968
033535403008,Niedersachsen,Harburg,Drestedt,21279,872,5.73,53.327674,9.773823
033535403014,Niedersachsen,Harburg,Halvesbostel,21646,797,18.29,53.359267,9.601215
033535403019,Niedersachsen,Harburg,Hollenstedt,21279,3769,21.96,53.36705,9.715365
033535403025,Niedersachsen,Harburg,Moisburg,21647,2078,11.28,53.40494,9.702446
033535403028,Niedersachsen,Harburg,Regesbostel,21649,1050,16.35,53.378518,9.645208
033535403039,Niedersachsen,Harburg,Wenzendorf,21279,1492,21.64,53.350055,9.772342
033535404003,Niedersachsen,Harburg,Bendestorf,21227,2329,3.87,53.339859,9.965791
033535404017,Niedersachsen,Harburg,Harmstorf,21228,811,5.99,53.348173,9.987203
033535404020,Niedersachsen,Harburg,Jesteburg,21266,7758,28.05,53.306429,9.952787
033535405010,Niedersachsen,Harburg,Eyendorf,21376,1249,13.74,53.202349,10.153673
033535405011,Niedersachsen,Harburg,Garlstorf,21376,1128,16.88,53.236989,10.102673
033535405012,Niedersachsen,Harburg,Garstedt,21441,1421,15.01,53.285914,10.160485
033535405013,Niedersachsen,Harburg,Gödenstorf,21376,1080,16.6,53.228515,10.123465
033535405030,Niedersachsen,Harburg,Salzhausen,21376,4914,34.91,53.225825,10.169305
033535405034,Niedersachsen,Harburg,Toppenstedt,21442,2203,29.35,53.26341,10.10969
033535405037,Niedersachsen,Harburg,Vierhöfen,21444,948,13.95,53.261045,10.221535
033535405042,Niedersachsen,Harburg,Wulfsen,21445,1669,8.52,53.300186,10.144412
033535406006,Niedersachsen,Harburg,Dohren,21255,1193,12.2,53.305306,9.70182
033535406015,Niedersachsen,Harburg,Handeloh,21256,2440,27.0,53.244817,9.833344
033535406018,Niedersachsen,Harburg,Heidenau,21258,2291,38.9,53.314334,9.652803
033535406021,Niedersachsen,Harburg,Kakenstorf,21255,1499,12.69,53.30721,9.766204
033535406022,Niedersachsen,Harburg,Königsmoor,21255,581,10.01,53.232097,9.639963
033535406027,Niedersachsen,Harburg,Otter,21259,1660,34.24,53.240562,9.743028
033535406035,Niedersachsen,Harburg,Tostedt,21255,14411,48.45,53.28106,9.712322
033535406038,Niedersachsen,Harburg,Welle,21261,1227,20.04,53.240407,9.801616
033535406041,Niedersachsen,Harburg,Wistedt,21255,1803,18.61,53.270395,9.681416
033545403005,Niedersachsen,Lüchow-Dannenberg,"Gartow, Flecken",29471,1355,28.41,53.025263,11.46141
033545403007,Niedersachsen,Lüchow-Dannenberg,Gorleben,29475,626,21.35,53.048304,11.356745
033545403010,Niedersachsen,Lüchow-Dannenberg,Höhbeck,29478,633,19.49,53.069938,11.403614
033545403020,Niedersachsen,Lüchow-Dannenberg,Prezelle,29491,409,41.76,52.963312,11.401146
033545403021,Niedersachsen,Lüchow-Dannenberg,"Schnackenburg, Stadt",29493,451,23.7,53.037209,11.566732
033545406003,Niedersachsen,Lüchow-Dannenberg,Damnatz,29472,299,16.55,53.136244,11.175827
033545406004,Niedersachsen,Lüchow-Dannenberg,"Dannenberg (Elbe), Stadt",29451,7879,76.61,53.096496,11.090108
033545406006,Niedersachsen,Lüchow-Dannenberg,Göhrde,29473,568,40.74,53.129893,10.957537
033545406008,Niedersachsen,Lüchow-Dannenberg,Gusborn,29476,1210,48.3,53.106259,11.195998
033545406009,Niedersachsen,Lüchow-Dannenberg,"Hitzacker (Elbe), Stadt",29456,4566,58.67,53.151971,11.0472
033545406011,Niedersachsen,Lüchow-Dannenberg,Jameln,29479,1079,36.16,53.04021,11.075472
033545406012,Niedersachsen,Lüchow-Dannenberg,Karwitz,29481,732,31.74,53.087565,11.015675
033545406014,Niedersachsen,Lüchow-Dannenberg,Langendorf,29484,674,41.05,53.102229,11.253904
033545406019,Niedersachsen,Lüchow-Dannenberg,Neu Darchau,29490,1331,22.73,53.227889,10.884199
033545406027,Niedersachsen,Lüchow-Dannenberg,Zernien,29499,1583,51.97,53.067603,10.88551
033545407001,Niedersachsen,Lüchow-Dannenberg,"Bergen an der Dumme, Flecken",29468,1398,25.63,52.890829,10.956207
033545407002,Niedersachsen,Lüchow-Dannenberg,"Clenze, Flecken",29459,2154,72.35,52.936751,10.954387
033545407013,Niedersachsen,Lüchow-Dannenberg,Küsten,29482,1315,41.53,52.97687,11.06516
033545407015,Niedersachsen,Lüchow-Dannenberg,Lemgow,29485,1329,64.48,52.910082,11.321674
033545407016,Niedersachsen,Lüchow-Dannenberg,Luckau (Wendland),29487,576,22.36,52.927846,11.04936
033545407017,Niedersachsen,Lüchow-Dannenberg,Lübbow,29488,823,19.52,52.909636,11.181483
033545407018,Niedersachsen,Lüchow-Dannenberg,"Lüchow (Wendland), Stadt",29439,9125,89.47,52.967743,11.161706
033545407022,Niedersachsen,Lüchow-Dannenberg,Schnega,29465,1154,54.36,52.890334,10.892015
033545407023,Niedersachsen,Lüchow-Dannenberg,Trebel,29494,928,66.84,52.995463,11.318234
033545407024,Niedersachsen,Lüchow-Dannenberg,Waddeweitz,29496,867,49.28,52.995923,10.959612
033545407025,Niedersachsen,Lüchow-Dannenberg,Woltersdorf,29497,879,28.05,52.953664,11.22332
033545407026,Niedersachsen,Lüchow-Dannenberg,"Wustrow (Wendland), Stadt",29462,2528,30.18,52.924056,11.119401
033549501501,Niedersachsen,Lüchow-Dannenberg,"Gartow, gemfr. Gebiet",,0,52.12,53.004194,11.411792
033549502502,Niedersachsen,Lüchow-Dannenberg,"Göhrde, gemfr. Gebiet",,0,51.91,53.114155,10.833822
033550001001,Niedersachsen,Lüneburg,Adendorf,21365,10795,16.08,53.287818,10.443754
033550009009,Niedersachsen,Lüneburg,"Bleckede, Stadt",21354,9121,140.64,53.291349,10.732726
033550022022,Niedersachsen,Lüneburg,"Lüneburg, Hansestadt",21335,74502,70.5,53.249157,10.408793
033550049049,Niedersachsen,Lüneburg,Amt Neuhaus,19273,4330,238.0,53.285751,10.928994
033555401002,Niedersachsen,Lüneburg,Amelinghausen,21385,3803,27.35,53.125153,10.212483
033555401008,Niedersachsen,Lüneburg,Betzendorf,21386,1093,32.9,53.137255,10.311162
033555401027,Niedersachsen,Lüneburg,Oldendorf (Luhe),21385,936,32.94,53.156905,10.213907
033555401029,Niedersachsen,Lüneburg,Rehlingen,21385,711,66.25,53.106401,10.220029
033555401034,Niedersachsen,Lüneburg,Soderstorf,21388,1429,36.05,53.141222,10.146228
033555402004,Niedersachsen,Lüneburg,"Bardowick, Flecken",21357,6531,23.33,53.292328,10.388067
033555402007,Niedersachsen,Lüneburg,Barum,21357,2009,9.83,53.351294,10.408796
033555402017,Niedersachsen,Lüneburg,Handorf,21447,2104,9.88,53.344975,10.344996
033555402023,Niedersachsen,Lüneburg,Mechtersen,21358,664,14.44,53.280228,10.31886
033555402028,Niedersachsen,Lüneburg,Radbruch,21449,2249,22.53,53.310848,10.28376
033555402039,Niedersachsen,Lüneburg,Vögelsen,21360,2448,8.28,53.277899,10.35108
033555402042,Niedersachsen,Lüneburg,Wittorf,21357,1613,12.03,53.331506,10.380266
033555403010,Niedersachsen,Lüneburg,Boitze,21368,331,25.46,53.148663,10.748691
033555403012,Niedersachsen,Lüneburg,Dahlem,21368,501,17.09,53.203262,10.74816
033555403013,Niedersachsen,Lüneburg,"Dahlenburg, Flecken",21368,3047,50.06,53.188381,10.736987
033555403025,Niedersachsen,Lüneburg,Nahrendorf,21369,1096,44.3,53.174123,10.814655
033555403037,Niedersachsen,Lüneburg,Tosterglope,21371,607,19.6,53.208648,10.82076
033555404020,Niedersachsen,Lüneburg,Kirchgellersen,21394,2337,20.03,53.230268,10.293226
033555404031,Niedersachsen,Lüneburg,Reppenstedt,21391,7029,14.86,53.247865,10.354493
033555404035,Niedersachsen,Lüneburg,Südergellersen,21394,1549,18.56,53.20854,10.296816
033555404041,Niedersachsen,Lüneburg,Westergellersen,21394,1983,20.37,53.235672,10.24207
033555405006,Niedersachsen,Lüneburg,Barnstedt,21406,753,19.77,53.135816,10.372485
033555405014,Niedersachsen,Lüneburg,Deutsch Evern,21407,3655,11.25,53.202644,10.438848
033555405016,Niedersachsen,Lüneburg,Embsen,21409,2762,22.82,53.175557,10.344803
033555405024,Niedersachsen,Lüneburg,Melbeck,21406,3295,16.35,53.178586,10.403227
033555406005,Niedersachsen,Lüneburg,Barendorf,21397,2424,9.31,53.228804,10.521495
033555406026,Niedersachsen,Lüneburg,Neetze,21398,2860,26.86,53.26555,10.624248
033555406030,Niedersachsen,Lüneburg,Reinstorf,21400,1174,30.48,53.234322,10.572521
033555406036,Niedersachsen,Lüneburg,Thomasburg,21401,1318,26.74,53.232111,10.657813
033555406038,Niedersachsen,Lüneburg,Vastorf,21397,828,21.97,53.197671,10.545982
033555406040,Niedersachsen,Lüneburg,Wendisch Evern,21403,1749,14.89,53.215563,10.471354
033555407003,Niedersachsen,Lüneburg,"Artlenburg, Flecken",21380,1786,11.83,53.37287,10.486159
033555407011,Niedersachsen,Lüneburg,Brietlingen,21382,3357,19.86,53.332246,10.447601
033555407015,Niedersachsen,Lüneburg,Echem,21379,1070,10.72,53.338257,10.530693
033555407018,Niedersachsen,Lüneburg,Hittbergen,21522,952,14.62,53.344572,10.59062
033555407019,Niedersachsen,Lüneburg,Hohnstorf (Elbe),21522,2310,10.18,53.365767,10.554873
033555407021,Niedersachsen,Lüneburg,Lüdersburg,21379,684,19.04,53.32065,10.573799
033555407032,Niedersachsen,Lüneburg,Rullstorf,21379,1927,22.87,53.286155,10.530491
033555407033,Niedersachsen,Lüneburg,Scharnebeck,21379,3463,26.9,53.293367,10.507995
033560002002,Niedersachsen,Osterholz,Grasberg,28879,7672,55.77,53.180531,8.983753
033560005005,Niedersachsen,Osterholz,Lilienthal,28865,20148,72.53,53.141292,8.90772
033560007007,Niedersachsen,Osterholz,"Osterholz-Scharmbeck, Stadt",27711,29757,147.17,53.230402,8.782826
033560008008,Niedersachsen,Osterholz,Ritterhude,27721,14787,32.95,53.183333,8.756682
033560009009,Niedersachsen,Osterholz,Schwanewede,28790,19918,132.57,53.225336,8.594113
033560011011,Niedersachsen,Osterholz,Worpswede,27726,9237,76.38,53.222854,8.925015
033565401001,Niedersachsen,Osterholz,Axstedt,27729,1210,10.74,53.35533,8.77323
033565401003,Niedersachsen,Osterholz,Hambergen,27729,5576,30.33,53.310488,8.826407
033565401004,Niedersachsen,Osterholz,Holste,27729,1359,35.37,53.373558,8.857641
033565401006,Niedersachsen,Osterholz,Lübberstedt,27729,689,12.37,53.334956,8.808543
033565401010,Niedersachsen,Osterholz,Vollersode,27729,2987,46.49,53.327712,8.914445
033570008008,Niedersachsen,Rotenburg (Wümme),"Bremervörde, Stadt",27432,18409,150.42,53.485106,9.146245
033570016016,Niedersachsen,Rotenburg (Wümme),Gnarrenburg,27442,9203,123.23,53.3823,9.002998
033570039039,Niedersachsen,Rotenburg (Wümme),"Rotenburg (Wümme), Stadt",27356,23211,99.06,53.110417,9.403666
033570041041,Niedersachsen,Rotenburg (Wümme),Scheeßel,27383,12709,150.01,53.168787,9.482765
033570051051,Niedersachsen,Rotenburg (Wümme),"Visselhövede, Stadt",27374,9542,159.2,52.985561,9.580361
033575401006,Niedersachsen,Rotenburg (Wümme),Bothel,27386,2390,16.71,53.07374,9.503907
033575401009,Niedersachsen,Rotenburg (Wümme),Brockel,27386,1352,25.2,53.095016,9.520542
033575401024,Niedersachsen,Rotenburg (Wümme),Hemsbünde,27386,1128,22.36,53.091079,9.466735
033575401025,Niedersachsen,Rotenburg (Wümme),Hemslingen,27386,1461,27.58,53.087928,9.597826
033575401031,Niedersachsen,Rotenburg (Wümme),Kirchwalsede,27386,1251,36.91,53.020946,9.393998
033575401054,Niedersachsen,Rotenburg (Wümme),Westerwalsede,27386,752,20.18,53.032894,9.363692
033575402015,Niedersachsen,Rotenburg (Wümme),Fintel,27389,3095,36.14,53.172334,9.667823
033575402023,Niedersachsen,Rotenburg (Wümme),Helvesiek,27389,893,21.79,53.215831,9.490545
033575402033,Niedersachsen,Rotenburg (Wümme),Lauenbrück,27389,2524,22.02,53.200735,9.552211
033575402046,Niedersachsen,Rotenburg (Wümme),Stemmen,27389,799,24.73,53.223891,9.554485
033575402049,Niedersachsen,Rotenburg (Wümme),Vahlde,27389,703,17.62,53.184661,9.63205
033575403002,Niedersachsen,Rotenburg (Wümme),Alfstedt,27432,830,16.22,53.548503,9.067399
033575403004,Niedersachsen,Rotenburg (Wümme),Basdahl,27432,1496,32.44,53.443117,8.997025
033575403012,Niedersachsen,Rotenburg (Wümme),Ebersdorf,27432,1028,28.93,53.526451,9.052283
033575403027,Niedersachsen,Rotenburg (Wümme),Hipstedt,27432,1237,29.43,53.495714,8.968361
033575403035,Niedersachsen,Rotenburg (Wümme),Oerel,27432,1893,33.85,53.481562,9.055829
033575404003,Niedersachsen,Rotenburg (Wümme),Anderlingen,27446,809,35.75,53.372365,9.302152
033575404011,Niedersachsen,Rotenburg (Wümme),Deinstedt,27446,620,20.27,53.408604,9.225923
033575404014,Niedersachsen,Rotenburg (Wümme),Farven,27446,634,25.53,53.433712,9.321113
033575404036,Niedersachsen,Rotenburg (Wümme),Ostereistedt,27404,934,28.47,53.302593,9.170931
033575404038,Niedersachsen,Rotenburg (Wümme),Rhade,27404,1012,24.56,53.328359,9.115092
033575404040,Niedersachsen,Rotenburg (Wümme),Sandbostel,27446,780,31.58,53.408968,9.130098
033575404042,Niedersachsen,Rotenburg (Wümme),Seedorf,27404,692,18.75,53.348588,9.226775
033575404043,Niedersachsen,Rotenburg (Wümme),Selsingen,27446,3579,42.15,53.372186,9.214158
033575405017,Niedersachsen,Rotenburg (Wümme),Groß Meckelsen,27419,538,12.36,53.288323,9.447514
033575405019,Niedersachsen,Rotenburg (Wümme),Hamersen,27419,557,13.61,53.253123,9.481584
033575405029,Niedersachsen,Rotenburg (Wümme),Kalbe,27419,616,10.27,53.295093,9.550106
033575405032,Niedersachsen,Rotenburg (Wümme),Klein Meckelsen,27419,949,14.68,53.30395,9.451117
033575405034,Niedersachsen,Rotenburg (Wümme),Lengenbostel,27419,503,5.06,53.29823,9.514765
033575405044,Niedersachsen,Rotenburg (Wümme),Sittensen,27419,6264,18.53,53.278798,9.504941
033575405048,Niedersachsen,Rotenburg (Wümme),Tiste,27419,923,23.97,53.286106,9.53299
033575405050,Niedersachsen,Rotenburg (Wümme),Vierden,27419,770,21.34,53.329175,9.506093
033575405056,Niedersachsen,Rotenburg (Wümme),Wohnste,27419,817,19.23,53.356376,9.523874
033575406001,Niedersachsen,Rotenburg (Wümme),Ahausen,27367,1882,34.62,53.062929,9.313313
033575406005,Niedersachsen,Rotenburg (Wümme),Bötersen,27367,1024,19.93,53.13671,9.31564
033575406020,Niedersachsen,Rotenburg (Wümme),Hassendorf,27367,1229,11.71,53.112036,9.268038
033575406022,Niedersachsen,Rotenburg (Wümme),Hellwege,27367,1106,27.53,53.074033,9.232909
033575406028,Niedersachsen,Rotenburg (Wümme),Horstedt,27367,1253,22.57,53.177667,9.228784
033575406037,Niedersachsen,Rotenburg (Wümme),Reeßum,27367,1762,28.53,53.132397,9.203477
033575406045,Niedersachsen,Rotenburg (Wümme),Sottrum,27367,6435,28.61,53.113013,9.228281
033575407007,Niedersachsen,Rotenburg (Wümme),Breddorf,27412,1019,36.52,53.291695,9.081513
033575407010,Niedersachsen,Rotenburg (Wümme),Bülstedt,27412,761,25.6,53.210127,9.151253
033575407026,Niedersachsen,Rotenburg (Wümme),Hepstedt,27412,991,29.93,53.258743,9.082648
033575407030,Niedersachsen,Rotenburg (Wümme),Kirchtimke,27412,933,16.15,53.250963,9.150798
033575407047,Niedersachsen,Rotenburg (Wümme),Tarmstedt,27412,4075,26.54,53.22678,9.079241
033575407052,Niedersachsen,Rotenburg (Wümme),Vorwerk,27412,988,21.67,53.186759,9.160767
033575407053,Niedersachsen,Rotenburg (Wümme),Westertimke,27412,438,12.04,53.239068,9.132836
033575407055,Niedersachsen,Rotenburg (Wümme),Wilstedt,27412,1746,18.37,53.194726,9.092787
033575408013,Niedersachsen,Rotenburg (Wümme),Elsdorf,27404,2040,49.1,53.242622,9.35309
033575408018,Niedersachsen,Rotenburg (Wümme),Gyhum,27404,2455,48.62,53.219784,9.311117
033575408021,Niedersachsen,Rotenburg (Wümme),Heeslingen,27404,4915,82.46,53.314849,9.335088
033575408057,Niedersachsen,Rotenburg (Wümme),"Zeven, Stadt",27404,13898,74.13,53.295695,9.278731
033580002002,Niedersachsen,Heidekreis,Bispingen,29646,6568,128.48,53.082077,9.996078
033580008008,Niedersachsen,Heidekreis,"Bad Fallingbostel, Stadt",29683,12749,64.02,52.865924,9.693984
033580016016,Niedersachsen,Heidekreis,"Munster, Stadt",29633,15146,194.52,52.986508,10.092879
033580017017,Niedersachsen,Heidekreis,Neuenkirchen,29643,5319,97.1,53.032983,9.704085
033580019019,Niedersachsen,Heidekreis,"Schneverdingen, Stadt",29640,18964,234.92,53.118479,9.787463
033580021021,Niedersachsen,Heidekreis,"Soltau, Stadt",29614,22522,203.77,52.987347,9.837525
033580023023,Niedersachsen,Heidekreis,Wietzendorf,29649,4168,107.58,52.917429,9.97608
033580024024,Niedersachsen,Heidekreis,"Walsrode, Stadt",29664,30942,336.45,52.861848,9.59609
033585401001,Niedersachsen,Heidekreis,"Ahlden (Aller), Flecken",29693,1630,25.95,52.759772,9.552615
033585401006,Niedersachsen,Heidekreis,Eickeloh,29693,779,13.31,52.729265,9.60632
033585401011,Niedersachsen,Heidekreis,Grethem,29690,659,16.44,52.724259,9.579109
033585401012,Niedersachsen,Heidekreis,Hademstorf,29693,849,9.22,52.713325,9.631441
033585401014,Niedersachsen,Heidekreis,Hodenhagen,29693,3076,20.12,52.762312,9.583601
033585402003,Niedersachsen,Heidekreis,Böhme,29693,942,37.0,52.790453,9.477413
033585402009,Niedersachsen,Heidekreis,Frankenfeld,27336,506,24.52,52.768678,9.428854
033585402013,Niedersachsen,Heidekreis,Häuslingen,27336,783,13.69,52.809645,9.392826
033585402018,Niedersachsen,Heidekreis,"Rethem (Aller), Stadt",27336,2327,34.08,52.785453,9.381525
033585403005,Niedersachsen,Heidekreis,Buchholz (Aller),29690,2152,27.1,52.676713,9.679791
033585403007,Niedersachsen,Heidekreis,Essel,29690,1222,34.15,52.6919,9.64201
033585403010,Niedersachsen,Heidekreis,Gilten,29690,1250,33.53,52.706176,9.571926
033585403015,Niedersachsen,Heidekreis,Lindwedel,29690,2729,16.61,52.606188,9.687464
033585403020,Niedersachsen,Heidekreis,Schwarmstedt,29690,5777,30.23,52.676252,9.617614
033589501501,Niedersachsen,Heidekreis,"Osterheide, gemfr. Bezirk",29664,414,178.67,52.853298,9.725404
033590010010,Niedersachsen,Stade,"Buxtehude, Hansestadt",21614,41103,76.69,53.475851,9.698611
033590013013,Niedersachsen,Stade,Drochtersen,21706,11199,126.79,53.709623,9.385084
033590028028,Niedersachsen,Stade,Jork,21635,11510,62.24,53.53298,9.680838
033590038038,Niedersachsen,Stade,"Stade, Hansestadt",21682,48699,110.07,53.601302,9.475977
033595401003,Niedersachsen,Stade,Apensen,21641,4434,20.78,53.433183,9.613698
033595401006,Niedersachsen,Stade,Beckdorf,21643,2755,21.98,53.413131,9.610546
033595401037,Niedersachsen,Stade,Sauensiek,21644,2472,31.7,53.379351,9.599388
033595402011,Niedersachsen,Stade,Deinste,21717,2180,27.22,53.527349,9.442677
033595402017,Niedersachsen,Stade,Fredenbeck,21717,6539,48.62,53.522438,9.398664
033595402031,Niedersachsen,Stade,Kutenholz,27449,4578,68.25,53.481264,9.322712
033595403002,Niedersachsen,Stade,Ahlerstedt,21702,5452,62.56,53.405314,9.451981
033595403005,Niedersachsen,Stade,Bargstedt,21698,2179,26.51,53.460043,9.448787
033595403008,Niedersachsen,Stade,Brest,21698,780,24.59,53.450913,9.382623
033595403023,Niedersachsen,Stade,"Harsefeld, Flecken",21698,14772,51.88,53.452282,9.500801
033595405001,Niedersachsen,Stade,Agathenburg,21684,1375,11.31,53.562845,9.528825
033595405007,Niedersachsen,Stade,Bliedersdorf,21640,1881,12.42,53.481478,9.569528
033595405012,Niedersachsen,Stade,Dollern,21739,2382,12.02,53.539005,9.545545
033595405027,Niedersachsen,Stade,"Horneburg, Flecken",21640,6883,17.13,53.506914,9.584394
033595405034,Niedersachsen,Stade,Nottensdorf,21640,1601,7.14,53.485714,9.601616
033595406020,Niedersachsen,Stade,Grünendeich,21720,1750,3.92,53.568752,9.622879
033595406021,Niedersachsen,Stade,Guderhandviertel,21720,1120,8.94,53.543716,9.61065
033595406026,Niedersachsen,Stade,Hollern-Twielenfleth,21723,3284,20.46,53.592055,9.550708
033595406032,Niedersachsen,Stade,Mittelnkirchen,21720,1083,7.02,53.548293,9.61251
033595406033,Niedersachsen,Stade,Neuenkirchen,21640,838,8.04,53.527407,9.60691
033595406039,Niedersachsen,Stade,Steinkirchen,21720,1731,9.55,53.565364,9.610086
033595407004,Niedersachsen,Stade,Balje,21730,881,58.09,53.831601,9.131287
033595407018,Niedersachsen,Stade,"Freiburg (Elbe), Flecken",21729,1742,34.17,53.824052,9.287803
033595407030,Niedersachsen,Stade,Krummendeich,21732,481,30.03,53.830008,9.207587
033595407035,Niedersachsen,Stade,Oederquart,21734,909,37.13,53.804718,9.239116
033595407040,Niedersachsen,Stade,Wischhafen,21737,2857,33.76,53.774789,9.319527
033595409009,Niedersachsen,Stade,Burweg,21709,998,16.24,53.624639,9.26357
033595409014,Niedersachsen,Stade,Düdenbüttel,21709,1019,10.24,53.591355,9.347573
033595409015,Niedersachsen,Stade,Engelschoff,21710,754,19.68,53.661807,9.323504
033595409016,Niedersachsen,Stade,Estorf,21727,1430,29.49,53.576153,9.203619
033595409019,Niedersachsen,Stade,Großenwörden,21712,487,12.35,53.679436,9.258854
033595409022,Niedersachsen,Stade,Hammah,21714,3333,29.28,53.618178,9.365901
033595409024,Niedersachsen,Stade,Heinbockel,21726,1452,22.69,53.574148,9.326721
033595409025,Niedersachsen,Stade,Himmelpforten,21709,5159,18.28,53.614176,9.30532
033595409029,Niedersachsen,Stade,Kranenburg,21726,750,14.18,53.605166,9.207459
033595409036,Niedersachsen,Stade,Oldendorf,21726,3103,23.96,53.590561,9.25183
033600004004,Niedersachsen,Uelzen,Bienenbüttel,29553,6583,99.54,53.141716,10.491733
033600025025,Niedersachsen,Uelzen,"Uelzen, Hansestadt",29525,32703,136.84,52.96495,10.560601
033605404015,Niedersachsen,Uelzen,Oetzen,29588,1108,31.07,53.021961,10.674941
033605404016,Niedersachsen,Uelzen,Rätzlingen,29590,467,8.54,52.975896,10.675921
033605404018,Niedersachsen,Uelzen,Rosche,29571,1964,72.16,52.986676,10.751954
033605404022,Niedersachsen,Uelzen,Stoetze,29597,623,38.15,53.067789,10.781488
033605404024,Niedersachsen,Uelzen,Suhlendorf,29562,2216,61.34,52.925822,10.768375
033605405007,Niedersachsen,Uelzen,Eimke,29578,847,83.4,52.966872,10.313542
033605405009,Niedersachsen,Uelzen,Gerdau,29581,1397,38.24,52.967698,10.419084
033605405023,Niedersachsen,Uelzen,Suderburg,29556,4374,129.4,52.895002,10.452948
033605407001,Niedersachsen,Uelzen,Altenmedingen,29575,1427,48.19,53.131093,10.602557
033605407002,Niedersachsen,Uelzen,"Bad Bevensen, Stadt",29549,9504,48.37,53.080198,10.575419
033605407003,Niedersachsen,Uelzen,Barum,29576,758,22.32,53.052039,10.516724
033605407006,Niedersachsen,Uelzen,"Ebstorf,Klosterflecken",29574,5268,27.29,53.028888,10.412859
033605407008,Niedersachsen,Uelzen,Emmendorf,29579,737,10.95,53.023893,10.567913
033605407010,Niedersachsen,Uelzen,Hanstedt,29582,913,55.54,53.046471,10.375843
033605407011,Niedersachsen,Uelzen,Himbergen,29584,1681,39.87,53.093107,10.727876
033605407012,Niedersachsen,Uelzen,Jelmstorf,29585,768,13.94,53.100994,10.522747
033605407014,Niedersachsen,Uelzen,Natendorf,29587,669,34.59,53.079751,10.470696
033605407017,Niedersachsen,Uelzen,Römstedt,29591,769,19.1,53.095509,10.650651
033605407019,Niedersachsen,Uelzen,Schwienau,29593,662,31.59,53.005291,10.445514
033605407026,Niedersachsen,Uelzen,Weste,29599,901,25.45,53.059515,10.706469
033605407029,Niedersachsen,Uelzen,Wriedel,29565,2235,105.02,53.031918,10.299221
033605408005,Niedersachsen,Uelzen,"Bad Bodenteich, Flecken",29389,4545,50.15,52.834094,10.678449
033605408013,Niedersachsen,Uelzen,Lüder,29394,1148,55.91,52.808703,10.666284
033605408020,Niedersachsen,Uelzen,Soltendieck,29594,1001,34.28,52.874845,10.75935
033605408030,Niedersachsen,Uelzen,Wrestedt,29559,6099,141.37,52.901997,10.572386
033610001001,Niedersachsen,Verden,"Achim, Stadt",28832,32913,68.06,53.01301,9.033031
033610003003,Niedersachsen,Verden,Dörverden,27313,8584,83.51,52.847043,9.227519
033610005005,Niedersachsen,Verden,Kirchlinteln,27308,10089,174.67,52.939262,9.314682
033610006006,Niedersachsen,Verden,"Langwedel, Flecken",27299,14689,76.24,52.975483,9.192883
033610008008,Niedersachsen,Verden,"Ottersberg, Flecken",28870,13255,99.11,53.108272,9.142734
033610009009,Niedersachsen,Verden,Oyten,28876,16509,63.43,53.059508,9.017071
033610012012,Niedersachsen,Verden,"Verden (Aller), Stadt",27283,27273,71.7,52.923403,9.231105
033615401002,Niedersachsen,Verden,Blender,27337,2817,38.44,52.926727,9.133699
033615401004,Niedersachsen,Verden,Emtinghausen,27321,1532,21.33,52.931761,8.966038
033615401010,Niedersachsen,Verden,Riede,27339,3090,27.05,52.96732,8.940919
033615401013,Niedersachsen,Verden,Thedinghausen,27321,8144,65.79,52.961967,9.02069
034010000000,Niedersachsen,"Delmenhorst, Stadt","Delmenhorst, Stadt",27749,81274,62.45,53.049883,8.630108
034020000000,Niedersachsen,"Emden, Stadt","Emden, Stadt",26721,49009,112.34,53.370558,7.205946
034030000000,Niedersachsen,"Oldenburg (Oldb), Stadt","Oldenburg (Oldb), Stadt",26105,177055,103.09,53.140025,8.212993
034040000000,Niedersachsen,"Osnabrück, Stadt","Osnabrück, Stadt",49074,166257,119.8,52.27692,8.04205
034050000000,Niedersachsen,"Wilhelmshaven, Stadt","Wilhelmshaven, Stadt",26382,75324,107.11,53.520302,8.111156
034510001001,Niedersachsen,Ammerland,Apen,26689,12200,77.02,53.218179,7.80595
034510002002,Niedersachsen,Ammerland,Bad Zwischenahn,26160,29613,130.12,53.180788,8.008329
034510004004,Niedersachsen,Ammerland,Edewecht,26188,22389,113.85,53.128092,7.984159
034510005005,Niedersachsen,Ammerland,Rastede,26180,22936,123.61,53.247323,8.198294
034510007007,Niedersachsen,Ammerland,"Westerstede, Stadt",26655,23956,179.55,53.25741,7.923336
034510008008,Niedersachsen,Ammerland,Wiefelstede,26215,16538,106.5,53.255296,8.116738
034520001001,Niedersachsen,Aurich,"Aurich, Stadt",26603,42575,197.29,53.469895,7.482377
034520002002,Niedersachsen,Aurich,Baltrum,26579,485,6.5,53.727447,7.369884
034520006006,Niedersachsen,Aurich,Großefehn,26629,13955,127.2,53.401328,7.603827
034520007007,Niedersachsen,Aurich,Großheide,26532,8332,69.33,53.592272,7.343594
034520011011,Niedersachsen,Aurich,Hinte,26759,7196,48.05,53.415474,7.193843
034520012012,Niedersachsen,Aurich,Ihlow,26632,12305,123.1,53.406936,7.43444
034520013013,Niedersachsen,Aurich,"Juist, Inselgemeinde",26571,1081,16.41,53.678347,6.995328
034520014014,Niedersachsen,Aurich,Krummhörn,26736,11354,159.21,53.434097,7.097865
034520019019,Niedersachsen,Aurich,"Norden, Stadt",26506,24978,106.33,53.59498,7.202462
034520020020,Niedersachsen,Aurich,"Norderney, Stadt",26548,5358,26.31,53.707276,7.145431
034520023023,Niedersachsen,Aurich,Südbrookmerland,26624,18373,96.82,53.490698,7.357547
034520025025,Niedersachsen,Aurich,"Wiesmoor, Stadt",26639,13967,82.94,53.417153,7.739544
034520027027,Niedersachsen,Aurich,Dornum,26553,4340,76.77,53.647599,7.428549
034525401015,Niedersachsen,Aurich,Leezdorf,26529,1789,8.46,53.548045,7.295301
034525401017,Niedersachsen,Aurich,"Marienhafe, Flecken",26529,2464,4.07,53.523065,7.273447
034525401021,Niedersachsen,Aurich,Osteel,26529,2052,19.93,53.532932,7.26295
034525401022,Niedersachsen,Aurich,Rechtsupweg,26529,1999,5.13,53.528817,7.326952
034525401024,Niedersachsen,Aurich,Upgant-Schott,26529,3525,24.78,53.511863,7.268523
034525401026,Niedersachsen,Aurich,Wirdum,26529,956,14.94,53.479095,7.206717
034525403003,Niedersachsen,Aurich,Berumbur,26524,2695,6.42,53.599722,7.308371
034525403008,Niedersachsen,Aurich,"Hage, Flecken",26524,6531,16.62,53.602759,7.284319
034525403009,Niedersachsen,Aurich,Hagermarsch,26524,428,22.32,53.643639,7.294128
034525403010,Niedersachsen,Aurich,Halbemond,26524,992,6.55,53.56786,7.290133
034525403016,Niedersachsen,Aurich,Lütetsburg,26524,720,16.72,53.600545,7.246801
034529501501,Niedersachsen,Aurich,"Nordseeinsel Memmert, gemfr. Gebiet",26571,0,5.17,53.639822,6.886293
034530001001,Niedersachsen,Cloppenburg,Barßel,26676,13938,84.35,53.168704,7.745157
034530002002,Niedersachsen,Cloppenburg,Bösel,26219,8987,100.21,53.00595,7.954296
034530003003,Niedersachsen,Cloppenburg,Cappeln (Oldenburg),49692,7534,76.51,52.81131,8.113999
034530004004,Niedersachsen,Cloppenburg,"Cloppenburg, Stadt",49661,36535,70.86,52.848368,8.042518
034530005005,Niedersachsen,Cloppenburg,Emstek,49685,12558,108.4,52.834011,8.155308
034530006006,Niedersachsen,Cloppenburg,Essen (Oldenburg),49632,9350,98.11,52.719834,7.939404
034530007007,Niedersachsen,Cloppenburg,"Friesoythe, Stadt",26169,22806,247.5,53.020613,7.859448
034530008008,Niedersachsen,Cloppenburg,Garrel,49681,15407,113.39,52.955028,8.023923
034530009009,Niedersachsen,Cloppenburg,Lastrup,49688,7749,85.53,52.79503,7.864551
034530010010,Niedersachsen,Cloppenburg,Lindern (Oldenburg),49699,4949,65.8,52.844711,7.779913
034530011011,Niedersachsen,Cloppenburg,"Löningen, Stadt",49624,14333,143.52,52.735274,7.757443
034530012012,Niedersachsen,Cloppenburg,Molbergen,49696,9363,102.56,52.858718,7.922121
034530013013,Niedersachsen,Cloppenburg,Saterland,26683,14340,123.6,53.102801,7.678787
034540010010,Niedersachsen,Emsland,Emsbüren,48488,10544,139.57,52.392739,7.292613
034540014014,Niedersachsen,Emsland,Geeste,49744,12186,133.11,52.600995,7.266686
034540018018,Niedersachsen,Emsland,"Haren (Ems), Stadt",49733,24175,208.79,52.790258,7.241603
034540019019,Niedersachsen,Emsland,"Haselünne, Stadt",49740,13503,159.43,52.67361,7.486718
034540032032,Niedersachsen,Emsland,"Lingen (Ems), Stadt",49808,56539,176.19,52.522295,7.316682
034540035035,Niedersachsen,Emsland,"Meppen, Stadt",49716,36984,188.4,52.690751,7.291674
034540041041,Niedersachsen,Emsland,"Papenburg, Stadt",26871,36972,118.44,53.078104,7.393067
034540044044,Niedersachsen,Emsland,Rhede (Ems),26899,4501,74.98,53.059435,7.272848
034540045045,Niedersachsen,Emsland,Salzbergen,48499,7962,53.38,52.322754,7.347275
034540054054,Niedersachsen,Emsland,Twist,49767,9847,105.67,52.635763,7.061567
034545401007,Niedersachsen,Emsland,Dersum,26906,1457,28.57,52.959793,7.276146
034545401008,Niedersachsen,Emsland,Dörpen,26892,5501,33.08,52.965517,7.32235
034545401020,Niedersachsen,Emsland,Heede,26892,2506,31.11,52.993267,7.298923
034545401025,Niedersachsen,Emsland,Kluse,26892,1779,25.3,52.933469,7.342247
034545401030,Niedersachsen,Emsland,Lehe,26892,991,17.87,53.002707,7.34349
034545401037,Niedersachsen,Emsland,Neubörger,26909,1596,16.52,52.955288,7.449731
034545401038,Niedersachsen,Emsland,Neulehe,26909,840,13.62,53.006087,7.415015
034545401056,Niedersachsen,Emsland,Walchum,26907,1736,26.5,52.930598,7.282138
034545401060,Niedersachsen,Emsland,Wippingen,26892,996,16.54,52.924918,7.406911
034545402001,Niedersachsen,Emsland,Andervenne,49832,910,19.67,52.508973,7.570871
034545402003,Niedersachsen,Emsland,Beesten,49832,1753,25.67,52.43596,7.497701
034545402012,Niedersachsen,Emsland,"Freren, Stadt",49832,4892,48.97,52.486741,7.543898
034545402036,Niedersachsen,Emsland,Messingen,49832,1118,25.44,52.466511,7.460185
034545402053,Niedersachsen,Emsland,Thuine,49832,1725,12.47,52.498887,7.489624
034545403009,Niedersachsen,Emsland,Dohren,49770,1150,25.63,52.64514,7.584082
034545403021,Niedersachsen,Emsland,Herzlake,49770,4837,49.78,52.684854,7.606648
034545403026,Niedersachsen,Emsland,Lähden,49774,4544,79.89,52.744149,7.567496
034545404013,Niedersachsen,Emsland,Fresenburg,49762,927,21.62,52.883333,7.298413
034545404029,Niedersachsen,Emsland,Lathen,49762,6748,38.05,52.862362,7.314254
034545404039,Niedersachsen,Emsland,Niederlangen,49779,1319,29.36,52.856972,7.284729
034545404040,Niedersachsen,Emsland,Oberlangen,49779,994,22.24,52.849165,7.275066
034545404043,Niedersachsen,Emsland,Renkenberge,49762,691,18.98,52.90842,7.377889
034545404052,Niedersachsen,Emsland,Sustrum,49762,1369,35.58,52.911212,7.28378
034545405002,Niedersachsen,Emsland,Bawinkel,49844,2707,20.35,52.600378,7.411492
034545405015,Niedersachsen,Emsland,Gersten,49838,1199,28.83,52.571887,7.495371
034545405017,Niedersachsen,Emsland,Handrup,49838,831,14.6,52.565882,7.570664
034545405028,Niedersachsen,Emsland,Langen,49838,1375,33.53,52.541236,7.468918
034545405031,Niedersachsen,Emsland,Lengerich,49838,2857,31.72,52.553577,7.532282
034545405059,Niedersachsen,Emsland,Wettrup,49838,531,13.82,52.589256,7.59702
034545406004,Niedersachsen,Emsland,Bockhorst,26897,1011,18.25,53.035299,7.573971
034545406006,Niedersachsen,Emsland,Breddenberg,26897,812,8.94,52.953742,7.607868
034545406011,Niedersachsen,Emsland,Esterwegen,26897,5387,49.59,52.993068,7.633031
034545406022,Niedersachsen,Emsland,Hilkenbrook,26897,767,11.12,52.984367,7.70807
034545406051,Niedersachsen,Emsland,Surwold,26903,4331,55.0,53.009275,7.491006
034545407005,Niedersachsen,Emsland,Börger,26904,2921,55.52,52.912037,7.533851
034545407016,Niedersachsen,Emsland,Groß Berßen,49777,726,20.76,52.775071,7.494905
034545407023,Niedersachsen,Emsland,Hüven,49751,573,15.24,52.785938,7.551923
034545407024,Niedersachsen,Emsland,Klein Berßen,49777,1199,16.93,52.768675,7.463796
034545407047,Niedersachsen,Emsland,Sögel,49751,7895,55.26,52.839834,7.521946
034545407048,Niedersachsen,Emsland,Spahnharrenstätte,49751,1507,36.07,52.869924,7.601923
034545407050,Niedersachsen,Emsland,Stavern,49777,1067,50.95,52.796854,7.433338
034545407058,Niedersachsen,Emsland,Werpeloh,49751,1179,35.33,52.875508,7.507496
034545408034,Niedersachsen,Emsland,Lünne,48480,2132,30.26,52.43095,7.423778
034545408046,Niedersachsen,Emsland,Schapen,48480,2462,26.67,52.403274,7.559026
034545408049,Niedersachsen,Emsland,Spelle,48480,9827,34.22,52.367401,7.469059
034545409027,Niedersachsen,Emsland,Lahn,49757,912,21.24,52.81632,7.616105
034545409033,Niedersachsen,Emsland,Lorup,26901,3230,51.35,52.924387,7.644995
034545409042,Niedersachsen,Emsland,Rastdorf,26901,1079,26.33,52.912598,7.709197
034545409055,Niedersachsen,Emsland,Vrees,49757,1975,37.55,52.887605,7.774552
034545409057,Niedersachsen,Emsland,"Werlte, Stadt",49757,10319,63.81,52.851059,7.678432
034550007007,Niedersachsen,Friesland,"Jever, Stadt",26441,14671,42.24,53.575606,7.900312
034550014014,Niedersachsen,Friesland,Sande,26452,8629,44.91,53.49975,8.01612
034550015015,Niedersachsen,Friesland,"Schortens, Stadt",26419,21001,68.79,53.540474,7.948406
034550020020,Niedersachsen,Friesland,Wangerland,26434,9137,176.19,53.662516,7.915526
034550021021,Niedersachsen,Friesland,"Wangerooge, Nordseebad",26486,1048,4.97,53.791535,7.899863
034550025025,Niedersachsen,Friesland,Bockhorn,26345,8791,77.27,53.393237,8.013199
034550026026,Niedersachsen,Friesland,"Varel, Stadt",26316,24635,113.75,53.394916,8.135174
034550027027,Niedersachsen,Friesland,Zetel,26340,12349,81.41,53.418096,7.973923
034560001001,Niedersachsen,Grafschaft Bentheim,"Bad Bentheim, Stadt",48455,16676,99.99,52.302515,7.159614
034560015015,Niedersachsen,Grafschaft Bentheim,"Nordhorn, Stadt",48529,57372,149.86,52.435804,7.071263
034560025025,Niedersachsen,Grafschaft Bentheim,Wietmarschen,49835,12929,119.09,52.51958,7.132326
034565401002,Niedersachsen,Grafschaft Bentheim,Emlichheim,49824,7744,48.65,52.606837,6.853449
034565401009,Niedersachsen,Grafschaft Bentheim,Hoogstede,49846,2888,49.78,52.581113,6.94796
034565401012,Niedersachsen,Grafschaft Bentheim,Laar,49824,2050,51.01,52.61344,6.740122
034565401019,Niedersachsen,Grafschaft Bentheim,Ringe,49824,1938,35.36,52.595589,6.921272
034565402004,Niedersachsen,Grafschaft Bentheim,Esche,49828,616,11.0,52.541454,6.959226
034565402005,Niedersachsen,Grafschaft Bentheim,Georgsdorf,49828,1286,19.29,52.5707,7.070904
034565402013,Niedersachsen,Grafschaft Bentheim,Lage,49828,1095,6.39,52.468027,6.961467
034565402014,Niedersachsen,Grafschaft Bentheim,"Neuenhaus, Stadt",49828,10827,31.37,52.498188,6.966389
034565402017,Niedersachsen,Grafschaft Bentheim,Osterwald,49828,1141,33.44,52.548426,7.056631
034565403003,Niedersachsen,Grafschaft Bentheim,Engden,48465,413,44.3,52.391482,7.175182
034565403010,Niedersachsen,Grafschaft Bentheim,Isterberg,48465,625,20.32,52.360206,7.175623
034565403016,Niedersachsen,Grafschaft Bentheim,Ohne,48465,651,9.03,52.272738,7.283482
034565403018,Niedersachsen,Grafschaft Bentheim,Quendorf,48465,635,14.13,52.33849,7.208063
034565403020,Niedersachsen,Grafschaft Bentheim,Samern,48465,797,26.07,52.299715,7.255962
034565403027,Niedersachsen,Grafschaft Bentheim,"Schüttorf, Stadt",48465,13523,19.45,52.322484,7.225202
034565404006,Niedersachsen,Grafschaft Bentheim,Getelo,49843,494,20.25,52.469548,6.841933
034565404007,Niedersachsen,Grafschaft Bentheim,Gölenkamp,49843,597,20.95,52.510203,6.91598
034565404008,Niedersachsen,Grafschaft Bentheim,Halle,49843,653,21.16,52.453233,6.91795
034565404011,Niedersachsen,Grafschaft Bentheim,Itterbeck,49847,1697,41.08,52.505277,6.801312
034565404023,Niedersachsen,Grafschaft Bentheim,Uelsen,49843,5930,19.47,52.49633,6.885313
034565404024,Niedersachsen,Grafschaft Bentheim,Wielen,49847,503,23.09,52.546959,6.733946
034565404026,Niedersachsen,Grafschaft Bentheim,Wilsum,49849,1594,47.26,52.535789,6.855597
034570002002,Niedersachsen,Leer,"Borkum, Stadt",26757,4295,30.98,53.588001,6.664597
034570012012,Niedersachsen,Leer,Jemgum,26844,3429,78.54,53.265053,7.382705
034570013013,Niedersachsen,Leer,"Leer (Ostfriesland), Stadt",26789,34277,70.11,53.22947,7.451416
034570014014,Niedersachsen,Leer,Moormerland,26802,23357,122.14,53.314314,7.485564
034570017017,Niedersachsen,Leer,Ostrhauderfehn,26842,12002,51.01,53.13993,7.619279
034570018018,Niedersachsen,Leer,Rhauderfehn,26817,18199,102.93,53.140691,7.567591
034570020020,Niedersachsen,Leer,Uplengen,26670,12030,148.81,53.305137,7.750133
034570021021,Niedersachsen,Leer,"Weener, Stadt",26826,15243,81.23,53.165511,7.349834
034570022022,Niedersachsen,Leer,Westoverledingen,26810,21119,112.1,53.166927,7.454007
034570024024,Niedersachsen,Leer,Bunde,26831,7388,120.95,53.184408,7.269253
034575402003,Niedersachsen,Leer,Brinkum,26835,814,5.52,53.267565,7.558982
034575402009,Niedersachsen,Leer,Firrel,26835,802,8.25,53.33058,7.662352
034575402010,Niedersachsen,Leer,Hesel,26835,4697,43.99,53.305406,7.59365
034575402011,Niedersachsen,Leer,Holtland,26835,2197,14.7,53.277841,7.578676
034575402015,Niedersachsen,Leer,Neukamperfehn,26835,1836,6.28,53.33779,7.557533
034575402019,Niedersachsen,Leer,Schwerinsdorf,26835,737,5.59,53.310114,7.659246
034575403006,Niedersachsen,Leer,"Detern, Flecken",26847,2733,43.31,53.210299,7.674185
034575403008,Niedersachsen,Leer,Filsum,26849,2215,23.75,53.244994,7.625571
034575403016,Niedersachsen,Leer,Nortmoor,26845,1741,15.21,53.247364,7.562055
034579501501,Niedersachsen,Leer,"Insel Lütje Hörn, gemfr. Gebiet",,0,0.31,53.589754,6.865946
034580003003,Niedersachsen,Oldenburg,Dötlingen,27801,6203,102.02,52.93637,8.381562
034580005005,Niedersachsen,Oldenburg,Ganderkesee,27777,31564,138.44,53.034068,8.547501
034580007007,Niedersachsen,Oldenburg,Großenkneten,26197,15528,176.44,52.944822,8.256473
034580009009,Niedersachsen,Oldenburg,Hatten,26209,14198,103.78,53.018388,8.349977
034580010010,Niedersachsen,Oldenburg,Hude (Oldenburg),27798,15842,124.79,53.112607,8.457772
034580013013,Niedersachsen,Oldenburg,Wardenburg,26203,16585,118.8,53.059731,8.19767
034580014014,Niedersachsen,Oldenburg,"Wildeshausen, Stadt",27793,21347,89.7,52.894686,8.431942
034585401001,Niedersachsen,Oldenburg,Beckeln,27243,773,33.54,52.861461,8.582048
034585401002,Niedersachsen,Oldenburg,Colnrade,27243,775,18.48,52.822051,8.475271
034585401004,Niedersachsen,Oldenburg,Dünsen,27243,1204,10.88,52.924212,8.637791
034585401006,Niedersachsen,Oldenburg,Groß Ippener,27243,1057,28.17,52.959055,8.618161
034585401008,Niedersachsen,Oldenburg,"Harpstedt, Flecken",27243,4781,23.48,52.909164,8.586698
034585401011,Niedersachsen,Oldenburg,Kirchseelte,27243,1198,15.0,52.947891,8.677608
034585401012,Niedersachsen,Oldenburg,Prinzhöfte,27243,621,42.07,52.949921,8.563587
034585401015,Niedersachsen,Oldenburg,Winkelsett,27243,500,39.23,52.872468,8.528063
034590003003,Niedersachsen,Osnabrück,Bad Essen,49152,16265,103.33,52.319617,8.343951
034590004004,Niedersachsen,Osnabrück,"Bad Iburg, Stadt",49186,10610,36.47,52.156471,8.045253
034590005005,Niedersachsen,Osnabrück,Bad Laer,49196,8828,46.81,52.100739,8.08725
034590006006,Niedersachsen,Osnabrück,Bad Rothenfelde,49214,8249,18.21,52.108228,8.160649
034590008008,Niedersachsen,Osnabrück,Belm,49191,13907,46.64,52.302111,8.140643
034590012012,Niedersachsen,Osnabrück,Bissendorf,49143,14535,96.41,52.235466,8.16853
034590013013,Niedersachsen,Osnabrück,Bohmte,49163,13139,110.73,52.367543,8.313498
034590014014,Niedersachsen,Osnabrück,"Bramsche, Stadt",49565,27864,183.4,52.406729,7.97915
034590015015,Niedersachsen,Osnabrück,"Dissen am Teutoburger Wald, Stadt",49201,10440,31.9,52.114735,8.201339
034590019019,Niedersachsen,Osnabrück,"Georgsmarienhütte, Stadt",49124,31074,55.48,52.206154,8.03415
034590020020,Niedersachsen,Osnabrück,Hagen am Teutoburger Wald,49170,13208,34.49,52.197155,7.978062
034590021021,Niedersachsen,Osnabrück,Hasbergen,49205,10878,21.72,52.243059,7.955852
034590022022,Niedersachsen,Osnabrück,Hilter am Teutoburger Wald,49176,10064,52.59,52.13943,8.146029
034590024024,Niedersachsen,Osnabrück,"Melle, Stadt",49324,46396,253.95,52.201721,8.335672
034590029029,Niedersachsen,Osnabrück,Ostercappeln,49179,9738,100.16,52.345657,8.226132
034590033033,Niedersachsen,Osnabrück,Wallenhorst,49134,22591,47.17,52.350532,8.015405
034590034034,Niedersachsen,Osnabrück,Glandorf,49219,6500,59.87,52.082219,8.001805
034595401007,Niedersachsen,Osnabrück,Badbergen,49635,4285,79.11,52.633175,7.981071
034595401025,Niedersachsen,Osnabrück,Menslage,49637,2302,65.23,52.674882,7.818913
034595401028,Niedersachsen,Osnabrück,Nortrup,49638,2925,27.08,52.614148,7.85948
034595401030,Niedersachsen,Osnabrück,"Quakenbrück, Stadt",49610,14088,17.96,52.675872,7.95763
034595402001,Niedersachsen,Osnabrück,Alfhausen,49594,4210,39.33,52.503379,7.953473
034595402002,Niedersachsen,Osnabrück,Ankum,49577,8085,66.3,52.541026,7.871286
034595402010,Niedersachsen,Osnabrück,"Bersenbrück, Stadt",49593,8273,42.54,52.555167,7.947724
034595402016,Niedersachsen,Osnabrück,Eggermühlen,49577,1799,27.4,52.568715,7.815537
034595402018,Niedersachsen,Osnabrück,Gehrde,49596,2550,36.36,52.577704,8.007409
034595402023,Niedersachsen,Osnabrück,Kettenkamp,49577,1742,12.88,52.586115,7.829719
034595402031,Niedersachsen,Osnabrück,Rieste,49597,3620,30.59,52.484176,8.011941
034595403009,Niedersachsen,Osnabrück,Berge,49626,3472,66.78,52.620689,7.742676
034595403011,Niedersachsen,Osnabrück,Bippen,49626,2903,79.22,52.582613,7.740175
034595403017,Niedersachsen,Osnabrück,"Fürstenau, Stadt",49584,9415,78.65,52.516666,7.674799
034595404026,Niedersachsen,Osnabrück,Merzen,49586,3678,53.05,52.47706,7.830143
034595404027,Niedersachsen,Osnabrück,Neuenkirchen,49586,4718,57.63,52.41908,7.83787
034595404032,Niedersachsen,Osnabrück,Voltlage,49599,1779,42.35,52.430409,7.744771
034600001001,Niedersachsen,Vechta,Bakum,49456,6905,78.88,52.741658,8.195485
034600002002,Niedersachsen,Vechta,"Damme, Stadt",49401,17449,104.39,52.521308,8.196486
034600003003,Niedersachsen,Vechta,"Dinklage, Stadt",49413,13547,72.8,52.661041,8.123768
034600004004,Niedersachsen,Vechta,Goldenstedt,49424,10342,88.91,52.787669,8.430766
034600005005,Niedersachsen,Vechta,Holdorf,49451,7546,55.0,52.588255,8.123229
034600006006,Niedersachsen,Vechta,"Lohne (Oldenburg), Stadt",49393,28114,91.11,52.66558,8.238487
034600007007,Niedersachsen,Vechta,Neuenkirchen-Vörden,49434,8857,90.94,52.509539,8.068681
034600008008,Niedersachsen,Vechta,Steinfeld (Oldenburg),49439,10425,60.05,52.586924,8.217045
034600009009,Niedersachsen,Vechta,"Vechta, Stadt",49377,33768,87.89,52.726848,8.284656
034600010010,Niedersachsen,Vechta,Visbek,49429,9885,84.24,52.836739,8.312532
034610001001,Niedersachsen,Wesermarsch,Berne,27804,7075,85.1,53.184901,8.477527
034610002002,Niedersachsen,Wesermarsch,"Brake (Unterweser), Stadt",26919,15144,38.3,53.326342,8.478138
034610003003,Niedersachsen,Wesermarsch,Butjadingen,26969,6048,129.56,53.574556,8.362601
034610004004,Niedersachsen,Wesermarsch,"Elsfleth, Stadt",26931,8921,115.19,53.237137,8.457116
034610005005,Niedersachsen,Wesermarsch,Jade,26349,5955,94.05,53.330894,8.18808
034610006006,Niedersachsen,Wesermarsch,Lemwerder,27809,6980,36.4,53.162414,8.61527
034610007007,Niedersachsen,Wesermarsch,"Nordenham, Stadt",26954,25759,87.77,53.484863,8.484084
034610008008,Niedersachsen,Wesermarsch,Ovelgönne,26939,5446,124.28,53.342233,8.422554
034610009009,Niedersachsen,Wesermarsch,Stadland,26935,7524,114.14,53.401876,8.453082
034620005005,Niedersachsen,Wittmund,Friedeburg,26446,10203,163.75,53.45565,7.837696
034620007007,Niedersachsen,Wittmund,Langeoog,26465,1341,19.73,53.747016,7.479321
034620014014,Niedersachsen,Wittmund,Spiekeroog,26474,648,18.15,53.770745,7.696086
034620019019,Niedersachsen,Wittmund,"Wittmund, Stadt",26409,19951,210.15,53.575515,7.780018
034625401002,Niedersachsen,Wittmund,Dunum,26427,1053,26.84,53.597359,7.643871
034625401003,Niedersachsen,Wittmund,"Esens, Stadt",26427,7045,21.67,53.642701,7.612336
034625401006,Niedersachsen,Wittmund,Holtgast,26427,1780,24.01,53.632162,7.580929
034625401008,Niedersachsen,Wittmund,Moorweg,26427,869,18.64,53.592246,7.585892
034625401010,Niedersachsen,Wittmund,Neuharlingersiel,26427,975,24.56,53.69927,7.704394
034625401015,Niedersachsen,Wittmund,Stedesdorf,26427,1648,27.94,53.625067,7.663569
034625401017,Niedersachsen,Wittmund,Werdum,26427,724,18.45,53.65867,7.715879
034625402001,Niedersachsen,Wittmund,Blomberg,26487,1842,12.8,53.575775,7.558372
034625402004,Niedersachsen,Wittmund,Eversmeer,26556,843,11.55,53.561363,7.428893
034625402009,Niedersachsen,Wittmund,Nenndorf,26556,762,6.86,53.590137,7.434157
034625402011,Niedersachsen,Wittmund,Neuschoo,26487,1226,14.47,53.577457,7.512686
034625402012,Niedersachsen,Wittmund,Ochtersum,26489,934,10.83,53.605178,7.525015
034625402013,Niedersachsen,Wittmund,Schweindorf,26556,732,5.44,53.600919,7.474601
034625402016,Niedersachsen,Wittmund,Utarp,26556,655,6.38,53.611076,7.483348
034625402018,Niedersachsen,Wittmund,Westerholt,26556,2618,14.62,53.590175,7.457856
040110000000,Bremen,"Bremen, Stadt","Bremen, Stadt",28195,588413,326.17,53.075606,8.809338
040120000000,Bremen,"Bremerhaven, Stadt","Bremerhaven, Stadt",27576,118502,93.77,53.543032,8.578068
051110000000,Nordrhein-Westfalen,"Düsseldorf, Stadt","Düsseldorf, Stadt",40213,619444,217.41,51.22422,6.780068
051120000000,Nordrhein-Westfalen,"Duisburg, Stadt","Duisburg, Stadt",47051,500810,232.84,51.433259,6.765477
051130000000,Nordrhein-Westfalen,"Essen, Stadt","Essen, Stadt",45121,573618,210.34,51.455843,7.012583
051140000000,Nordrhein-Westfalen,"Krefeld, Stadt","Krefeld, Stadt",47798,230738,137.77,51.332637,6.56089
051160000000,Nordrhein-Westfalen,"Mönchengladbach, Stadt","Mönchengladbach, Stadt",41061,267176,170.47,51.194473,6.43161
051170000000,Nordrhein-Westfalen,"Mülheim an der Ruhr, Stadt","Mülheim an der Ruhr, Stadt",45468,171674,91.28,51.428107,6.88505
051190000000,Nordrhein-Westfalen,"Oberhausen, Stadt","Oberhausen, Stadt",46045,213178,77.09,51.470317,6.852291
051200000000,Nordrhein-Westfalen,"Remscheid, Stadt","Remscheid, Stadt",42853,113333,74.52,51.179878,7.194356
051220000000,Nordrhein-Westfalen,"Solingen, Klingenstadt","Solingen, Klingenstadt",42651,164621,89.54,51.171718,7.085665
051240000000,Nordrhein-Westfalen,"Wuppertal, Stadt","Wuppertal, Stadt",42275,357243,168.39,51.271288,7.195874
051540004004,Nordrhein-Westfalen,Kleve,Bedburg-Hau,47551,13634,61.31,51.760594,6.187561
051540008008,Nordrhein-Westfalen,Kleve,"Emmerich am Rhein, Stadt",46446,31736,80.4,51.831485,6.242771
051540012012,Nordrhein-Westfalen,Kleve,"Geldern, Stadt",47608,34953,96.97,51.517533,6.323569
051540016016,Nordrhein-Westfalen,Kleve,"Goch, Stadt",47574,34825,115.43,51.674645,6.158868
051540020020,Nordrhein-Westfalen,Kleve,Issum,47661,12449,54.74,51.534877,6.425912
051540024024,Nordrhein-Westfalen,Kleve,"Kalkar, Stadt",47546,14467,88.2,51.737225,6.287775
051540028028,Nordrhein-Westfalen,Kleve,Kerken,47647,13042,58.17,51.45652,6.374152
051540032032,Nordrhein-Westfalen,Kleve,"Kevelaer, Stadt",47623,28215,100.64,51.58178,6.24718
051540036036,Nordrhein-Westfalen,Kleve,"Kleve, Stadt",47533,53094,97.76,51.787781,6.138858
051540040040,Nordrhein-Westfalen,Kleve,Kranenburg,47559,11101,76.89,51.789765,6.007969
051540044044,Nordrhein-Westfalen,Kleve,"Rees, Stadt",46459,21446,109.86,51.759506,6.39621
051540048048,Nordrhein-Westfalen,Kleve,Rheurdt,47509,6350,30.03,51.467417,6.469699
051540052052,Nordrhein-Westfalen,Kleve,"Straelen, Stadt",47638,16454,74.0,51.444776,6.266608
051540056056,Nordrhein-Westfalen,Kleve,Uedem,47589,8084,60.93,51.667761,6.272327
051540060060,Nordrhein-Westfalen,Kleve,Wachtendonk,47669,8154,48.17,51.406325,6.334166
051540064064,Nordrhein-Westfalen,Kleve,Weeze,47652,12364,79.49,51.626753,6.198205
051580004004,Nordrhein-Westfalen,Mettmann,"Erkrath, Fundort des Neanderthalers, Stadt",40699,43555,26.88,51.218566,6.913114
051580008008,Nordrhein-Westfalen,Mettmann,"Haan, Stadt",42781,29973,24.19,51.192305,7.010639
051580012012,Nordrhein-Westfalen,Mettmann,"Heiligenhaus, Stadt",42579,25844,27.52,51.326038,6.966531
051580016016,Nordrhein-Westfalen,Mettmann,"Hilden, Stadt",40721,54859,25.95,51.168245,6.933705
051580020020,Nordrhein-Westfalen,Mettmann,"Langenfeld (Rheinland), Stadt",40764,59821,41.15,51.107416,6.948927
051580024024,Nordrhein-Westfalen,Mettmann,"Mettmann, Stadt",40822,39595,42.56,51.251915,6.978743
051580026026,Nordrhein-Westfalen,Mettmann,"Monheim am Rhein, Stadt",40789,43716,23.05,51.091702,6.884614
051580028028,Nordrhein-Westfalen,Mettmann,"Ratingen, Stadt",40878,88914,88.74,51.297037,6.849646
051580032032,Nordrhein-Westfalen,Mettmann,"Velbert, Stadt",42551,82166,74.9,51.340048,7.041629
051580036036,Nordrhein-Westfalen,Mettmann,"Wülfrath, Stadt",42489,20704,32.27,51.280989,7.033183
051620004004,Nordrhein-Westfalen,Rhein-Kreis Neuss,"Dormagen, Stadt",41539,63619,85.5,51.093432,6.841963
051620008008,Nordrhein-Westfalen,Rhein-Kreis Neuss,"Grevenbroich, Stadt",41515,65605,102.52,51.091192,6.583331
051620012012,Nordrhein-Westfalen,Rhein-Kreis Neuss,"Jüchen, Stadt",41363,23901,71.77,51.100795,6.503837
051620016016,Nordrhein-Westfalen,Rhein-Kreis Neuss,"Kaarst, Stadt",41564,43350,37.39,51.231804,6.614471
051620020020,Nordrhein-Westfalen,Rhein-Kreis Neuss,"Korschenbroich, Stadt",41352,34444,55.26,51.190965,6.515709
051620022022,Nordrhein-Westfalen,Rhein-Kreis Neuss,"Meerbusch, Stadt",40670,56947,64.4,51.265845,6.688437
051620024024,Nordrhein-Westfalen,Rhein-Kreis Neuss,"Neuss, Stadt",41460,153767,99.52,51.198873,6.691409
051620028028,Nordrhein-Westfalen,Rhein-Kreis Neuss,Rommerskirchen,41569,13982,60.08,51.034328,6.688992
051660004004,Nordrhein-Westfalen,Viersen,"Brüggen, Burggemeinde",41379,16204,61.2,51.242067,6.185264
051660008008,Nordrhein-Westfalen,Viersen,"Grefrath, Sport- und Freizeitgemeinde",47929,15050,30.98,51.336498,6.342117
051660012012,Nordrhein-Westfalen,Viersen,"Kempen, Stadt",47906,33897,68.8,51.364493,6.418755
051660016016,Nordrhein-Westfalen,Viersen,"Nettetal, Stadt",41334,41711,83.87,51.30812,6.275553
051660020020,Nordrhein-Westfalen,Viersen,Niederkrüchten,41372,14601,67.07,51.19862,6.219216
051660024024,Nordrhein-Westfalen,Viersen,Schwalmtal,41366,18833,48.11,51.214603,6.273039
051660028028,Nordrhein-Westfalen,Viersen,"Tönisvorst, Stadt",47918,29296,44.34,51.320838,6.492628
051660032032,Nordrhein-Westfalen,Viersen,"Viersen, Stadt",41747,78227,91.1,51.25896,6.388284
051660036036,Nordrhein-Westfalen,Viersen,"Willich, Stadt",47877,49374,67.8,51.262051,6.547787
051700004004,Nordrhein-Westfalen,Wesel,Alpen,46519,12588,59.6,51.575134,6.511241
051700008008,Nordrhein-Westfalen,Wesel,"Dinslaken, Stadt",46535,66869,47.66,51.562266,6.734967
051700012012,Nordrhein-Westfalen,Wesel,"Hamminkeln, Stadt",46499,26839,164.53,51.730832,6.589158
051700016016,Nordrhein-Westfalen,Wesel,Hünxe,46569,13527,106.85,51.642308,6.766381
051700020020,Nordrhein-Westfalen,Wesel,"Kamp-Lintfort, Stadt",47475,38150,63.14,51.500067,6.551987
051700024024,Nordrhein-Westfalen,Wesel,"Moers, Stadt",47441,101298,67.64,51.453559,6.628027
051700028028,Nordrhein-Westfalen,Wesel,"Neukirchen-Vluyn, Stadt",47506,27410,43.5,51.447044,6.573385
051700032032,Nordrhein-Westfalen,Wesel,"Rheinberg, Stadt",47495,30951,75.24,51.545023,6.602755
051700036036,Nordrhein-Westfalen,Wesel,Schermbeck,46514,13393,110.71,51.692901,6.87098
051700040040,Nordrhein-Westfalen,Wesel,Sonsbeck,47665,8628,55.41,51.607521,6.376478
051700044044,Nordrhein-Westfalen,Wesel,"Voerde (Niederrhein), Stadt",46562,35529,53.49,51.595497,6.684584
051700048048,Nordrhein-Westfalen,Wesel,"Wesel, Stadt",46483,60717,122.56,51.65733,6.617306
051700052052,Nordrhein-Westfalen,Wesel,"Xanten, Stadt",46509,21121,72.43,51.662258,6.453197
053140000000,Nordrhein-Westfalen,"Bonn, Stadt","Bonn, Stadt",53111,323587,141.06,50.734245,7.099187
053150000000,Nordrhein-Westfalen,"Köln, Stadt","Köln, Stadt",50667,1025523,405.02,50.938107,6.957068
053160000000,Nordrhein-Westfalen,"Leverkusen, Stadt","Leverkusen, Stadt",51373,168299,78.87,51.03245,6.979767
053340002002,Nordrhein-Westfalen,Städteregion Aachen,"Aachen, Stadt",52058,263703,160.85,50.773516,6.0848
053340004004,Nordrhein-Westfalen,Städteregion Aachen,"Alsdorf, Stadt",52477,48893,31.68,50.874052,6.161607
053340008008,Nordrhein-Westfalen,Städteregion Aachen,"Baesweiler, Stadt",52499,29038,27.84,50.906664,6.181166
053340012012,Nordrhein-Westfalen,Städteregion Aachen,"Eschweiler, Stadt",52249,57573,75.75,50.817431,6.266781
053340016016,Nordrhein-Westfalen,Städteregion Aachen,"Herzogenrath, Stadt",52134,48666,33.38,50.865711,6.089184
053340020020,Nordrhein-Westfalen,Städteregion Aachen,"Monschau, Stadt",52156,12303,94.6,50.555279,6.239288
053340024024,Nordrhein-Westfalen,Städteregion Aachen,"Roetgen, Tor zur Eifel",52159,8726,39.03,50.648577,6.196427
053340028028,Nordrhein-Westfalen,Städteregion Aachen,Simmerath,52152,16496,110.92,50.606333,6.30057
053340032032,Nordrhein-Westfalen,Städteregion Aachen,"Stolberg (Rhld.), Kupferstadt",52222,57678,98.48,50.776783,6.223585
053340036036,Nordrhein-Westfalen,Städteregion Aachen,"Würselen, Stadt",52146,40249,34.39,50.821466,6.13022
053580004004,Nordrhein-Westfalen,Düren,Aldenhoven,52457,14383,44.25,50.895696,6.281953
053580008008,Nordrhein-Westfalen,Düren,"Düren, Stadt",52349,94539,85.01,50.801678,6.482964
053580012012,Nordrhein-Westfalen,Düren,"Heimbach, Stadt",52396,4467,64.96,50.633398,6.480769
053580016016,Nordrhein-Westfalen,Düren,Hürtgenwald,52393,9119,88.05,50.723394,6.392832
053580020020,Nordrhein-Westfalen,Düren,Inden,52459,7572,35.92,50.853621,6.370002
053580024024,Nordrhein-Westfalen,Düren,"Jülich, Stadt",52428,35146,90.39,50.922697,6.357721
053580028028,Nordrhein-Westfalen,Düren,Kreuzau,52372,18204,41.73,50.74596,6.489241
053580032032,Nordrhein-Westfalen,Düren,Langerwehe,52379,14960,41.46,50.818168,6.360112
053580036036,Nordrhein-Westfalen,Düren,"Linnich, Stadt",52441,13690,65.43,50.978896,6.267275
053580040040,Nordrhein-Westfalen,Düren,Merzenich,52399,10509,37.91,50.828594,6.524672
053580044044,Nordrhein-Westfalen,Düren,"Nideggen, Stadt",52385,10704,65.04,50.692254,6.484282
053580048048,Nordrhein-Westfalen,Düren,Niederzier,52382,15055,63.46,50.886425,6.462259
053580052052,Nordrhein-Westfalen,Düren,Nörvenich,52388,12162,66.21,50.807107,6.644576
053580056056,Nordrhein-Westfalen,Düren,Titz,52445,9025,68.51,51.005518,6.427013
053580060060,Nordrhein-Westfalen,Düren,Vettweiß,52391,9957,83.15,50.739039,6.597458
053620004004,Nordrhein-Westfalen,Rhein-Erft-Kreis,"Bedburg, Stadt",50181,25210,80.42,50.994862,6.575238
053620008008,Nordrhein-Westfalen,Rhein-Erft-Kreis,"Bergheim, Stadt",50126,61976,96.34,50.955113,6.640252
053620012012,Nordrhein-Westfalen,Rhein-Erft-Kreis,"Brühl, Stadt",50321,45653,36.12,50.82949,6.902458
053620016016,Nordrhein-Westfalen,Rhein-Erft-Kreis,"Elsdorf, Stadt",50189,21284,66.17,50.936059,6.567973
053620020020,Nordrhein-Westfalen,Rhein-Erft-Kreis,"Erftstadt, Stadt",50374,48724,119.89,50.812197,6.811853
053620024024,Nordrhein-Westfalen,Rhein-Erft-Kreis,"Frechen, Stadt",50226,51927,45.06,50.908398,6.813419
053620028028,Nordrhein-Westfalen,Rhein-Erft-Kreis,"Hürth, Stadt",50354,61732,51.22,50.874348,6.856696
053620032032,Nordrhein-Westfalen,Rhein-Erft-Kreis,"Kerpen, Kolpingstadt",50171,66377,113.96,50.869982,6.694948
053620036036,Nordrhein-Westfalen,Rhein-Erft-Kreis,"Pulheim, Stadt",50259,55979,72.15,50.998416,6.800707
053620040040,Nordrhein-Westfalen,Rhein-Erft-Kreis,"Wesseling, Stadt",50389,38051,23.37,50.824083,6.979971
053660004004,Nordrhein-Westfalen,Euskirchen,"Bad Münstereifel, Stadt",53902,18375,150.83,50.556858,6.765111
053660008008,Nordrhein-Westfalen,Euskirchen,Blankenheim,53945,8382,148.62,50.438414,6.648417
053660012012,Nordrhein-Westfalen,Euskirchen,Dahlem,53949,4438,95.21,50.386329,6.546603
053660016016,Nordrhein-Westfalen,Euskirchen,"Euskirchen, Stadt",53879,59977,139.49,50.660933,6.786098
053660020020,Nordrhein-Westfalen,Euskirchen,Hellenthal,53940,7783,137.82,50.490262,6.4342
053660024024,Nordrhein-Westfalen,Euskirchen,Kall,53925,11133,66.07,50.542174,6.558667
053660028028,Nordrhein-Westfalen,Euskirchen,"Mechernich, Stadt",53894,29116,136.48,50.588604,6.653673
053660032032,Nordrhein-Westfalen,Euskirchen,Nettersheim,53947,8216,94.35,50.491983,6.627903
053660036036,Nordrhein-Westfalen,Euskirchen,"Schleiden, Stadt",53937,13390,121.67,50.529592,6.476481
053660040040,Nordrhein-Westfalen,Euskirchen,Weilerswist,53919,18920,57.17,50.755939,6.839629
053660044044,Nordrhein-Westfalen,Euskirchen,"Zülpich, Stadt",53909,21906,101.01,50.691294,6.648155
053700004004,Nordrhein-Westfalen,Heinsberg,"Erkelenz, Stadt",41812,45239,117.34,51.078671,6.314104
053700008008,Nordrhein-Westfalen,Heinsberg,Gangelt,52538,13561,48.72,50.992732,5.997397
053700012012,Nordrhein-Westfalen,Heinsberg,"Geilenkirchen, Stadt",52511,28605,83.16,50.964538,6.119722
053700016016,Nordrhein-Westfalen,Heinsberg,"Heinsberg, Stadt",52525,43116,92.21,51.061906,6.094538
053700020020,Nordrhein-Westfalen,Heinsberg,"Hückelhoven, Stadt",41836,41148,61.27,51.05634,6.226269
053700024024,Nordrhein-Westfalen,Heinsberg,Selfkant,52538,10771,42.09,51.014341,5.902141
053700028028,Nordrhein-Westfalen,Heinsberg,"Übach-Palenberg, Stadt",52531,24144,26.09,50.919252,6.118933
053700032032,Nordrhein-Westfalen,Heinsberg,Waldfeucht,52525,9235,30.27,51.066007,5.988264
053700036036,Nordrhein-Westfalen,Heinsberg,"Wassenberg, Stadt",41849,19687,42.43,51.099533,6.155749
053700040040,Nordrhein-Westfalen,Heinsberg,"Wegberg, Stadt",41844,28001,84.34,51.140129,6.276829
053740004004,Nordrhein-Westfalen,Oberbergischer Kreis,"Bergneustadt, Stadt",51702,18701,37.89,51.021118,7.648337
053740008008,Nordrhein-Westfalen,Oberbergischer Kreis,Engelskirchen,51766,19775,63.03,50.988292,7.408515
053740012012,Nordrhein-Westfalen,Oberbergischer Kreis,"Gummersbach, Stadt",51643,51332,95.41,51.028326,7.568149
053740016016,Nordrhein-Westfalen,Oberbergischer Kreis,"Hückeswagen, Schloss-Stadt",42499,14416,50.52,51.14861,7.334939
053740020020,Nordrhein-Westfalen,Oberbergischer Kreis,Lindlar,51789,21521,85.88,51.019717,7.376293
053740024024,Nordrhein-Westfalen,Oberbergischer Kreis,Marienheide,51709,13242,54.97,51.08374,7.531284
053740028028,Nordrhein-Westfalen,Oberbergischer Kreis,Morsbach,51597,10477,55.96,50.864325,7.727424
053740032032,Nordrhein-Westfalen,Oberbergischer Kreis,Nümbrecht,51588,17529,71.78,50.902351,7.540904
053740036036,Nordrhein-Westfalen,Oberbergischer Kreis,"Radevormwald, Stadt auf der Höhe",42477,21457,53.86,51.203463,7.355144
053740040040,Nordrhein-Westfalen,Oberbergischer Kreis,Reichshof,51580,18509,114.66,50.988215,7.693856
053740044044,Nordrhein-Westfalen,Oberbergischer Kreis,"Waldbröl, Stadt",51545,19716,63.32,50.876593,7.617394
053740048048,Nordrhein-Westfalen,Oberbergischer Kreis,"Wiehl, Stadt",51674,25213,53.26,50.949871,7.547029
053740052052,Nordrhein-Westfalen,Oberbergischer Kreis,"Wipperfürth, Hansestadt",51688,21480,118.3,51.117041,7.398693
053780004004,Nordrhein-Westfalen,Rheinisch-Bergischer Kreis,"Bergisch Gladbach, Stadt",51465,111174,83.09,50.992244,7.130608
053780008008,Nordrhein-Westfalen,Rheinisch-Bergischer Kreis,"Burscheid, Stadt",51399,19104,27.33,51.085749,7.113704
053780012012,Nordrhein-Westfalen,Rheinisch-Bergischer Kreis,Kürten,51515,19915,67.29,51.051583,7.264225
053780016016,Nordrhein-Westfalen,Rheinisch-Bergischer Kreis,"Leichlingen (Rheinland), Blütenstadt",42799,28205,37.26,51.106014,7.014244
053780020020,Nordrhein-Westfalen,Rheinisch-Bergischer Kreis,Odenthal,51519,15728,39.87,51.032576,7.116919
053780024024,Nordrhein-Westfalen,Rheinisch-Bergischer Kreis,"Overath, Stadt",51491,26707,68.88,50.933092,7.282487
053780028028,Nordrhein-Westfalen,Rheinisch-Bergischer Kreis,"Rösrath, Stadt",51503,28688,38.8,50.895438,7.181947
053780032032,Nordrhein-Westfalen,Rheinisch-Bergischer Kreis,"Wermelskirchen, Stadt",42929,34254,74.8,51.140138,7.216722
053820004004,Nordrhein-Westfalen,Rhein-Sieg-Kreis,Alfter,53347,23766,34.77,50.736995,7.013472
053820008008,Nordrhein-Westfalen,Rhein-Sieg-Kreis,"Bad Honnef, Stadt",53604,24930,48.14,50.643591,7.229126
053820012012,Nordrhein-Westfalen,Rhein-Sieg-Kreis,"Bornheim, Stadt",53332,47890,82.69,50.762547,6.990342
053820016016,Nordrhein-Westfalen,Rhein-Sieg-Kreis,Eitorf,53783,19011,69.9,50.769915,7.449515
053820020020,Nordrhein-Westfalen,Rhein-Sieg-Kreis,"Hennef (Sieg), Stadt",53773,48112,105.89,50.775911,7.282575
053820024024,Nordrhein-Westfalen,Rhein-Sieg-Kreis,"Königswinter, Stadt",53639,40458,76.2,50.676869,7.191597
053820028028,Nordrhein-Westfalen,Rhein-Sieg-Kreis,"Lohmar, Stadt",53797,30904,65.62,50.839775,7.209401
053820032032,Nordrhein-Westfalen,Rhein-Sieg-Kreis,"Meckenheim, Stadt",53340,24936,34.84,50.622043,7.022259
053820036036,Nordrhein-Westfalen,Rhein-Sieg-Kreis,Much,53804,14629,78.06,50.905488,7.407202
053820040040,Nordrhein-Westfalen,Rhein-Sieg-Kreis,Neunkirchen-Seelscheid,53819,20321,50.62,50.841143,7.334361
053820044044,Nordrhein-Westfalen,Rhein-Sieg-Kreis,"Niederkassel, Stadt",53859,38357,35.79,50.811921,7.037503
053820048048,Nordrhein-Westfalen,Rhein-Sieg-Kreis,"Rheinbach, Stadt",53359,27012,69.72,50.626425,6.947218
053820052052,Nordrhein-Westfalen,Rhein-Sieg-Kreis,Ruppichteroth,53809,10777,61.96,50.843966,7.483618
053820056056,Nordrhein-Westfalen,Rhein-Sieg-Kreis,"Sankt Augustin, Stadt",53757,56033,34.22,50.77333,7.185259
053820060060,Nordrhein-Westfalen,Rhein-Sieg-Kreis,"Siegburg, Stadt",53721,42204,23.66,50.796665,7.2049
053820064064,Nordrhein-Westfalen,Rhein-Sieg-Kreis,Swisttal,53913,18662,62.22,50.666197,6.893733
053820068068,Nordrhein-Westfalen,Rhein-Sieg-Kreis,"Troisdorf, Stadt",53840,75742,62.0,50.812544,7.162309
053820072072,Nordrhein-Westfalen,Rhein-Sieg-Kreis,Wachtberg,53343,20230,49.68,50.625511,7.135098
053820076076,Nordrhein-Westfalen,Rhein-Sieg-Kreis,Windeck,51570,19482,107.22,50.800798,7.607759
055120000000,Nordrhein-Westfalen,"Bottrop, Stadt","Bottrop, Stadt",46236,118482,100.61,51.521059,6.927126
055130000000,Nordrhein-Westfalen,"Gelsenkirchen, Stadt","Gelsenkirchen, Stadt",45879,266199,104.94,51.510892,7.096064
055150000000,Nordrhein-Westfalen,"Münster, Stadt","Münster, Stadt",48143,306368,303.28,51.961908,7.626804
055540004004,Nordrhein-Westfalen,Borken,"Ahaus, Stadt",48683,40183,151.24,52.076104,7.005037
055540008008,Nordrhein-Westfalen,Borken,"Bocholt, Stadt",46395,73048,119.4,51.837931,6.61564
055540012012,Nordrhein-Westfalen,Borken,"Borken, Stadt",46325,43170,153.24,51.843222,6.858415
055540016016,Nordrhein-Westfalen,Borken,"Gescher, Glockenstadt",48712,17221,80.84,51.955894,7.005391
055540020020,Nordrhein-Westfalen,Borken,"Gronau (Westf.), Stadt",48599,50349,78.82,52.212285,7.019103
055540024024,Nordrhein-Westfalen,Borken,Heek,48619,8715,69.43,52.116177,7.111581
055540028028,Nordrhein-Westfalen,Borken,Heiden,46359,8777,53.39,51.825996,6.932484
055540032032,Nordrhein-Westfalen,Borken,"Isselburg, Stadt",46419,11215,42.8,51.833522,6.46301
055540036036,Nordrhein-Westfalen,Borken,Legden,48739,7532,56.28,52.030639,7.105517
055540040040,Nordrhein-Westfalen,Borken,Raesfeld,46348,11627,57.95,51.769328,6.84057
055540044044,Nordrhein-Westfalen,Borken,Reken,48734,14937,78.74,51.83183,7.047388
055540048048,Nordrhein-Westfalen,Borken,"Rhede, Stadt",46414,19679,78.9,51.840781,6.696075
055540052052,Nordrhein-Westfalen,Borken,Schöppingen,48624,6746,68.81,52.093571,7.235057
055540056056,Nordrhein-Westfalen,Borken,"Stadtlohn, Stadt",48703,20856,79.25,51.992602,6.918003
055540060060,Nordrhein-Westfalen,Borken,Südlohn,46354,9861,45.29,51.944322,6.865981
055540064064,Nordrhein-Westfalen,Borken,"Velen, Stadt",46342,12562,70.75,51.894372,6.986506
055540068068,Nordrhein-Westfalen,Borken,"Vreden, Stadt",48691,23083,135.83,52.036087,6.824021
055580004004,Nordrhein-Westfalen,Coesfeld,Ascheberg,59387,15780,106.32,51.79173,7.624004
055580008008,Nordrhein-Westfalen,Coesfeld,"Billerbeck, Stadt",48727,12019,91.36,51.977524,7.290998
055580012012,Nordrhein-Westfalen,Coesfeld,"Coesfeld, Stadt",48653,38197,141.36,51.944948,7.166744
055580016016,Nordrhein-Westfalen,Coesfeld,"Dülmen, Stadt",48249,47759,184.83,51.830966,7.277621
055580020020,Nordrhein-Westfalen,Coesfeld,Havixbeck,48329,12280,53.17,51.975907,7.414407
055580024024,Nordrhein-Westfalen,Coesfeld,"Lüdinghausen, Stadt",59348,25039,140.54,51.770109,7.444831
055580028028,Nordrhein-Westfalen,Coesfeld,Nordkirchen,59394,10844,52.41,51.738183,7.525307
055580032032,Nordrhein-Westfalen,Coesfeld,Nottuln,48301,20003,85.67,51.928018,7.352893
055580036036,Nordrhein-Westfalen,Coesfeld,"Olfen, Stadt",59399,13110,52.43,51.708879,7.38
055580040040,Nordrhein-Westfalen,Coesfeld,Rosendahl,48720,11137,94.49,52.016807,7.209896
055580044044,Nordrhein-Westfalen,Coesfeld,Senden,48308,21000,109.45,51.857701,7.485434
055620004004,Nordrhein-Westfalen,Recklinghausen,"Castrop-Rauxel, Stadt",44575,72353,51.68,51.548997,7.310311
055620008008,Nordrhein-Westfalen,Recklinghausen,"Datteln, Stadt",45711,34972,66.1,51.653082,7.342615
055620012012,Nordrhein-Westfalen,Recklinghausen,"Dorsten, Stadt",46284,74783,171.2,51.660837,6.964689
055620014014,Nordrhein-Westfalen,Recklinghausen,"Gladbeck, Stadt",45964,75647,35.97,51.573424,6.992723
055620016016,Nordrhein-Westfalen,Recklinghausen,"Haltern am See, Stadt",45721,38029,159.03,51.743737,7.187214
055620020020,Nordrhein-Westfalen,Recklinghausen,"Herten, Stadt",45699,60707,37.33,51.59465,7.140236
055620024024,Nordrhein-Westfalen,Recklinghausen,"Marl, Stadt",45772,86899,87.76,51.658211,7.101811
055620028028,Nordrhein-Westfalen,Recklinghausen,"Oer-Erkenschwick, Stadt",45739,31499,38.66,51.639877,7.260829
055620032032,Nordrhein-Westfalen,Recklinghausen,"Recklinghausen, Stadt",45657,114851,66.5,51.614576,7.197544
055620036036,Nordrhein-Westfalen,Recklinghausen,"Waltrop, Stadt",45731,29125,47.09,51.622128,7.400687
055660004004,Nordrhein-Westfalen,Steinfurt,Altenberge,48341,10313,62.96,52.045876,7.465557
055660008008,Nordrhein-Westfalen,Steinfurt,"Emsdetten, Stadt",48282,35925,72.06,52.172195,7.527511
055660012012,Nordrhein-Westfalen,Steinfurt,"Greven, Stadt",48268,38080,140.26,52.092652,7.613202
055660016016,Nordrhein-Westfalen,Steinfurt,"Hörstel, Stadt",48477,20101,107.54,52.300221,7.587248
055660020020,Nordrhein-Westfalen,Steinfurt,Hopsten,48496,7620,99.83,52.383026,7.602873
055660024024,Nordrhein-Westfalen,Steinfurt,"Horstmar, Stadt der Burgmannshöfe",48612,7428,44.76,52.080812,7.305156
055660028028,Nordrhein-Westfalen,Steinfurt,"Ibbenbüren, Stadt",49477,51596,108.88,52.275364,7.714734
055660032032,Nordrhein-Westfalen,Steinfurt,Ladbergen,49549,6876,52.35,52.136598,7.737293
055660036036,Nordrhein-Westfalen,Steinfurt,Laer,48366,7053,35.25,52.054322,7.357204
055660040040,Nordrhein-Westfalen,Steinfurt,"Lengerich, Stadt",49525,22591,90.79,52.189765,7.85266
055660044044,Nordrhein-Westfalen,Steinfurt,Lienen,49536,8469,73.44,52.146807,7.97575
055660048048,Nordrhein-Westfalen,Steinfurt,Lotte,49504,13728,37.69,52.274892,7.915207
055660052052,Nordrhein-Westfalen,Steinfurt,Metelen,48629,6540,40.28,52.144232,7.211686
055660056056,Nordrhein-Westfalen,Steinfurt,Mettingen,49497,11651,40.6,52.315593,7.779092
055660060060,Nordrhein-Westfalen,Steinfurt,Neuenkirchen,48485,13770,48.44,52.243608,7.373611
055660064064,Nordrhein-Westfalen,Steinfurt,Nordwalde,48356,10084,51.6,52.084294,7.480649
055660068068,Nordrhein-Westfalen,Steinfurt,"Ochtrup, Stadt",48607,20358,105.63,52.208516,7.18865
055660072072,Nordrhein-Westfalen,Steinfurt,Recke,49509,11427,53.69,52.370571,7.718617
055660076076,Nordrhein-Westfalen,Steinfurt,"Rheine, Stadt",48431,77552,145.0,52.279214,7.438651
055660080080,Nordrhein-Westfalen,Steinfurt,"Saerbeck, NRW-Klimakommune",48369,6906,59.03,52.173086,7.633669
055660084084,Nordrhein-Westfalen,Steinfurt,"Steinfurt, Stadt",48565,34822,111.67,52.125169,7.395195
055660088088,Nordrhein-Westfalen,Steinfurt,"Tecklenburg, Stadt",49545,9099,70.49,52.219392,7.814244
055660092092,Nordrhein-Westfalen,Steinfurt,Westerkappeln,49492,10825,85.83,52.314798,7.877587
055660096096,Nordrhein-Westfalen,Steinfurt,Wettringen,48493,8190,57.69,52.209339,7.319404
055700004004,Nordrhein-Westfalen,Warendorf,"Ahlen, Stadt",59227,52387,123.13,51.762985,7.889882
055700008008,Nordrhein-Westfalen,Warendorf,"Beckum, Stadt",59269,37110,111.46,51.75574,8.042672
055700012012,Nordrhein-Westfalen,Warendorf,Beelen,48361,6001,31.35,51.930124,8.118191
055700016016,Nordrhein-Westfalen,Warendorf,"Drensteinfurt, Stadt",48317,16311,106.6,51.797048,7.741663
055700020020,Nordrhein-Westfalen,Warendorf,"Ennigerloh, Stadt",59320,19640,125.56,51.835127,8.024092
055700024024,Nordrhein-Westfalen,Warendorf,Everswinkel,48351,9803,69.06,51.925521,7.848037
055700028028,Nordrhein-Westfalen,Warendorf,"Oelde, Stadt",59302,29961,102.77,51.827467,8.146074
055700032032,Nordrhein-Westfalen,Warendorf,Ostbevern,48346,11385,89.65,52.036085,7.839408
055700036036,Nordrhein-Westfalen,Warendorf,"Sassenberg, Stadt",48336,14505,78.08,51.988098,8.041446
055700040040,Nordrhein-Westfalen,Warendorf,"Sendenhorst, Stadt",48324,14110,96.95,51.84466,7.82746
055700044044,Nordrhein-Westfalen,Warendorf,"Telgte, Stadt",48291,20128,90.9,51.983637,7.784719
055700048048,Nordrhein-Westfalen,Warendorf,Wadersloh,59329,12826,117.03,51.73696,8.245997
055700052052,Nordrhein-Westfalen,Warendorf,"Warendorf, Stadt",48231,37705,176.88,51.950713,7.988499
057110000000,Nordrhein-Westfalen,"Bielefeld, Stadt","Bielefeld, Stadt",33602,331419,258.83,52.021995,8.534049
057540004004,Nordrhein-Westfalen,Gütersloh,"Borgholzhausen, Stadt",33829,8784,55.99,52.101931,8.300771
057540008008,Nordrhein-Westfalen,Gütersloh,"Gütersloh, Stadt",33330,99854,112.02,51.907302,8.375587
057540012012,Nordrhein-Westfalen,Gütersloh,"Halle (Westf.), Stadt",33790,21366,69.7,52.061011,8.362
057540016016,Nordrhein-Westfalen,Gütersloh,"Harsewinkel, Die Mähdrescherstadt",33428,25480,100.59,51.963062,8.227621
057540020020,Nordrhein-Westfalen,Gütersloh,Herzebrock-Clarholz,33442,16337,79.28,51.879791,8.240956
057540024024,Nordrhein-Westfalen,Gütersloh,Langenberg,33449,8363,38.31,51.775971,8.320352
057540028028,Nordrhein-Westfalen,Gütersloh,"Rheda-Wiedenbrück, Stadt",33378,47935,86.72,51.855343,8.293327
057540032032,Nordrhein-Westfalen,Gütersloh,"Rietberg, Stadt",33397,29858,110.31,51.808062,8.427337
057540036036,Nordrhein-Westfalen,Gütersloh,"Schloß Holte-Stukenbrock, Stadt",33758,26297,67.52,51.912069,8.656299
057540040040,Nordrhein-Westfalen,Gütersloh,Steinhagen,33803,20251,56.41,52.006186,8.414975
057540044044,Nordrhein-Westfalen,Gütersloh,"Verl, Stadt",33415,25574,71.37,51.882118,8.508286
057540048048,Nordrhein-Westfalen,Gütersloh,"Versmold, Stadt",33775,21343,85.57,52.040049,8.155495
057540052052,Nordrhein-Westfalen,Gütersloh,"Werther (Westf.), Stadt",33824,11001,35.42,52.072545,8.411163
057580004004,Nordrhein-Westfalen,Herford,"Bünde, Stadt",32257,46235,59.3,52.197547,8.58371
057580008008,Nordrhein-Westfalen,Herford,"Enger, Widukindstadt",32130,20518,41.24,52.139237,8.559282
057580012012,Nordrhein-Westfalen,Herford,"Herford, Hansestadt",32052,67074,79.15,52.115598,8.673516
057580016016,Nordrhein-Westfalen,Herford,Hiddenhausen,32120,19639,23.87,52.166041,8.616108
057580020020,Nordrhein-Westfalen,Herford,Kirchlengern,32278,16263,33.78,52.198451,8.642152
057580024024,Nordrhein-Westfalen,Herford,"Löhne, Stadt",32584,40757,59.51,52.189912,8.688425
057580028028,Nordrhein-Westfalen,Herford,Rödinghausen,32289,10063,36.27,52.253282,8.479015
057580032032,Nordrhein-Westfalen,Herford,"Spenge, Stadt",32139,14596,40.35,52.139046,8.48257
057580036036,Nordrhein-Westfalen,Herford,"Vlotho, Stadt",32602,18286,76.93,52.165489,8.860068
057620004004,Nordrhein-Westfalen,Höxter,"Bad Driburg, Stadt",33014,18876,115.3,51.736124,9.017025
057620008008,Nordrhein-Westfalen,Höxter,"Beverungen, Stadt",37688,12595,98.09,51.662804,9.372651
057620012012,Nordrhein-Westfalen,Höxter,"Borgentreich, Orgelstadt",34434,8454,138.94,51.571529,9.240386
057620016016,Nordrhein-Westfalen,Höxter,"Brakel, Stadt",33034,16152,173.92,51.716841,9.184377
057620020020,Nordrhein-Westfalen,Höxter,"Höxter, Stadt",37671,27908,158.16,51.775666,9.381623
057620024024,Nordrhein-Westfalen,Höxter,"Marienmünster, Stadt",37696,4758,64.36,51.81928,9.229516
057620028028,Nordrhein-Westfalen,Höxter,"Nieheim, Stadt",33039,6031,79.71,51.804067,9.110021
057620032032,Nordrhein-Westfalen,Höxter,"Steinheim, Stadt",32839,12000,75.69,51.866755,9.096625
057620036036,Nordrhein-Westfalen,Höxter,"Warburg, Hansestadt",34414,23210,168.84,51.488934,9.145955
057620040040,Nordrhein-Westfalen,Höxter,"Willebadessen, Stadt",34439,8172,128.41,51.624696,9.028703
057660004004,Nordrhein-Westfalen,Lippe,Augustdorf,32832,9690,42.18,51.909123,8.74464
057660008008,Nordrhein-Westfalen,Lippe,"Bad Salzuflen, Stadt",32105,53807,100.05,52.084998,8.741876
057660012012,Nordrhein-Westfalen,Lippe,"Barntrup, Stadt",32683,8248,59.46,51.990496,9.116339
057660016016,Nordrhein-Westfalen,Lippe,"Blomberg, Stadt",32825,15367,99.1,51.943469,9.091039
057660020020,Nordrhein-Westfalen,Lippe,"Detmold, Stadt",32756,74438,129.39,51.935357,8.878641
057660024024,Nordrhein-Westfalen,Lippe,Dörentrup,32694,7447,49.8,52.033153,9.005779
057660028028,Nordrhein-Westfalen,Lippe,Extertal,32699,11138,92.49,52.068647,9.122575
057660032032,Nordrhein-Westfalen,Lippe,"Horn-Bad Meinberg, Stadt",32805,17377,90.15,51.87278,8.945418
057660036036,Nordrhein-Westfalen,Lippe,Kalletal,32689,13131,112.42,52.106847,8.948163
057660040040,Nordrhein-Westfalen,Lippe,"Lage, Stadt",32791,34818,76.04,51.991233,8.79254
057660044044,Nordrhein-Westfalen,Lippe,"Lemgo, Stadt",32657,39959,100.85,52.027912,8.900886
057660048048,Nordrhein-Westfalen,Lippe,Leopoldshöhe,33818,17175,36.93,52.011984,8.699336
057660052052,Nordrhein-Westfalen,Lippe,"Lügde, Stadt der Osterräder",32676,9080,88.64,51.957888,9.245996
057660056056,Nordrhein-Westfalen,Lippe,"Oerlinghausen, Stadt",33813,17302,32.69,51.952315,8.66135
057660060060,Nordrhein-Westfalen,Lippe,"Schieder-Schwalenberg, Stadt",32816,7986,60.04,51.913825,9.153219
057660064064,Nordrhein-Westfalen,Lippe,Schlangen,33189,9249,75.97,51.808914,8.842969
057700004004,Nordrhein-Westfalen,Minden-Lübbecke,"Bad Oeynhausen, Stadt",32545,50515,64.83,52.205258,8.805514
057700008008,Nordrhein-Westfalen,Minden-Lübbecke,"Espelkamp, Stadt",32339,25486,84.21,52.377427,8.632644
057700012012,Nordrhein-Westfalen,Minden-Lübbecke,Hille,32479,16242,102.99,52.337196,8.743508
057700016016,Nordrhein-Westfalen,Minden-Lübbecke,Hüllhorst,32609,13212,44.7,52.2723,8.672107
057700020020,Nordrhein-Westfalen,Minden-Lübbecke,"Lübbecke, Stadt",32312,26807,65.04,52.303439,8.617351
057700024024,Nordrhein-Westfalen,Minden-Lübbecke,"Minden, Stadt",32423,83598,101.12,52.288271,8.914559
057700028028,Nordrhein-Westfalen,Minden-Lübbecke,"Petershagen, Stadt",32469,25192,211.94,52.378264,8.969816
057700032032,Nordrhein-Westfalen,Minden-Lübbecke,"Porta Westfalica, Stadt",32457,36502,105.22,52.22962,8.914539
057700036036,Nordrhein-Westfalen,Minden-Lübbecke,"Preußisch Oldendorf, Stadt",32361,12486,68.75,52.306051,8.495612
057700040040,Nordrhein-Westfalen,Minden-Lübbecke,"Rahden, Stadt",32369,16128,137.48,52.432924,8.613029
057700044044,Nordrhein-Westfalen,Minden-Lübbecke,Stemwede,32351,13323,166.13,52.376102,8.453006
057740004004,Nordrhein-Westfalen,Paderborn,Altenbeken,33184,9073,76.22,51.760981,8.944689
057740008008,Nordrhein-Westfalen,Paderborn,"Bad Lippspringe, Stadt",33175,17280,51.01,51.782341,8.818502
057740012012,Nordrhein-Westfalen,Paderborn,Borchen,33178,13682,77.28,51.668336,8.723332
057740016016,Nordrhein-Westfalen,Paderborn,"Büren, Stadt",33142,20930,170.99,51.554935,8.559696
057740020020,Nordrhein-Westfalen,Paderborn,"Delbrück, Stadt",33129,32140,157.28,51.76505,8.562506
057740024024,Nordrhein-Westfalen,Paderborn,"Hövelhof, Sennegemeinde",33161,16799,70.74,51.820295,8.658605
057740028028,Nordrhein-Westfalen,Paderborn,"Lichtenau, Stadt",33165,11010,192.57,51.616847,8.895788
057740032032,Nordrhein-Westfalen,Paderborn,"Paderborn, Stadt",33104,155906,179.59,51.719601,8.757301
057740036036,Nordrhein-Westfalen,Paderborn,"Salzkotten, Stadt",33154,25293,109.8,51.671701,8.604954
057740040040,Nordrhein-Westfalen,Paderborn,"Bad Wünnenberg, Stadt",33181,12414,161.3,51.517257,8.697601
059110000000,Nordrhein-Westfalen,"Bochum, Stadt","Bochum, Stadt",44787,358880,145.66,51.482699,7.217177
059130000000,Nordrhein-Westfalen,"Dortmund, Stadt","Dortmund, Stadt",44135,600880,280.71,51.514171,7.464165
059140000000,Nordrhein-Westfalen,"Hagen, Stadt der FernUniversität","Hagen, Stadt der FernUniversität",58095,189983,160.45,51.360171,7.467406
059150000000,Nordrhein-Westfalen,"Hamm, Stadt","Hamm, Stadt",59065,179108,226.43,51.678312,7.816947
059160000000,Nordrhein-Westfalen,"Herne, Stadt","Herne, Stadt",44623,156266,51.42,51.540365,7.222793
059540004004,Nordrhein-Westfalen,Ennepe-Ruhr-Kreis,"Breckerfeld, Hansestadt",58339,8703,59.09,51.261435,7.46522
059540008008,Nordrhein-Westfalen,Ennepe-Ruhr-Kreis,"Ennepetal, Stadt der Kluterthöhle",58256,29266,57.77,51.297193,7.367678
059540012012,Nordrhein-Westfalen,Ennepe-Ruhr-Kreis,"Gevelsberg, Stadt",58285,29932,26.33,51.324271,7.337464
059540016016,Nordrhein-Westfalen,Ennepe-Ruhr-Kreis,"Hattingen, Stadt",45525,52969,71.67,51.399035,7.184107
059540020020,Nordrhein-Westfalen,Ennepe-Ruhr-Kreis,"Herdecke, Stadt",58313,22704,22.39,51.3994,7.430129
059540024024,Nordrhein-Westfalen,Ennepe-Ruhr-Kreis,"Schwelm, Stadt",58332,27880,20.5,51.284,7.29187
059540028028,Nordrhein-Westfalen,Ennepe-Ruhr-Kreis,"Sprockhövel, Stadt",45549,24116,47.94,51.361402,7.244016
059540032032,Nordrhein-Westfalen,Ennepe-Ruhr-Kreis,"Wetter (Ruhr), Stadt",58300,25959,31.55,51.383741,7.390737
059540036036,Nordrhein-Westfalen,Ennepe-Ruhr-Kreis,"Witten, Stadt",58452,91474,72.4,51.438718,7.337177
059580004004,Nordrhein-Westfalen,Hochsauerlandkreis,"Arnsberg, Stadt",59759,74479,193.72,51.395795,8.064801
059580008008,Nordrhein-Westfalen,Hochsauerlandkreis,Bestwig,59909,9976,69.46,51.36108,8.398158
059580012012,Nordrhein-Westfalen,Hochsauerlandkreis,"Brilon, Stadt",59929,25236,229.16,51.395499,8.568121
059580016016,Nordrhein-Westfalen,Hochsauerlandkreis,Eslohe (Sauerland),59889,8587,113.36,51.254307,8.170291
059580020020,Nordrhein-Westfalen,Hochsauerlandkreis,"Hallenberg, Stadt",59969,4272,65.35,51.111987,8.621165
059580024024,Nordrhein-Westfalen,Hochsauerlandkreis,"Marsberg, Stadt",34431,19368,182.22,51.459563,8.854984
059580028028,Nordrhein-Westfalen,Hochsauerlandkreis,"Medebach, Hansestadt",59964,7874,126.05,51.198074,8.704871
059580032032,Nordrhein-Westfalen,Hochsauerlandkreis,"Meschede, Kreis- und  Hochschulstadt",59872,29446,218.52,51.346881,8.285176
059580036036,Nordrhein-Westfalen,Hochsauerlandkreis,"Olsberg, Stadt",59939,14596,118.0,51.354567,8.489819
059580040040,Nordrhein-Westfalen,Hochsauerlandkreis,"Schmallenberg, Stadt",57392,24728,303.1,51.153811,8.285496
059580044044,Nordrhein-Westfalen,Hochsauerlandkreis,"Sundern (Sauerland), Stadt",59846,27490,193.27,51.330125,8.005553
059580048048,Nordrhein-Westfalen,Hochsauerlandkreis,"Winterberg, Stadt",59955,13124,147.95,51.194349,8.533102
059620004004,Nordrhein-Westfalen,Märkischer Kreis,"Altena, Stadt",58762,16403,44.42,51.298662,7.67459
059620008008,Nordrhein-Westfalen,Märkischer Kreis,"Balve, Stadt",58802,11134,74.81,51.330545,7.864187
059620012012,Nordrhein-Westfalen,Märkischer Kreis,"Halver, Stadt",58553,16176,77.23,51.186749,7.497997
059620016016,Nordrhein-Westfalen,Märkischer Kreis,"Hemer, Stadt",58675,34722,67.66,51.385395,7.765233
059620020020,Nordrhein-Westfalen,Märkischer Kreis,Herscheid,58849,6679,59.4,51.177282,7.745898
059620024024,Nordrhein-Westfalen,Märkischer Kreis,"Iserlohn, Stadt",58636,91317,125.49,51.374541,7.699212
059620028028,Nordrhein-Westfalen,Märkischer Kreis,"Kierspe, Stadt",58566,16192,71.91,51.136194,7.586453
059620032032,Nordrhein-Westfalen,Märkischer Kreis,"Lüdenscheid, Stadt",58507,70810,87.02,51.21582,7.63358
059620036036,Nordrhein-Westfalen,Märkischer Kreis,"Meinerzhagen, Stadt",58540,20003,115.69,51.107434,7.638497
059620040040,Nordrhein-Westfalen,Märkischer Kreis,"Menden (Sauerland), Stadt",58706,52121,86.1,51.439281,7.795344
059620044044,Nordrhein-Westfalen,Märkischer Kreis,Nachrodt-Wiblingwerde,58769,6022,29.03,51.336185,7.63618
059620048048,Nordrhein-Westfalen,Märkischer Kreis,"Neuenrade, Stadt",58809,11520,54.1,51.281925,7.77967
059620052052,Nordrhein-Westfalen,Märkischer Kreis,"Plettenberg, Stadt",58840,24189,96.75,51.212418,7.874142
059620056056,Nordrhein-Westfalen,Märkischer Kreis,Schalksmühle,58579,10376,38.09,51.241352,7.529389
059620060060,Nordrhein-Westfalen,Märkischer Kreis,"Werdohl, Stadt",58791,17500,33.38,51.259614,7.766853
059660004004,Nordrhein-Westfalen,Olpe,"Attendorn, Hansestadt",57439,23376,97.92,51.125217,7.905217
059660008008,Nordrhein-Westfalen,Olpe,"Drolshagen, Stadt",57489,11858,67.11,51.024727,7.775835
059660012012,Nordrhein-Westfalen,Olpe,Finnentrop,57413,16729,104.42,51.171888,7.973076
059660016016,Nordrhein-Westfalen,Olpe,Kirchhundem,57399,11297,148.63,51.086248,8.090176
059660020020,Nordrhein-Westfalen,Olpe,"Lennestadt, Stadt",57368,24025,135.58,51.103245,8.073677
059660024024,Nordrhein-Westfalen,Olpe,"Olpe, Stadt",57462,24518,85.88,51.02756,7.843584
059660028028,Nordrhein-Westfalen,Olpe,Wenden,57482,19462,72.56,50.969338,7.873424
059700004004,Nordrhein-Westfalen,Siegen-Wittgenstein,"Bad Berleburg, Stadt",57319,18251,275.52,51.049858,8.392854
059700008008,Nordrhein-Westfalen,Siegen-Wittgenstein,Burbach,57299,14293,79.72,50.745639,8.080321
059700012012,Nordrhein-Westfalen,Siegen-Wittgenstein,Erndtebrück,57339,6804,70.98,50.988732,8.256223
059700016016,Nordrhein-Westfalen,Siegen-Wittgenstein,"Freudenberg, Stadt",57258,17192,54.6,50.897439,7.876633
059700020020,Nordrhein-Westfalen,Siegen-Wittgenstein,"Hilchenbach, Stadt",57271,14295,81.12,50.995897,8.113101
059700024024,Nordrhein-Westfalen,Siegen-Wittgenstein,"Kreuztal, Stadt",57223,30721,71.07,50.961831,7.988096
059700028028,Nordrhein-Westfalen,Siegen-Wittgenstein,"Bad Laasphe, Stadt",57334,12967,135.95,50.927285,8.41223
059700032032,Nordrhein-Westfalen,Siegen-Wittgenstein,"Netphen, Stadt",57250,22972,137.39,50.915322,8.098414
059700036036,Nordrhein-Westfalen,Siegen-Wittgenstein,Neunkirchen,57290,12628,39.81,50.787894,7.993355
059700040040,Nordrhein-Westfalen,Siegen-Wittgenstein,"Siegen, Universitätsstadt",57072,102450,114.69,50.874559,8.024625
059700044044,Nordrhein-Westfalen,Siegen-Wittgenstein,Wilnsdorf,57234,19936,72.04,50.815392,8.103838
059740004004,Nordrhein-Westfalen,Soest,Anröchte,59609,10276,73.79,51.561271,8.327462
059740008008,Nordrhein-Westfalen,Soest,Bad Sassendorf,59505,12138,63.46,51.585642,8.164329
059740012012,Nordrhein-Westfalen,Soest,Ense,59469,12303,51.08,51.503923,7.959552
059740016016,Nordrhein-Westfalen,Soest,"Erwitte, Stadt",59597,16225,89.41,51.611473,8.336195
059740020020,Nordrhein-Westfalen,Soest,"Geseke, Stadt",59590,21013,97.89,51.640122,8.508216
059740024024,Nordrhein-Westfalen,Soest,Lippetal,59510,11795,126.61,51.656454,8.143621
059740028028,Nordrhein-Westfalen,Soest,"Lippstadt, Stadt",59555,68383,113.68,51.674054,8.346206
059740032032,Nordrhein-Westfalen,Soest,Möhnesee,59519,10483,123.49,51.497716,8.131657
059740036036,Nordrhein-Westfalen,Soest,"Rüthen, Stadt",59602,10302,158.15,51.491486,8.431127
059740040040,Nordrhein-Westfalen,Soest,"Soest, Stadt",59494,47752,85.81,51.572543,8.106308
059740044044,Nordrhein-Westfalen,Soest,"Warstein, Stadt",59581,24857,158.05,51.442787,8.353834
059740048048,Nordrhein-Westfalen,Soest,Welver,59514,11983,85.62,51.618557,7.957742
059740052052,Nordrhein-Westfalen,Soest,"Werl, Stadt",59457,29693,76.35,51.553548,7.913783
059740056056,Nordrhein-Westfalen,Soest,Wickede (Ruhr),58739,11254,25.24,51.49641,7.870363
059780004004,Nordrhein-Westfalen,Unna,"Bergkamen, Stadt",59192,49198,44.9,51.615888,7.643344
059780008008,Nordrhein-Westfalen,Unna,Bönen,59199,17606,38.04,51.598348,7.756717
059780012012,Nordrhein-Westfalen,Unna,"Fröndenberg/Ruhr, Stadt",58730,20330,56.23,51.473212,7.767252
059780016016,Nordrhein-Westfalen,Unna,Holzwickede,59439,17543,22.36,51.502798,7.617843
059780020020,Nordrhein-Westfalen,Unna,"Kamen, Stadt",59174,42139,40.95,51.592335,7.662404
059780024024,Nordrhein-Westfalen,Unna,"Lünen, Stadt",44532,85844,59.39,51.614327,7.523533
059780028028,Nordrhein-Westfalen,Unna,"Schwerte, Hansestadt an der Ruhr",58239,45794,56.23,51.441141,7.568982
059780032032,Nordrhein-Westfalen,Unna,"Selm, Stadt",59379,25817,60.41,51.70035,7.468573
059780036036,Nordrhein-Westfalen,Unna,"Unna, Stadt",59423,57961,88.56,51.534878,7.689932
059780040040,Nordrhein-Westfalen,Unna,"Werne, Stadt",59368,30034,76.14,51.663179,7.635119
064110000000,Hessen,"Darmstadt, Wissenschaftsstadt","Darmstadt, Wissenschaftsstadt",64283,168253,122.07,49.872238,8.653838
064120000000,Hessen,"Frankfurt am Main, Stadt","Frankfurt am Main, Stadt",60311,760656,248.31,50.11088,8.682433
064130000000,Hessen,"Offenbach am Main, Stadt","Offenbach am Main, Stadt",63065,133195,44.88,50.105567,8.764442
064140000000,Hessen,"Wiesbaden, Landeshauptstadt","Wiesbaden, Landeshauptstadt",65183,288584,203.87,50.081698,8.239138
064150000000,Hessen,"Hanau, Brüder-Grimm-Stadt","Hanau, Brüder-Grimm-Stadt",63450,98582,76.28,50.135573,8.915189
064310001001,Hessen,Bergstraße,Abtsteinach,69518,2393,11.02,49.544051,8.786237
064310002002,Hessen,Bergstraße,"Bensheim, Stadt",64625,40848,57.83,49.680002,8.622171
064310003003,Hessen,Bergstraße,Biblis,68647,9135,40.47,49.683253,8.450353
064310004004,Hessen,Bergstraße,Birkenau,69488,9562,24.54,49.562425,8.705575
064310005005,Hessen,Bergstraße,"Bürstadt, Stadt",68642,17721,34.46,49.640458,8.45334
064310006006,Hessen,Bergstraße,Einhausen,64683,6586,26.67,49.672282,8.545053
064310007007,Hessen,Bergstraße,Fürth,64658,10653,38.41,49.650424,8.782414
064310008008,Hessen,Bergstraße,Gorxheimertal,69517,4165,10.45,49.530895,8.732527
064310009009,Hessen,Bergstraße,Grasellenbach,64689,3887,22.88,49.630273,8.860779
064310010010,Hessen,Bergstraße,Groß-Rohrheim,68649,3674,19.56,49.718002,8.476234
064310011011,Hessen,Bergstraße,"Heppenheim (Bergstraße), Kreisstadt",64646,28031,52.12,49.641185,8.644017
064310012012,Hessen,Bergstraße,"Hirschhorn (Neckar), Stadt",69434,3460,30.85,49.447519,8.896627
064310013013,Hessen,Bergstraße,"Lampertheim, Stadt",68623,32395,72.27,49.595788,8.46255
064310014014,Hessen,Bergstraße,Lautertal (Odenwald),64686,7006,30.75,49.712209,8.692303
064310015015,Hessen,Bergstraße,"Lindenfels, Stadt",64678,5019,21.09,49.68301,8.77983
064310016016,Hessen,Bergstraße,"Lorsch, Karolingerstadt",64653,14235,25.24,49.653854,8.567793
064310017017,Hessen,Bergstraße,Mörlenbach,69509,10200,27.22,49.597539,8.737691
064310018018,Hessen,Bergstraße,"Neckarsteinach, Stadt",69239,3782,17.24,49.40797,8.839114
064310019019,Hessen,Bergstraße,Rimbach,64668,8688,23.16,49.623998,8.756412
064310020020,Hessen,Bergstraße,"Viernheim, Stadt",68519,34285,48.41,49.537068,8.581954
064310021021,Hessen,Bergstraße,Wald-Michelbach,69483,10445,74.31,49.570696,8.83014
064310022022,Hessen,Bergstraße,"Zwingenberg, Stadt",64673,7183,5.66,49.726069,8.612274
064319200200,Hessen,Bergstraße,"Michelbuch, gemfr. Gebiet",,0,4.88,49.431175,8.868951
064320001001,Hessen,Darmstadt-Dieburg,Alsbach-Hähnlein,64665,9240,15.77,49.739626,8.61793
064320002002,Hessen,Darmstadt-Dieburg,"Babenhausen, Stadt",64832,17778,66.85,49.962864,8.95236
064320003003,Hessen,Darmstadt-Dieburg,Bickenbach,64404,6085,9.26,49.754423,8.611025
064320004004,Hessen,Darmstadt-Dieburg,"Dieburg, Stadt",64807,15791,23.08,49.899272,8.840041
064320005005,Hessen,Darmstadt-Dieburg,Eppertshausen,64859,6398,13.11,49.944519,8.848665
064320006006,Hessen,Darmstadt-Dieburg,Erzhausen,64390,7732,7.4,49.952719,8.634735
064320007007,Hessen,Darmstadt-Dieburg,Fischbachtal,64405,2692,13.27,49.769587,8.813216
064320008008,Hessen,Darmstadt-Dieburg,"Griesheim, Stadt",64347,29385,21.55,49.859176,8.552637
064320009009,Hessen,Darmstadt-Dieburg,"Groß-Bieberau, Stadt",64401,4486,18.27,49.801184,8.827307
064320010010,Hessen,Darmstadt-Dieburg,"Groß-Umstadt, Stadt",64823,21171,86.84,49.867962,8.926007
064320011011,Hessen,Darmstadt-Dieburg,Groß-Zimmern,64846,14652,21.26,49.87222,8.830208
064320012012,Hessen,Darmstadt-Dieburg,Messel,64409,4229,14.82,49.939275,8.7412
064320013013,Hessen,Darmstadt-Dieburg,Modautal,64397,5099,31.79,49.735121,8.738628
064320014014,Hessen,Darmstadt-Dieburg,Mühltal,64367,13839,25.34,49.824604,8.702081
064320015015,Hessen,Darmstadt-Dieburg,Münster (Hessen),64839,14657,20.78,49.925685,8.859343
064320016016,Hessen,Darmstadt-Dieburg,"Ober-Ramstadt, Stadt",64372,15039,41.88,49.831768,8.7395
064320017017,Hessen,Darmstadt-Dieburg,Otzberg,64853,6291,41.94,49.83567,8.901184
064320018018,Hessen,Darmstadt-Dieburg,"Pfungstadt, Stadt",64319,25475,42.54,49.801774,8.597771
064320019019,Hessen,Darmstadt-Dieburg,"Reinheim, Stadt",64354,16372,27.7,49.826054,8.834738
064320020020,Hessen,Darmstadt-Dieburg,Roßdorf,64380,13025,20.6,49.8577,8.756733
064320021021,Hessen,Darmstadt-Dieburg,Schaafheim,64850,9079,32.16,49.921287,9.007365
064320022022,Hessen,Darmstadt-Dieburg,Seeheim-Jugenheim,64342,16376,28.0,49.767668,8.64468
064320023023,Hessen,Darmstadt-Dieburg,"Weiterstadt, Stadt",64331,26638,34.4,49.905719,8.588464
064330001001,Hessen,Groß-Gerau,Biebesheim am Rhein,64584,6436,18.68,49.779852,8.464971
064330002002,Hessen,Groß-Gerau,Bischofsheim,65474,13034,9.03,49.989065,8.355011
064330003003,Hessen,Groß-Gerau,Büttelborn,64572,14712,30.01,49.902139,8.511859
064330004004,Hessen,Groß-Gerau,"Gernsheim, Schöfferstadt",64579,10777,40.11,49.752294,8.493249
064330005005,Hessen,Groß-Gerau,"Ginsheim-Gustavsburg, Stadt",65462,16452,13.94,49.966981,8.345195
064330006006,Hessen,Groß-Gerau,"Groß-Gerau, Stadt",64521,25401,54.47,49.92162,8.482423
064330007007,Hessen,Groß-Gerau,"Kelsterbach, Stadt",65451,16762,15.41,50.06318,8.528848
064330008008,Hessen,Groß-Gerau,"Mörfelden-Walldorf, Stadt",64546,31441,44.13,49.975563,8.567855
064330009009,Hessen,Groß-Gerau,Nauheim,64569,10490,13.77,49.945337,8.452237
064330010010,Hessen,Groß-Gerau,"Raunheim, Stadt",65479,15155,12.6,50.013579,8.452933
064330011011,Hessen,Groß-Gerau,"Riedstadt, Büchnerstadt",64560,23274,73.73,49.835419,8.497909
064330012012,Hessen,Groß-Gerau,"Rüsselsheim am Main, Stadt",65428,66028,58.29,49.994936,8.411404
064330013013,Hessen,Groß-Gerau,Stockstadt am Rhein,64589,5950,18.73,49.80777,8.46596
064330014014,Hessen,Groß-Gerau,Trebur,65468,12702,50.13,49.926683,8.404983
064340001001,Hessen,Hochtaunuskreis,"Bad Homburg v. d. Höhe, Stadt, Kurstadt",61343,56938,51.14,50.228406,8.61299
064340002002,Hessen,Hochtaunuskreis,"Friedrichsdorf, Philipp-Reis-Stadt",61381,26054,30.13,50.256846,8.641683
064340003003,Hessen,Hochtaunuskreis,Glashütten,61479,5328,27.1,50.215925,8.402503
064340004004,Hessen,Hochtaunuskreis,Grävenwiesbach,61279,5348,43.15,50.388795,8.457886
064340005005,Hessen,Hochtaunuskreis,"Königstein im Taunus, Stadt, Kurort",61462,16600,25.05,50.182742,8.464874
064340006006,Hessen,Hochtaunuskreis,"Kronberg im Taunus, Stadt",61476,18577,18.58,50.179718,8.510666
064340007007,Hessen,Hochtaunuskreis,"Neu-Anspach, Stadt",61267,14302,36.12,50.291757,8.506889
064340008008,Hessen,Hochtaunuskreis,"Oberursel (Taunus), Stadt",61440,46757,45.34,50.200588,8.582282
064340009009,Hessen,Hochtaunuskreis,Schmitten im Taunus,61389,9361,35.51,50.270038,8.444191
064340010010,Hessen,Hochtaunuskreis,"Steinbach (Taunus), Stadt",61449,10827,4.4,50.167692,8.5721
064340011011,Hessen,Hochtaunuskreis,"Usingen, Stadt",61250,15589,55.81,50.333557,8.537436
064340012012,Hessen,Hochtaunuskreis,Wehrheim,61273,9202,38.34,50.302901,8.568053
064340013013,Hessen,Hochtaunuskreis,Weilrod,61276,6847,71.17,50.342201,8.380402
064350001001,Hessen,Main-Kinzig-Kreis,"Bad Orb, Stadt, Heilbad",63619,9930,47.75,50.227786,9.348206
064350002002,Hessen,Main-Kinzig-Kreis,"Bad Soden-Salmünster, Stadt, Kurstadt",63628,13653,58.59,50.275248,9.372421
064350003003,Hessen,Main-Kinzig-Kreis,Biebergemünd,63599,8187,78.45,50.20755,9.276363
064350004004,Hessen,Main-Kinzig-Kreis,Birstein,63633,6115,86.61,50.353303,9.310281
064350005005,Hessen,Main-Kinzig-Kreis,Brachttal,63636,4788,30.84,50.302588,9.298776
064350006006,Hessen,Main-Kinzig-Kreis,"Bruchköbel, Stadt",63486,20347,29.88,50.178773,8.920577
064350007007,Hessen,Main-Kinzig-Kreis,"Erlensee, Stadt",63526,15959,18.58,50.171489,8.97813
064350008008,Hessen,Main-Kinzig-Kreis,Flörsbachtal,63639,2296,52.11,50.127726,9.480329
064350009009,Hessen,Main-Kinzig-Kreis,Freigericht,63579,13985,33.47,50.141455,9.112816
064350010010,Hessen,Main-Kinzig-Kreis,"Gelnhausen, Barbarossastadt, Kreisstadt",63571,23401,45.15,50.203103,9.191488
064350011011,Hessen,Main-Kinzig-Kreis,Großkrotzenburg,63538,7364,7.47,50.082686,8.980931
064350012012,Hessen,Main-Kinzig-Kreis,Gründau,63584,14535,67.6,50.209015,9.137636
064350013013,Hessen,Main-Kinzig-Kreis,Hammersbach,63546,4790,20.14,50.222678,8.985694
064350015015,Hessen,Main-Kinzig-Kreis,Hasselroth,63594,7404,18.93,50.161122,9.090602
064350016016,Hessen,Main-Kinzig-Kreis,Jossgrund,63637,3371,50.69,50.191178,9.472834
064350017017,Hessen,Main-Kinzig-Kreis,"Langenselbold, Stadt",63505,14367,26.23,50.175668,9.039698
064350018018,Hessen,Main-Kinzig-Kreis,Linsengericht,63589,9548,29.8,50.188757,9.19923
064350019019,Hessen,Main-Kinzig-Kreis,"Maintal, Stadt",63477,39130,32.41,50.139416,8.843408
064350020020,Hessen,Main-Kinzig-Kreis,Neuberg,63543,5403,10.55,50.18774,8.996444
064350021021,Hessen,Main-Kinzig-Kreis,"Nidderau, Stadt",61130,20131,46.73,50.220979,8.87606
064350022022,Hessen,Main-Kinzig-Kreis,Niederdorfelden,61138,4276,6.52,50.195455,8.800797
064350023023,Hessen,Main-Kinzig-Kreis,Rodenbach,63517,11211,16.74,50.14547,9.021246
064350024024,Hessen,Main-Kinzig-Kreis,Ronneburg,63549,3535,14.25,50.216857,9.04344
064350025025,Hessen,Main-Kinzig-Kreis,"Schlüchtern, Stadt",36381,15692,113.3,50.347107,9.524202
064350026026,Hessen,Main-Kinzig-Kreis,Schöneck,61137,11793,21.5,50.201068,8.853098
064350027027,Hessen,Main-Kinzig-Kreis,Sinntal,36391,8588,111.82,50.312197,9.623114
064350028028,Hessen,Main-Kinzig-Kreis,"Steinau an der Straße, Brüder-Grimm-Stadt",36396,10110,104.86,50.313016,9.461969
064350029029,Hessen,Main-Kinzig-Kreis,"Wächtersbach, Stadt",63607,12684,50.79,50.257679,9.292299
064359200200,Hessen,Main-Kinzig-Kreis,"Gutsbezirk Spessart, gemfr. Gebiet",,0,89.29,50.241618,9.539483
064360001001,Hessen,Main-Taunus-Kreis,"Bad Soden am Taunus, Stadt",65812,23096,12.5,50.143796,8.5018
064360002002,Hessen,Main-Taunus-Kreis,"Eppstein, Stadt",65817,13058,24.19,50.140666,8.396967
064360003003,Hessen,Main-Taunus-Kreis,"Eschborn, Stadt",65760,22478,12.13,50.143505,8.569823
064360004004,Hessen,Main-Taunus-Kreis,"Flörsheim am Main, Stadt",65439,21257,22.99,50.013676,8.430161
064360005005,Hessen,Main-Taunus-Kreis,"Hattersheim am Main, Stadt",65795,28820,15.8,50.07225,8.485929
064360006006,Hessen,Main-Taunus-Kreis,"Hochheim am Main, Stadt",65239,18425,19.47,50.01113,8.353313
064360007007,Hessen,Main-Taunus-Kreis,"Hofheim am Taunus, Kreisstadt",65719,39149,57.43,50.088576,8.446053
064360008008,Hessen,Main-Taunus-Kreis,"Kelkheim (Taunus), Stadt",65779,28041,30.73,50.133925,8.452115
064360009009,Hessen,Main-Taunus-Kreis,Kriftel,65830,11402,6.76,50.082683,8.468224
064360010010,Hessen,Main-Taunus-Kreis,Liederbach am Taunus,65835,8843,6.2,50.117038,8.494169
064360011011,Hessen,Main-Taunus-Kreis,"Schwalbach am Taunus, Stadt",65824,15474,6.47,50.149333,8.537789
064360012012,Hessen,Main-Taunus-Kreis,Sulzbach (Taunus),65843,8740,7.85,50.13359,8.528319
064370001001,Hessen,Odenwaldkreis,"Bad König, Stadt, Heilbad",64732,9472,46.73,49.743868,9.005106
064370003003,Hessen,Odenwaldkreis,Brensbach,64395,4787,23.18,49.772941,8.878516
064370004004,Hessen,Odenwaldkreis,"Breuberg, Stadt",64747,7222,30.76,49.819229,9.018078
064370005005,Hessen,Odenwaldkreis,Brombachtal,64753,3452,20.44,49.73555,8.950526
064370006006,Hessen,Odenwaldkreis,"Erbach, Kreisstadt",64711,13858,61.52,49.657653,8.99268
064370007007,Hessen,Odenwaldkreis,Fränkisch-Crumbach,64407,2895,16.12,49.745722,8.858014
064370009009,Hessen,Odenwaldkreis,Höchst i. Odw.,64739,9751,30.51,49.799584,8.993999
064370010010,Hessen,Odenwaldkreis,Lützelbach,64750,6727,35.44,49.786263,9.079658
064370011011,Hessen,Odenwaldkreis,"Michelstadt, Stadt",64720,15197,86.98,49.679443,9.004011
064370012012,Hessen,Odenwaldkreis,Mossautal,64756,2426,48.5,49.644703,8.931026
064370013013,Hessen,Odenwaldkreis,Reichelsheim (Odenwald),64385,8234,58.2,49.712441,8.839871
064370016016,Hessen,Odenwaldkreis,"Oberzent, Stadt",64760,9378,165.61,49.567461,8.9735
064380001001,Hessen,Offenbach,"Dietzenbach, Kreisstadt",63128,35458,21.68,50.008939,8.781779
064380002002,Hessen,Offenbach,"Dreieich, Stadt",63303,41965,53.27,50.017689,8.69546
064380003003,Hessen,Offenbach,Egelsbach,63329,11002,14.81,49.969305,8.666586
064380004004,Hessen,Offenbach,Hainburg,63512,14516,15.94,50.082103,8.941007
064380005005,Hessen,Offenbach,"Heusenstamm, Stadt",63150,19397,19.03,50.059432,8.806283
064380006006,Hessen,Offenbach,"Langen (Hessen), Stadt",63225,39009,29.12,49.989495,8.679424
064380007007,Hessen,Offenbach,Mainhausen,63533,9516,17.92,50.015014,8.994485
064380008008,Hessen,Offenbach,"Mühlheim am Main, Stadt",63165,29213,20.67,50.122715,8.835525
064380009009,Hessen,Offenbach,"Neu-Isenburg, Hugenotten- und Waldenserstadt",63263,38236,24.29,50.054636,8.6953
064380010010,Hessen,Offenbach,"Obertshausen, Stadt",63179,25381,13.62,50.072108,8.848662
064380011011,Hessen,Offenbach,"Rodgau, Stadt",63110,45197,65.04,50.024355,8.88533
064380012012,Hessen,Offenbach,"Rödermark, Stadt",63322,28869,29.99,49.978893,8.827442
064380013013,Hessen,Offenbach,"Seligenstadt, Einhardstadt",63500,21225,30.85,50.04432,8.972603
064390001001,Hessen,Rheingau-Taunus-Kreis,Aarbergen,65326,6220,33.97,50.24602,8.076766
064390002002,Hessen,Rheingau-Taunus-Kreis,"Bad Schwalbach, Kreisstadt, Heilbad",65307,11572,40.27,50.140276,8.069825
064390003003,Hessen,Rheingau-Taunus-Kreis,"Eltville am Rhein, Stadt",65343,16939,46.77,50.024896,8.119535
064390004004,Hessen,Rheingau-Taunus-Kreis,"Geisenheim, Hochschulstadt",65366,11184,40.34,49.983339,7.965681
064390005005,Hessen,Rheingau-Taunus-Kreis,Heidenrod,65321,7365,95.92,50.212879,7.995855
064390006006,Hessen,Rheingau-Taunus-Kreis,Hohenstein,65329,5872,63.86,50.194814,8.09854
064390007007,Hessen,Rheingau-Taunus-Kreis,Hünstetten,65510,10416,50.58,50.267277,8.233802
064390008008,Hessen,Rheingau-Taunus-Kreis,"Idstein, Hochschulstadt",65510,25724,79.76,50.220898,8.270744
064390009009,Hessen,Rheingau-Taunus-Kreis,Kiedrich,65399,3821,12.34,50.040883,8.085089
064390010010,Hessen,Rheingau-Taunus-Kreis,"Lorch, Stadt",65391,3802,54.43,50.0458,7.804077
064390011011,Hessen,Rheingau-Taunus-Kreis,Niedernhausen,65527,14216,35.29,50.161445,8.317966
064390012012,Hessen,Rheingau-Taunus-Kreis,"Oestrich-Winkel, Hochschulstadt",65375,11386,59.51,49.998444,8.00726
064390013013,Hessen,Rheingau-Taunus-Kreis,"Rüdesheim am Rhein, Stadt",65385,9874,51.41,49.979366,7.926648
064390014014,Hessen,Rheingau-Taunus-Kreis,Schlangenbad,65388,6004,36.51,50.094773,8.102652
064390015015,Hessen,Rheingau-Taunus-Kreis,"Taunusstein, Stadt",65232,30156,67.02,50.143382,8.159175
064390016016,Hessen,Rheingau-Taunus-Kreis,Waldems,65529,5314,36.68,50.250514,8.317029
064390017017,Hessen,Rheingau-Taunus-Kreis,Walluf,65396,5494,6.74,50.035456,8.160766
064400001001,Hessen,Wetteraukreis,Altenstadt,63674,12668,30.09,50.285831,8.945024
064400002002,Hessen,Wetteraukreis,"Bad Nauheim, Stadt, Kurstadt",61231,32700,32.54,50.363379,8.734962
064400003003,Hessen,Wetteraukreis,"Bad Vilbel, Stadt",61118,35886,25.68,50.180878,8.741149
064400004004,Hessen,Wetteraukreis,"Büdingen, Stadt",63654,22068,122.88,50.292506,9.114105
064400005005,Hessen,Wetteraukreis,"Butzbach, Friedrich-Ludwig-Weidig-Stadt",35510,27181,106.6,50.433537,8.672123
064400006006,Hessen,Wetteraukreis,Echzell,61209,5484,37.65,50.39046,8.885661
064400007007,Hessen,Wetteraukreis,"Florstadt, Stadt",61197,9073,39.6,50.318669,8.861417
064400008008,Hessen,Wetteraukreis,"Friedberg (Hessen), Kreisstadt",61169,30448,50.18,50.33776,8.754091
064400009009,Hessen,Wetteraukreis,"Gedern, Stadt",63688,6657,75.24,50.424404,9.19793
064400010010,Hessen,Wetteraukreis,Glauburg,63695,2989,12.67,50.324623,9.017487
064400011011,Hessen,Wetteraukreis,Hirzenhain,63697,2741,16.11,50.390853,9.135835
064400012012,Hessen,Wetteraukreis,"Karben, Stadt",61184,22486,43.94,50.230102,8.773103
064400013013,Hessen,Wetteraukreis,Kefenrod,63699,2557,30.67,50.345008,9.210801
064400014014,Hessen,Wetteraukreis,Limeshain,63694,5542,12.5,50.260907,8.972786
064400015015,Hessen,Wetteraukreis,"Münzenberg, Stadt",35516,5662,31.63,50.45595,8.777495
064400016016,Hessen,Wetteraukreis,"Nidda, Johannes-Pistorius-Stadt",63667,17097,118.33,50.413675,9.006592
064400017017,Hessen,Wetteraukreis,"Niddatal, Stadt",61194,9765,40.25,50.29758,8.815266
064400018018,Hessen,Wetteraukreis,Ober-Mörlen,61239,5768,37.65,50.373047,8.694519
064400019019,Hessen,Wetteraukreis,"Ortenberg, Stadt",63683,8351,54.7,50.35609,9.054158
064400020020,Hessen,Wetteraukreis,Ranstadt,63691,5376,34.26,50.358046,8.98571
064400021021,Hessen,Wetteraukreis,"Reichelsheim (Wetterau), Stadt",61203,6913,27.56,50.358447,8.874689
064400022022,Hessen,Wetteraukreis,Rockenberg,35519,4165,16.14,50.429875,8.735182
064400023023,Hessen,Wetteraukreis,"Rosbach v. d. Höhe, Stadt",61191,13034,45.33,50.304532,8.692481
064400024024,Hessen,Wetteraukreis,Wölfersheim,61200,9325,43.11,50.398525,8.812984
064400025025,Hessen,Wetteraukreis,Wöllstadt,61206,6590,15.38,50.279143,8.77073
065310001001,Hessen,Gießen,"Allendorf (Lumda), Stadt",35469,3838,22.05,50.677705,8.822783
065310002002,Hessen,Gießen,Biebertal,35444,9842,43.94,50.619052,8.597507
065310003003,Hessen,Gießen,Buseck,35418,12550,38.61,50.608968,8.788294
065310004004,Hessen,Gießen,Fernwald,35463,7160,21.57,50.550186,8.778451
065310005005,Hessen,Gießen,"Gießen, Universitätsstadt",35390,88544,72.61,50.586195,8.674877
065310006006,Hessen,Gießen,"Grünberg, Stadt",35305,13627,89.22,50.592526,8.959065
065310007007,Hessen,Gießen,Heuchelheim a. d. Lahn,35452,7811,10.58,50.582394,8.631242
065310008008,Hessen,Gießen,"Hungen, Stadt",35410,12752,86.78,50.475592,8.901404
065310009009,Hessen,Gießen,Langgöns,35428,11018,52.53,50.497561,8.660092
065310010010,Hessen,Gießen,"Laubach, Stadt",35321,9680,97.01,50.542551,8.99015
065310011011,Hessen,Gießen,"Lich, Stadt",35423,14193,77.61,50.519349,8.81911
065310012012,Hessen,Gießen,"Linden, Stadt",35440,13232,22.77,50.530078,8.652659
065310013013,Hessen,Gießen,"Lollar, Stadt",35457,10170,21.39,50.650039,8.705492
065310014014,Hessen,Gießen,"Pohlheim, Stadt",35415,17517,38.0,50.534353,8.716165
065310015015,Hessen,Gießen,Rabenau,35466,4888,43.4,50.674571,8.861779
065310016016,Hessen,Gießen,Reiskirchen,35447,10307,44.99,50.595897,8.832437
065310017017,Hessen,Gießen,"Staufenberg, Stadt",35460,8219,28.58,50.659884,8.732286
065310018018,Hessen,Gießen,Wettenberg,35435,11935,42.92,50.621103,8.635015
065320001001,Hessen,Lahn-Dill-Kreis,"Aßlar, Stadt",35614,14381,43.57,50.5893,8.464722
065320002002,Hessen,Lahn-Dill-Kreis,Bischoffen,35649,3093,35.37,50.705583,8.448298
065320003003,Hessen,Lahn-Dill-Kreis,"Braunfels, Stadt",35619,11148,47.28,50.514702,8.38959
065320004004,Hessen,Lahn-Dill-Kreis,Breitscheid,35767,4495,31.71,50.684661,8.188855
065320005005,Hessen,Lahn-Dill-Kreis,"Dietzhölztal, Hochschulgemeinde",35716,5251,37.47,50.832704,8.315583
065320006006,Hessen,Lahn-Dill-Kreis,"Dillenburg, Oranienstadt",35683,22895,83.76,50.739424,8.287324
065320007007,Hessen,Lahn-Dill-Kreis,Driedorf,35759,5024,47.56,50.63466,8.185288
065320008008,Hessen,Lahn-Dill-Kreis,Ehringshausen,35630,9271,45.43,50.596447,8.381612
065320009009,Hessen,Lahn-Dill-Kreis,Eschenburg,35713,9709,45.78,50.813851,8.337467
065320010010,Hessen,Lahn-Dill-Kreis,Greifenstein,35753,6533,67.4,50.62267,8.291417
065320011011,Hessen,Lahn-Dill-Kreis,"Haiger, Stadt",35708,18865,106.73,50.742898,8.204719
065320012012,Hessen,Lahn-Dill-Kreis,"Herborn, Stadt",35745,20276,63.76,50.682575,8.302982
065320013013,Hessen,Lahn-Dill-Kreis,Hohenahr,35644,4944,45.71,50.67496,8.525823
065320014014,Hessen,Lahn-Dill-Kreis,Hüttenberg,35625,10512,40.74,50.520459,8.57712
065320015015,Hessen,Lahn-Dill-Kreis,Lahnau,35633,8131,23.94,50.576168,8.565071
065320016016,Hessen,Lahn-Dill-Kreis,"Leun, Stadt",35638,5712,28.66,50.549638,8.357168
065320017017,Hessen,Lahn-Dill-Kreis,Mittenaar,35756,4623,35.14,50.692135,8.379217
065320018018,Hessen,Lahn-Dill-Kreis,Schöffengrund,35641,6573,34.11,50.496449,8.471066
065320019019,Hessen,Lahn-Dill-Kreis,Siegbach,35768,2496,29.03,50.734708,8.417402
065320020020,Hessen,Lahn-Dill-Kreis,Sinn,35764,6412,18.73,50.652878,8.33121
065320021021,Hessen,Lahn-Dill-Kreis,"Solms, Stadt",35606,13567,34.02,50.538809,8.405659
065320022022,Hessen,Lahn-Dill-Kreis,Waldsolms,35647,4663,44.75,50.433995,8.494888
065320023023,Hessen,Lahn-Dill-Kreis,"Wetzlar, Stadt",35578,54865,75.65,50.554439,8.501069
065330001001,Hessen,Limburg-Weilburg,Beselich,65614,5779,31.54,50.456832,8.122274
065330002002,Hessen,Limburg-Weilburg,Brechen,65611,6281,24.86,50.36549,8.164031
065330003003,Hessen,Limburg-Weilburg,"Bad Camberg, Stadt, Kurstadt",65520,14134,54.6,50.29812,8.265932
065330004004,Hessen,Limburg-Weilburg,Dornburg,65599,8405,33.23,50.503919,8.024181
065330005005,Hessen,Limburg-Weilburg,Elbtal,65627,2377,11.11,50.504848,8.064857
065330006006,Hessen,Limburg-Weilburg,Elz,65604,8101,16.86,50.413548,8.035806
065330007007,Hessen,Limburg-Weilburg,"Hadamar, Stadt",65589,12967,40.99,50.448831,8.046008
065330008008,Hessen,Limburg-Weilburg,Hünfelden,65597,9744,62.69,50.30926,8.161342
065330009009,Hessen,Limburg-Weilburg,"Limburg a. d. Lahn, Kreisstadt",65549,35802,45.16,50.387254,8.064098
065330010010,Hessen,Limburg-Weilburg,Löhnberg,35792,4686,33.84,50.511288,8.270058
065330011011,Hessen,Limburg-Weilburg,"Mengerskirchen, Marktflecken",35794,5687,30.82,50.564589,8.154369
065330012012,Hessen,Limburg-Weilburg,"Merenberg, Marktflecken",35799,3314,23.09,50.508115,8.191667
065330013013,Hessen,Limburg-Weilburg,"Runkel, Stadt",65594,9428,43.71,50.405383,8.156881
065330014014,Hessen,Limburg-Weilburg,Selters (Taunus),65618,8111,40.47,50.33486,8.224892
065330015015,Hessen,Limburg-Weilburg,"Villmar, Marktflecken",65606,6557,43.1,50.390548,8.190289
065330016016,Hessen,Limburg-Weilburg,Waldbrunn (Westerwald),65620,5865,29.77,50.507858,8.091974
065330017017,Hessen,Limburg-Weilburg,"Weilburg, Stadt",35781,13019,57.51,50.484392,8.264057
065330018018,Hessen,Limburg-Weilburg,"Weilmünster, Marktflecken",35789,8565,77.42,50.432368,8.376585
065330019019,Hessen,Limburg-Weilburg,Weinbach,35796,4173,37.67,50.438384,8.292563
065340001001,Hessen,Marburg-Biedenkopf,"Amöneburg, Stadt",35287,4951,43.9,50.796985,8.924741
065340002002,Hessen,Marburg-Biedenkopf,Angelburg,35719,3392,16.73,50.824158,8.449582
065340003003,Hessen,Marburg-Biedenkopf,Bad Endbach,35080,7900,39.85,50.753161,8.495525
065340004004,Hessen,Marburg-Biedenkopf,"Biedenkopf, Stadt",35216,12932,90.31,50.910424,8.531086
065340005005,Hessen,Marburg-Biedenkopf,Breidenbach,35236,6737,44.83,50.88686,8.454202
065340006006,Hessen,Marburg-Biedenkopf,Cölbe,35091,6566,26.68,50.849612,8.783993
065340007007,Hessen,Marburg-Biedenkopf,Dautphetal,35232,11350,72.02,50.858244,8.542378
065340008008,Hessen,Marburg-Biedenkopf,Ebsdorfergrund,35085,9312,72.87,50.727847,8.857172
065340009009,Hessen,Marburg-Biedenkopf,Fronhausen,35112,4084,27.87,50.704273,8.694672
065340010010,Hessen,Marburg-Biedenkopf,"Gladenbach, Stadt",35075,12377,72.28,50.769827,8.581836
065340011011,Hessen,Marburg-Biedenkopf,"Kirchhain, Stadt",35274,16297,90.95,50.820738,8.921032
065340012012,Hessen,Marburg-Biedenkopf,Lahntal,35094,6988,40.5,50.862656,8.70517
065340013013,Hessen,Marburg-Biedenkopf,Lohra,35102,5849,49.16,50.735887,8.630554
065340014014,Hessen,Marburg-Biedenkopf,"Marburg, Universitätsstadt",35037,73571,123.91,50.809004,8.769147
065340015015,Hessen,Marburg-Biedenkopf,Münchhausen,35117,3267,41.54,50.960477,8.716153
065340016016,Hessen,Marburg-Biedenkopf,"Neustadt (Hessen), Stadt",35279,9289,56.86,50.852589,9.114982
065340017017,Hessen,Marburg-Biedenkopf,"Rauschenberg, Stadt",35282,4454,67.32,50.883471,8.914798
065340018018,Hessen,Marburg-Biedenkopf,"Stadtallendorf, Stadt",35260,21291,78.24,50.828131,9.016816
065340019019,Hessen,Marburg-Biedenkopf,Steffenberg,35239,3797,24.3,50.838291,8.474745
065340020020,Hessen,Marburg-Biedenkopf,Weimar (Lahn),35096,7288,47.05,50.759254,8.732208
065340021021,Hessen,Marburg-Biedenkopf,"Wetter (Hessen), Stadt",35083,8940,104.53,50.903328,8.723954
065340022022,Hessen,Marburg-Biedenkopf,Wohratal,35288,2119,30.67,50.933473,8.946874
065350001001,Hessen,Vogelsbergkreis,"Alsfeld, Stadt",36304,15279,129.71,50.751031,9.271415
065350002002,Hessen,Vogelsbergkreis,Antrifttal,36326,1722,26.59,50.795858,9.184625
065350003003,Hessen,Vogelsbergkreis,Feldatal,36325,2185,55.69,50.650387,9.172132
065350004004,Hessen,Vogelsbergkreis,Freiensteinau,36399,2974,65.66,50.424409,9.403038
065350005005,Hessen,Vogelsbergkreis,Gemünden (Felda),35329,2595,55.0,50.680649,9.037306
065350006006,Hessen,Vogelsbergkreis,"Grebenau, Stadt",36323,2232,55.34,50.743167,9.474834
065350007007,Hessen,Vogelsbergkreis,Grebenhain,36355,4420,91.62,50.488683,9.334831
065350008008,Hessen,Vogelsbergkreis,"Herbstein, Stadt, Heilbad",36358,4527,79.98,50.562502,9.348731
065350009009,Hessen,Vogelsbergkreis,"Homberg (Ohm), Stadt",35315,6972,88.04,50.728382,8.997428
065350010010,Hessen,Vogelsbergkreis,"Kirtorf, Stadt",36320,3082,79.91,50.768346,9.105878
065350011011,Hessen,Vogelsbergkreis,"Lauterbach (Hessen), Kreisstadt",36341,13027,101.98,50.635729,9.397967
065350012012,Hessen,Vogelsbergkreis,Lautertal (Vogelsberg),36369,2219,53.6,50.587069,9.287998
065350013013,Hessen,Vogelsbergkreis,Mücke,35325,9182,86.23,50.624727,9.026362
065350014014,Hessen,Vogelsbergkreis,"Romrod, Stadt",36329,2585,54.43,50.714722,9.220618
065350015015,Hessen,Vogelsbergkreis,"Schlitz, Stadt",36110,9270,142.06,50.675319,9.558584
065350016016,Hessen,Vogelsbergkreis,"Schotten, Stadt",63679,9542,133.56,50.502258,9.124329
065350017017,Hessen,Vogelsbergkreis,Schwalmtal,36318,2721,54.36,50.696937,9.326545
065350018018,Hessen,Vogelsbergkreis,"Ulrichstein, Stadt",35327,2721,65.61,50.576648,9.192283
065350019019,Hessen,Vogelsbergkreis,Wartenberg,36367,3468,39.54,50.62744,9.445073
066110000000,Hessen,"Kassel, documenta-Stadt","Kassel, documenta-Stadt",34117,196799,106.79,51.314684,9.495199
066310001001,Hessen,Fulda,"Bad Salzschlirf, Heilbad",36364,3716,13.06,50.623014,9.509294
066310002002,Hessen,Fulda,"Burghaun, Marktgemeinde",36151,6358,65.04,50.697783,9.726797
066310003003,Hessen,Fulda,Dipperz,36160,3636,30.04,50.543276,9.796971
066310004004,Hessen,Fulda,Ebersburg,36157,4637,37.05,50.453043,9.79223
066310005005,Hessen,Fulda,Ehrenberg (Rhön),36115,2500,40.84,50.500104,10.004724
066310006006,Hessen,Fulda,Eichenzell,36124,11859,55.99,50.493515,9.69744
066310007007,Hessen,Fulda,"Eiterfeld, Marktgemeinde",36132,6878,89.83,50.762532,9.798801
066310008008,Hessen,Fulda,Flieden,36103,8624,49.65,50.423953,9.566496
066310009009,Hessen,Fulda,"Fulda, Stadt",36037,65755,104.05,50.55323,9.675061
066310010010,Hessen,Fulda,"Gersfeld (Rhön), Stadt",36129,5371,89.34,50.45036,9.920598
066310011011,Hessen,Fulda,Großenlüder,36137,8631,73.93,50.589482,9.540875
066310012012,Hessen,Fulda,"Hilders, Marktgemeinde",36115,4663,70.37,50.572246,10.002214
066310013013,Hessen,Fulda,Hofbieber,36145,6271,87.26,50.587183,9.837891
066310014014,Hessen,Fulda,Hosenfeld,36154,4554,50.73,50.505073,9.479489
066310015015,Hessen,Fulda,"Hünfeld, Konrad-Zuse-Stadt",36088,16985,119.75,50.672895,9.769026
066310016016,Hessen,Fulda,Kalbach,36148,6445,70.63,50.423848,9.640881
066310017017,Hessen,Fulda,Künzell,36093,16826,30.28,50.538819,9.706209
066310018018,Hessen,Fulda,Neuhof,36119,10790,90.28,50.44985,9.623894
066310019019,Hessen,Fulda,Nüsttal,36167,2874,45.49,50.637007,9.845847
066310020020,Hessen,Fulda,Petersberg,36100,16080,35.51,50.557878,9.711846
066310021021,Hessen,Fulda,Poppenhausen (Wasserkuppe),36163,2760,40.77,50.489438,9.869238
066310022022,Hessen,Fulda,"Rasdorf, Point-Alpha-Gemeinde",36169,1549,30.08,50.719548,9.897742
066310023023,Hessen,Fulda,"Tann (Rhön), Stadt",36142,4452,60.45,50.643742,10.023386
066320001001,Hessen,Hersfeld-Rotenburg,Alheim,36211,4803,63.84,51.024756,9.66857
066320002002,Hessen,Hersfeld-Rotenburg,"Bad Hersfeld, Kreisstadt, Kurstadt",36251,30632,73.87,50.867805,9.706008
066320003003,Hessen,Hersfeld-Rotenburg,"Bebra, Stadt",36179,12917,93.71,50.970041,9.794171
066320004004,Hessen,Hersfeld-Rotenburg,Breitenbach a. Herzberg,36287,1651,42.43,50.7763,9.514424
066320005005,Hessen,Hersfeld-Rotenburg,Cornberg,36219,1282,23.36,51.042677,9.862856
066320006006,Hessen,Hersfeld-Rotenburg,Friedewald,36289,2638,39.64,50.882439,9.856377
066320007007,Hessen,Hersfeld-Rotenburg,Hauneck,36282,3049,17.75,50.835037,9.722458
066320008008,Hessen,Hersfeld-Rotenburg,"Haunetal, Marktgemeinde",36166,2769,54.94,50.768555,9.694067
066320009009,Hessen,Hersfeld-Rotenburg,"Heringen (Werra), Stadt",36266,6621,61.2,50.888153,10.007553
066320010010,Hessen,Hersfeld-Rotenburg,Hohenroda,36284,3035,35.77,50.782922,9.914097
066320011011,Hessen,Hersfeld-Rotenburg,Kirchheim,36275,3606,50.61,50.841316,9.57383
066320012012,Hessen,Hersfeld-Rotenburg,Ludwigsau,36251,5409,112.05,50.901798,9.745033
066320013013,Hessen,Hersfeld-Rotenburg,Nentershausen,36214,2320,57.05,51.013774,9.933261
066320014014,Hessen,Hersfeld-Rotenburg,Neuenstein,36286,3006,64.8,50.917119,9.570654
066320015015,Hessen,Hersfeld-Rotenburg,"Niederaula, Marktgemeinde",36272,5201,64.16,50.800576,9.605239
066320016016,Hessen,Hersfeld-Rotenburg,"Philippsthal (Werra), Marktgemeinde",36269,3914,21.31,50.842335,10.004879
066320017017,Hessen,Hersfeld-Rotenburg,Ronshausen,36217,2257,37.63,50.947739,9.859555
066320018018,Hessen,Hersfeld-Rotenburg,"Rotenburg a. d. Fulda, Stadt",36199,12944,79.97,50.996422,9.724701
066320019019,Hessen,Hersfeld-Rotenburg,Schenklengsfeld,36277,4202,63.75,50.819098,9.845903
066320020020,Hessen,Hersfeld-Rotenburg,Wildeck,36208,4650,39.93,50.950096,10.032108
066330001001,Hessen,Kassel,Ahnatal,34292,7494,18.03,51.366434,9.393523
066330002002,Hessen,Kassel,"Bad Karlshafen, Stadt",34385,3328,14.85,51.643844,9.453624
066330003003,Hessen,Kassel,"Baunatal, Stadt",34225,27768,38.27,51.254184,9.415659
066330004004,Hessen,Kassel,Breuna,34479,3323,40.5,51.41625,9.185123
066330005005,Hessen,Kassel,Calden,34379,6963,54.85,51.409628,9.400742
066330006006,Hessen,Kassel,"Bad Emstal, Kurort",34308,5517,38.68,51.243864,9.260599
066330007007,Hessen,Kassel,Espenau,34314,5053,13.6,51.399939,9.472579
066330008008,Hessen,Kassel,Fuldabrück,34277,8371,17.86,51.228045,9.495422
066330009009,Hessen,Kassel,Fuldatal,34233,12714,33.67,51.350127,9.526295
066330010010,Hessen,Kassel,"Grebenstein, Stadt",34393,5315,49.84,51.446845,9.414625
066330011011,Hessen,Kassel,Habichtswald,34317,5116,28.21,51.32613,9.310504
066330012012,Hessen,Kassel,Helsa,34298,5341,25.76,51.257311,9.686204
066330013013,Hessen,Kassel,"Hofgeismar, Stadt",34369,14324,86.37,51.494179,9.383496
066330014014,Hessen,Kassel,"Immenhausen, Stadt",34376,7053,28.54,51.427223,9.480087
066330015015,Hessen,Kassel,"Kaufungen, Kunigundengemeinde",34260,12762,26.15,51.282759,9.633789
066330016016,Hessen,Kassel,"Liebenau, Stadt",34396,2891,48.88,51.494423,9.283728
066330017017,Hessen,Kassel,Lohfelden,34253,13887,16.58,51.277383,9.543946
066330018018,Hessen,Kassel,"Naumburg, Stadt",34311,4890,66.32,51.247294,9.164889
066330019019,Hessen,Kassel,Nieste,34329,1979,4.06,51.313325,9.671331
066330020020,Hessen,Kassel,Niestetal,34266,11111,22.16,51.320368,9.546625
066330022022,Hessen,Kassel,Reinhardshagen,34359,4265,12.99,51.493695,9.602696
066330023023,Hessen,Kassel,Schauenburg,34270,10309,30.87,51.282921,9.342869
066330024024,Hessen,Kassel,Söhrewald,34320,4451,58.96,51.237537,9.571642
066330025025,Hessen,Kassel,"Trendelburg, Stadt",34388,4705,69.37,51.575491,9.430291
066330026026,Hessen,Kassel,"Vellmar, Stadt",34246,17751,13.97,51.355424,9.478272
066330028028,Hessen,Kassel,"Wolfhagen, Hans-Staden-Stadt",34466,12576,112.29,51.326016,9.169659
066330029029,Hessen,Kassel,"Zierenberg, Stadt",34289,6155,86.55,51.367615,9.300261
066330030030,Hessen,Kassel,Wesertal,34399,4651,52.65,51.598795,9.549904
066339200200,Hessen,Kassel,"Gutsbezirk Reinhardswald, gemfr. Gebiet",,0,182.5,51.441518,9.592741
066340001001,Hessen,Schwalm-Eder-Kreis,"Borken (Hessen), Stadt",34582,12232,82.46,51.046041,9.287087
066340002002,Hessen,Schwalm-Eder-Kreis,Edermünde,34295,7384,25.85,51.220906,9.385619
066340003003,Hessen,Schwalm-Eder-Kreis,"Felsberg, Stadt",34587,10472,83.32,51.134766,9.422077
066340004004,Hessen,Schwalm-Eder-Kreis,"Frielendorf, Marktflecken",34621,7081,85.84,50.975691,9.327652
066340005005,Hessen,Schwalm-Eder-Kreis,"Fritzlar, Dom- und Kaiserstadt",34560,14503,88.81,51.13094,9.275373
066340006006,Hessen,Schwalm-Eder-Kreis,Gilserberg,34630,2834,61.55,50.952165,9.06101
066340007007,Hessen,Schwalm-Eder-Kreis,"Gudensberg, Stadt",34281,9873,46.49,51.178409,9.366029
066340008008,Hessen,Schwalm-Eder-Kreis,Guxhagen,34302,5279,26.19,51.203012,9.48077
066340009009,Hessen,Schwalm-Eder-Kreis,"Homberg (Efze), Reformationsstadt, Kreisstadt",34576,14562,100.11,51.032974,9.407119
066340010010,Hessen,Schwalm-Eder-Kreis,Jesberg,34632,2105,49.79,50.996531,9.145795
066340011011,Hessen,Schwalm-Eder-Kreis,Knüllwald,34593,4419,100.67,51.001466,9.468812
066340012012,Hessen,Schwalm-Eder-Kreis,Körle,34327,3093,17.51,51.174712,9.514418
066340013013,Hessen,Schwalm-Eder-Kreis,Malsfeld,34323,3705,34.52,51.0941,9.538109
066340014014,Hessen,Schwalm-Eder-Kreis,"Melsungen, Stadt",34212,13992,63.09,51.131059,9.543745
066340015015,Hessen,Schwalm-Eder-Kreis,Morschen,34326,3080,47.92,51.067644,9.617532
066340016016,Hessen,Schwalm-Eder-Kreis,Neuental,34599,3019,38.67,51.007126,9.227558
066340017017,Hessen,Schwalm-Eder-Kreis,"Neukirchen, Stadt, Kurort",34626,6721,66.25,50.871054,9.342803
066340018018,Hessen,Schwalm-Eder-Kreis,"Niedenstein, Stadt",34305,5587,30.61,51.235739,9.312719
066340019019,Hessen,Schwalm-Eder-Kreis,Oberaula,36280,3235,44.01,50.858277,9.471075
066340020020,Hessen,Schwalm-Eder-Kreis,Ottrau,34633,2201,48.5,50.804341,9.386353
066340021021,Hessen,Schwalm-Eder-Kreis,Schrecksbach,34637,2921,36.61,50.834852,9.285498
066340022022,Hessen,Schwalm-Eder-Kreis,"Schwalmstadt, Konfirmationsstadt",34613,18482,84.79,50.912032,9.188384
066340023023,Hessen,Schwalm-Eder-Kreis,"Schwarzenborn, Stadt",34639,1088,26.9,50.909926,9.44575
066340024024,Hessen,Schwalm-Eder-Kreis,"Spangenberg, Liebenbachstadt",34286,5844,97.71,51.116895,9.65858
066340025025,Hessen,Schwalm-Eder-Kreis,Wabern,34590,7317,51.41,51.101172,9.349942
066340026026,Hessen,Schwalm-Eder-Kreis,Willingshausen,34628,4503,59.97,50.850048,9.195907
066340027027,Hessen,Schwalm-Eder-Kreis,"Bad Zwesten, Kurort",34596,3879,39.45,51.052069,9.175326
066350001001,Hessen,Waldeck-Frankenberg,Allendorf (Eder),35108,7473,77.01,51.026336,8.670062
066350002002,Hessen,Waldeck-Frankenberg,"Bad Arolsen, Stadt, Heilbad",34454,15998,126.47,51.38002,9.017086
066350003003,Hessen,Waldeck-Frankenberg,"Bad Wildungen, Stadt",34537,17404,120.1,51.119966,9.124808
066350004004,Hessen,Waldeck-Frankenberg,"Battenberg (Eder), Stadt",35088,5463,64.71,51.013769,8.647673
066350006006,Hessen,Waldeck-Frankenberg,Burgwald,35099,4917,41.3,51.027298,8.81134
066350007007,Hessen,Waldeck-Frankenberg,Diemelsee,34519,4440,121.59,51.360161,8.803742
066350008008,Hessen,Waldeck-Frankenberg,"Diemelstadt, Stadt",34474,5211,82.55,51.473285,9.011005
066350009009,Hessen,Waldeck-Frankenberg,"Edertal, Nationalparkgemeinde",34549,6113,115.65,51.155066,9.121405
066350010010,Hessen,Waldeck-Frankenberg,"Frankenau, Nationalparkstadt",35110,2718,57.29,51.090496,8.934861
066350011011,Hessen,Waldeck-Frankenberg,"Frankenberg (Eder), Philipp-Soldan-Stadt",35066,17699,124.86,51.058731,8.799233
066350012012,Hessen,Waldeck-Frankenberg,"Gemünden (Wohra), Stadt",35285,3543,58.65,50.971221,8.969926
066350013013,Hessen,Waldeck-Frankenberg,Haina (Kloster),35114,3256,91.22,51.026902,8.972107
066350014014,Hessen,Waldeck-Frankenberg,"Hatzfeld (Eder), Stadt",35116,2838,58.51,50.993022,8.547851
066350015015,Hessen,Waldeck-Frankenberg,"Korbach, Hansestadt, Kreisstadt",34497,22789,124.11,51.27186,8.873194
066350016016,Hessen,Waldeck-Frankenberg,"Lichtenfels, Stadt",35104,4011,96.77,51.200616,8.807868
066350017017,Hessen,Waldeck-Frankenberg,"Rosenthal, Stadt",35119,2017,51.55,50.97462,8.867967
066350018018,Hessen,Waldeck-Frankenberg,Twistetal,34477,4167,74.08,51.337426,8.966408
066350019019,Hessen,Waldeck-Frankenberg,"Vöhl, Nationalparkgemeinde",34516,5445,98.85,51.205272,8.944251
066350020020,Hessen,Waldeck-Frankenberg,"Volkmarsen, Stadt",34471,6442,67.47,51.412606,9.114575
066350021021,Hessen,Waldeck-Frankenberg,"Waldeck, Nationalparkstadt",34513,6882,115.7,51.20664,9.061733
066350022022,Hessen,Waldeck-Frankenberg,Willingen (Upland),34508,5611,80.26,51.29345,8.614084
066360001001,Hessen,Werra-Meißner-Kreis,"Bad Sooden-Allendorf, Stadt, Heilbad",37242,8242,73.75,51.272411,9.980802
066360002002,Hessen,Werra-Meißner-Kreis,Berkatal,37297,1458,19.57,51.236421,9.921125
066360003003,Hessen,Werra-Meißner-Kreis,"Eschwege, Kreisstadt",37269,18687,63.26,51.185804,10.057981
066360004004,Hessen,Werra-Meißner-Kreis,"Großalmerode, Stadt",37247,6049,37.59,51.257737,9.784493
066360005005,Hessen,Werra-Meißner-Kreis,Herleshausen,37293,2582,59.5,51.006221,10.161532
066360006006,Hessen,Werra-Meißner-Kreis,"Hessisch Lichtenau, Stadt",37235,12238,105.72,51.198577,9.720907
066360007007,Hessen,Werra-Meißner-Kreis,Meinhard,37276,4230,39.62,51.206039,10.064563
066360008008,Hessen,Werra-Meißner-Kreis,Meißner,37290,2858,44.81,51.211361,9.937311
066360009009,Hessen,Werra-Meißner-Kreis,Neu-Eichenberg,37249,1775,27.66,51.389849,9.913586
066360010010,Hessen,Werra-Meißner-Kreis,Ringgau,37296,2832,66.81,51.093843,10.092751
066360011011,Hessen,Werra-Meißner-Kreis,"Sontra, Stadt",36205,7462,111.28,51.068954,9.93321
066360012012,Hessen,Werra-Meißner-Kreis,"Waldkappel, Stadt",37284,4024,96.53,51.143533,9.874129
066360013013,Hessen,Werra-Meißner-Kreis,"Wanfried, Stadt",37281,4039,46.88,51.183286,10.170055
066360014014,Hessen,Werra-Meißner-Kreis,Wehretal,37287,4904,39.2,51.151179,9.996927
066360015015,Hessen,Werra-Meißner-Kreis,Weißenborn,37299,943,15.56,51.123424,10.113236
066360016016,Hessen,Werra-Meißner-Kreis,"Witzenhausen, Stadt",37213,15110,126.78,51.341392,9.858869
066369200200,Hessen,Werra-Meißner-Kreis,"Gutsbezirk Kaufunger Wald, gemfr. Gebiet",,0,50.32,51.27982,9.737941
070009999999,Rheinland-Pfalz,Werra-Meißner-Kreis,Gemeinsames deutsch-luxemburgisches Hoheitsgebiet,,0,6.2,0.0,0.0
071110000000,Rheinland-Pfalz,"Koblenz, kreisfreie Stadt","Koblenz, Stadt",56068,113020,105.25,50.359516,7.597956
071310007007,Rheinland-Pfalz,Ahrweiler,"Bad Neuenahr-Ahrweiler, Stadt",53474,28264,63.25,50.545218,7.120457
071310070070,Rheinland-Pfalz,Ahrweiler,"Remagen, Stadt",53424,17563,33.21,50.577781,7.234403
071310077077,Rheinland-Pfalz,Ahrweiler,"Sinzig, Stadt",53489,17374,41.1,50.54387,7.249122
071310090090,Rheinland-Pfalz,Ahrweiler,Grafschaft,53501,10788,57.61,50.571734,7.096534
071315001001,Rheinland-Pfalz,Ahrweiler,"Adenau, Stadt",53518,2943,18.56,50.382256,6.930224
071315001004,Rheinland-Pfalz,Ahrweiler,Antweiler,53533,477,4.46,50.403755,6.830811
071315001005,Rheinland-Pfalz,Ahrweiler,Aremberg,53533,207,9.61,50.415251,6.806381
071315001008,Rheinland-Pfalz,Ahrweiler,Barweiler,53534,376,8.52,50.357219,6.867479
071315001009,Rheinland-Pfalz,Ahrweiler,Bauler,53534,50,2.33,50.323094,6.874294
071315001015,Rheinland-Pfalz,Ahrweiler,Dankerath,53520,76,3.26,50.340286,6.825686
071315001018,Rheinland-Pfalz,Ahrweiler,Dorsel,53533,170,7.2,50.380316,6.791024
071315001021,Rheinland-Pfalz,Ahrweiler,Eichenbach,53533,73,5.02,50.430814,6.809867
071315001022,Rheinland-Pfalz,Ahrweiler,Fuchshofen,53533,89,2.84,50.428116,6.851542
071315001026,Rheinland-Pfalz,Ahrweiler,Harscheid,53520,145,3.13,50.459476,6.893287
071315001028,Rheinland-Pfalz,Ahrweiler,Herschbroich,53518,277,7.27,50.365659,6.968847
071315001030,Rheinland-Pfalz,Ahrweiler,Hoffeld,53534,297,5.15,50.371144,6.820991
071315001032,Rheinland-Pfalz,Ahrweiler,Honerath,53518,161,2.01,50.377553,6.899857
071315001033,Rheinland-Pfalz,Ahrweiler,Hümmel,53520,475,15.84,50.461408,6.778824
071315001034,Rheinland-Pfalz,Ahrweiler,Insul,53520,483,5.0,50.439971,6.915705
071315001037,Rheinland-Pfalz,Ahrweiler,Kaltenborn,53520,345,21.83,50.405834,7.016961
071315001042,Rheinland-Pfalz,Ahrweiler,Kottenborn,53518,180,3.78,50.353486,6.900842
071315001044,Rheinland-Pfalz,Ahrweiler,Leimbach,53518,422,15.64,50.404122,6.927406
071315001050,Rheinland-Pfalz,Ahrweiler,Meuspath,53520,165,3.06,50.344085,6.974408
071315001051,Rheinland-Pfalz,Ahrweiler,Müllenbach,53520,513,8.02,50.319944,6.912793
071315001052,Rheinland-Pfalz,Ahrweiler,Müsch,53533,165,3.81,50.385906,6.828204
071315001058,Rheinland-Pfalz,Ahrweiler,Nürburg,53520,192,3.63,50.342813,6.952404
071315001062,Rheinland-Pfalz,Ahrweiler,Ohlenhard,53520,125,5.01,50.442924,6.768609
071315001065,Rheinland-Pfalz,Ahrweiler,Pomster,53534,155,5.81,50.352587,6.842102
071315001066,Rheinland-Pfalz,Ahrweiler,Quiddelbach,53518,256,4.43,50.350962,6.937767
071315001069,Rheinland-Pfalz,Ahrweiler,Reifferscheid,53520,478,14.24,50.405805,6.884131
071315001072,Rheinland-Pfalz,Ahrweiler,Rodder,53520,230,6.38,50.394672,6.859354
071315001074,Rheinland-Pfalz,Ahrweiler,Schuld,53520,609,5.93,50.446881,6.889529
071315001075,Rheinland-Pfalz,Ahrweiler,Senscheid,53520,81,4.27,50.330531,6.830782
071315001076,Rheinland-Pfalz,Ahrweiler,Sierscheid,53520,88,2.35,50.456181,6.918163
071315001079,Rheinland-Pfalz,Ahrweiler,Trierscheid,53520,78,4.11,50.351686,6.822133
071315001082,Rheinland-Pfalz,Ahrweiler,Wershofen,53520,891,14.36,50.444029,6.812933
071315001083,Rheinland-Pfalz,Ahrweiler,Wiesemscheid,53534,264,5.6,50.336403,6.891624
071315001084,Rheinland-Pfalz,Ahrweiler,Wimbach,53518,417,6.84,50.361391,6.906728
071315001085,Rheinland-Pfalz,Ahrweiler,Winnerath,53520,186,3.33,50.429177,6.8751
071315001086,Rheinland-Pfalz,Ahrweiler,Wirft,53534,149,3.25,50.372359,6.855984
071315001501,Rheinland-Pfalz,Ahrweiler,Dümpelfeld,53520,567,11.86,50.443082,6.932339
071315002002,Rheinland-Pfalz,Ahrweiler,Ahrbrück,53506,1150,12.6,50.483845,6.98451
071315002003,Rheinland-Pfalz,Ahrweiler,Altenahr,53505,1635,14.83,50.517326,6.991859
071315002011,Rheinland-Pfalz,Ahrweiler,Berg,53505,1282,18.95,50.556432,6.948799
071315002017,Rheinland-Pfalz,Ahrweiler,Dernau,53507,1532,5.84,50.534152,7.043739
071315002027,Rheinland-Pfalz,Ahrweiler,Heckenbach,53506,247,27.34,50.46435,7.063502
071315002029,Rheinland-Pfalz,Ahrweiler,Hönningen,53506,1044,10.02,50.471946,6.953376
071315002036,Rheinland-Pfalz,Ahrweiler,Kalenborn,53505,713,4.32,50.548295,6.993044
071315002039,Rheinland-Pfalz,Ahrweiler,Kesseling,53506,550,31.13,50.482055,7.02495
071315002040,Rheinland-Pfalz,Ahrweiler,Kirchsahr,53505,371,6.1,50.522426,6.899297
071315002047,Rheinland-Pfalz,Ahrweiler,Lind,53506,575,12.37,50.495592,6.938481
071315002049,Rheinland-Pfalz,Ahrweiler,Mayschoß,53508,768,5.63,50.523486,7.01933
071315002068,Rheinland-Pfalz,Ahrweiler,Rech,53506,529,4.72,50.512518,7.038551
071315003006,Rheinland-Pfalz,Ahrweiler,"Bad Breisig, Stadt",53498,9661,19.93,50.508995,7.299476
071315003014,Rheinland-Pfalz,Ahrweiler,Brohl-Lützing,56656,2526,9.22,50.484747,7.324554
071315003025,Rheinland-Pfalz,Ahrweiler,Gönnersdorf,53498,639,5.04,50.481464,7.267225
071315003081,Rheinland-Pfalz,Ahrweiler,Waldorf,53498,884,7.62,50.486272,7.232105
071315004016,Rheinland-Pfalz,Ahrweiler,Dedenbach,53426,482,7.65,50.484495,7.174074
071315004041,Rheinland-Pfalz,Ahrweiler,Königsfeld,53426,765,7.2,50.498734,7.177298
071315004054,Rheinland-Pfalz,Ahrweiler,Niederdürenbach,56651,941,6.82,50.456954,7.18318
071315004055,Rheinland-Pfalz,Ahrweiler,Niederzissen,56651,2754,11.95,50.456945,7.221554
071315004059,Rheinland-Pfalz,Ahrweiler,Oberdürenbach,56651,661,6.94,50.468699,7.159219
071315004060,Rheinland-Pfalz,Ahrweiler,Oberzissen,56651,1083,2.73,50.453292,7.199295
071315004073,Rheinland-Pfalz,Ahrweiler,Schalkenbach,53426,794,10.26,50.495773,7.15143
071315004201,Rheinland-Pfalz,Ahrweiler,Brenk,56651,189,3.09,50.431445,7.172828
071315004202,Rheinland-Pfalz,Ahrweiler,Burgbrohl,56659,3264,10.63,50.456724,7.274953
071315004204,Rheinland-Pfalz,Ahrweiler,Galenberg,56651,231,2.28,50.440062,7.190565
071315004205,Rheinland-Pfalz,Ahrweiler,Glees,56653,588,11.45,50.433358,7.243155
071315004206,Rheinland-Pfalz,Ahrweiler,Hohenleimbach,56746,371,10.17,50.412022,7.063639
071315004208,Rheinland-Pfalz,Ahrweiler,Spessart,56746,851,8.72,50.439679,7.113305
071315004209,Rheinland-Pfalz,Ahrweiler,Wassenach,56653,1305,6.17,50.435005,7.279915
071315004210,Rheinland-Pfalz,Ahrweiler,Wehr,56653,1159,9.94,50.42222,7.210953
071315004211,Rheinland-Pfalz,Ahrweiler,Weibern,56745,1501,10.56,50.406116,7.143941
071315004502,Rheinland-Pfalz,Ahrweiler,Kempenich,56746,1874,11.92,50.418515,7.119851
071325003018,Rheinland-Pfalz,Altenkirchen (Westerwald),"Daaden, Stadt",57567,4257,19.58,50.739178,7.967583
071325003019,Rheinland-Pfalz,Altenkirchen (Westerwald),Derschen,57520,1020,7.1,50.712195,7.984461
071325003026,Rheinland-Pfalz,Altenkirchen (Westerwald),Emmerzhausen,57520,636,7.07,50.720813,8.025081
071325003036,Rheinland-Pfalz,Altenkirchen (Westerwald),Friedewald,57520,1073,7.1,50.709712,7.960618
071325003050,Rheinland-Pfalz,Altenkirchen (Westerwald),"Herdorf, Stadt",57562,6522,17.99,50.778162,7.949645
071325003068,Rheinland-Pfalz,Altenkirchen (Westerwald),Mauden,57520,125,1.74,50.715566,8.000856
071325003075,Rheinland-Pfalz,Altenkirchen (Westerwald),Niederdreisbach,57520,868,4.17,50.74837,7.924683
071325003079,Rheinland-Pfalz,Altenkirchen (Westerwald),Nisterberg,56472,374,4.54,50.680133,7.978139
071325003101,Rheinland-Pfalz,Altenkirchen (Westerwald),Schutzbach,57520,358,1.26,50.75557,7.900826
071325003113,Rheinland-Pfalz,Altenkirchen (Westerwald),Weitefeld,57586,2313,8.49,50.724689,7.927146
071325006007,Rheinland-Pfalz,Altenkirchen (Westerwald),Birkenbeul,57589,418,4.76,50.739507,7.623469
071325006010,Rheinland-Pfalz,Altenkirchen (Westerwald),Bitzen,57539,763,2.3,50.794206,7.691484
071325006013,Rheinland-Pfalz,Altenkirchen (Westerwald),Breitscheidt,57539,1018,3.66,50.75426,7.661594
071325006014,Rheinland-Pfalz,Altenkirchen (Westerwald),Bruchertseifen,57539,827,2.89,50.747563,7.713945
071325006028,Rheinland-Pfalz,Altenkirchen (Westerwald),Etzbach,57539,1326,3.04,50.77852,7.686988
071325006034,Rheinland-Pfalz,Altenkirchen (Westerwald),Forst,57537,599,4.24,50.803933,7.682865
071325006038,Rheinland-Pfalz,Altenkirchen (Westerwald),Fürthen,57539,1241,2.19,50.77935,7.668743
071325006044,Rheinland-Pfalz,Altenkirchen (Westerwald),"Hamm (Sieg), Raiffeisengemeinde",57577,3899,3.66,50.765515,7.672593
071325006077,Rheinland-Pfalz,Altenkirchen (Westerwald),Niederirsen,57589,93,2.84,50.746697,7.595847
071325006091,Rheinland-Pfalz,Altenkirchen (Westerwald),Pracht,57589,1490,5.5,50.760941,7.655338
071325006096,Rheinland-Pfalz,Altenkirchen (Westerwald),Roth,57539,1540,3.78,50.76258,7.700363
071325006102,Rheinland-Pfalz,Altenkirchen (Westerwald),Seelbach bei Hamm (Sieg),57577,134,3.41,50.754914,7.686153
071325007012,Rheinland-Pfalz,Altenkirchen (Westerwald),Brachbach,57555,2323,6.36,50.817543,7.937399
071325007037,Rheinland-Pfalz,Altenkirchen (Westerwald),Friesenhagen,51598,1590,51.36,50.903172,7.810741
071325007045,Rheinland-Pfalz,Altenkirchen (Westerwald),Harbach,57572,510,5.64,50.862106,7.843559
071325007063,Rheinland-Pfalz,Altenkirchen (Westerwald),"Kirchen (Sieg), Stadt",57548,8199,39.76,50.808187,7.882897
071325007072,Rheinland-Pfalz,Altenkirchen (Westerwald),Mudersbach,57555,5913,9.48,50.824709,7.943913
071325007076,Rheinland-Pfalz,Altenkirchen (Westerwald),Niederfischbach,57572,4159,14.47,50.855673,7.873215
071325008008,Rheinland-Pfalz,Altenkirchen (Westerwald),Birken-Honigsessen,57587,2519,18.14,50.818171,7.739895
071325008011,Rheinland-Pfalz,Altenkirchen (Westerwald),Mittelhof,57537,1040,11.13,50.775051,7.804162
071325008054,Rheinland-Pfalz,Altenkirchen (Westerwald),Hövels,57537,522,7.88,50.788259,7.780245
071325008080,Rheinland-Pfalz,Altenkirchen (Westerwald),Katzwinkel (Sieg),57581,1769,15.8,50.812178,7.82303
071325008105,Rheinland-Pfalz,Altenkirchen (Westerwald),Selbach (Sieg),57537,777,3.66,50.745269,7.768108
071325008117,Rheinland-Pfalz,Altenkirchen (Westerwald),"Wissen, Stadt",57537,8669,34.88,50.78031,7.736064
071325009002,Rheinland-Pfalz,Altenkirchen (Westerwald),Alsdorf,57518,1483,5.92,50.77617,7.882849
071325009006,Rheinland-Pfalz,Altenkirchen (Westerwald),"Betzdorf, Stadt",57518,10367,9.56,50.785546,7.873843
071325009020,Rheinland-Pfalz,Altenkirchen (Westerwald),Dickendorf,57520,363,1.45,50.740007,7.851294
071325009024,Rheinland-Pfalz,Altenkirchen (Westerwald),Elben,57580,340,2.38,50.749879,7.834109
071325009025,Rheinland-Pfalz,Altenkirchen (Westerwald),Elkenroth,57578,1816,8.15,50.728441,7.883392
071325009030,Rheinland-Pfalz,Altenkirchen (Westerwald),Fensdorf,57580,412,2.17,50.74169,7.775951
071325009039,Rheinland-Pfalz,Altenkirchen (Westerwald),Gebhardshain,57580,1840,5.95,50.746687,7.821894
071325009042,Rheinland-Pfalz,Altenkirchen (Westerwald),Grünebach,57520,531,2.52,50.778622,7.906184
071325009059,Rheinland-Pfalz,Altenkirchen (Westerwald),Kausen,57520,789,3.62,50.740757,7.865199
071325009066,Rheinland-Pfalz,Altenkirchen (Westerwald),Malberg,57629,1063,4.31,50.71485,7.814044
071325009071,Rheinland-Pfalz,Altenkirchen (Westerwald),Molzhain,57520,523,2.9,50.749431,7.85354
071325009073,Rheinland-Pfalz,Altenkirchen (Westerwald),Nauroth,57583,1229,6.87,50.700359,7.876722
071325009095,Rheinland-Pfalz,Altenkirchen (Westerwald),Rosenheim (Landkreis Altenkirchen),57520,751,4.1,50.712504,7.849012
071325009098,Rheinland-Pfalz,Altenkirchen (Westerwald),Scheuerfeld,57584,2111,2.66,50.787358,7.841131
071325009107,Rheinland-Pfalz,Altenkirchen (Westerwald),Steinebach/ Sieg,57520,1319,4.54,50.731885,7.826574
071325009108,Rheinland-Pfalz,Altenkirchen (Westerwald),Steineroth,57518,542,2.53,50.761517,7.852485
071325009111,Rheinland-Pfalz,Altenkirchen (Westerwald),Wallmenroth,57584,1191,3.86,50.796708,7.837401
071325010001,Rheinland-Pfalz,Altenkirchen (Westerwald),Almersbach,57610,396,0.61,50.674542,7.628807
071325010004,Rheinland-Pfalz,Altenkirchen (Westerwald),Bachenberg,57610,88,1.67,50.714447,7.646728
071325010005,Rheinland-Pfalz,Altenkirchen (Westerwald),Berzhausen,57632,193,2.37,50.65506,7.569231
071325010009,Rheinland-Pfalz,Altenkirchen (Westerwald),Birnbach,57612,657,3.11,50.703364,7.585002
071325010015,Rheinland-Pfalz,Altenkirchen (Westerwald),Bürdenbach,56593,617,2.84,50.603625,7.515434
071325010016,Rheinland-Pfalz,Altenkirchen (Westerwald),Burglahr,57632,477,2.89,50.617639,7.496733
071325010017,Rheinland-Pfalz,Altenkirchen (Westerwald),Busenhausen,57612,346,3.02,50.714829,7.634124
071325010022,Rheinland-Pfalz,Altenkirchen (Westerwald),Eichelhardt,57612,513,2.84,50.717909,7.700015
071325010023,Rheinland-Pfalz,Altenkirchen (Westerwald),Eichen,57632,533,4.27,50.635294,7.53179
071325010027,Rheinland-Pfalz,Altenkirchen (Westerwald),Ersfeld,57635,72,1.4,50.696248,7.515324
071325010029,Rheinland-Pfalz,Altenkirchen (Westerwald),Eulenberg,57632,51,1.17,50.605467,7.4751
071325010031,Rheinland-Pfalz,Altenkirchen (Westerwald),Fiersbach,57635,275,3.03,50.695877,7.496789
071325010032,Rheinland-Pfalz,Altenkirchen (Westerwald),Flammersfeld,57632,1415,4.06,50.646556,7.524291
071325010033,Rheinland-Pfalz,Altenkirchen (Westerwald),Fluterschen,57614,632,3.46,50.665235,7.62623
071325010035,Rheinland-Pfalz,Altenkirchen (Westerwald),Forstmehren,57635,168,1.61,50.702517,7.530067
071325010040,Rheinland-Pfalz,Altenkirchen (Westerwald),Gieleroth,57610,664,5.92,50.667034,7.680652
071325010041,Rheinland-Pfalz,Altenkirchen (Westerwald),Giershausen,57632,102,2.11,50.680992,7.545229
071325010043,Rheinland-Pfalz,Altenkirchen (Westerwald),Güllesheim,56593,758,2.2,50.598367,7.529069
071325010046,Rheinland-Pfalz,Altenkirchen (Westerwald),Hasselbach,57635,300,5.76,50.712481,7.528677
071325010047,Rheinland-Pfalz,Altenkirchen (Westerwald),Helmenzen,57612,951,4.15,50.694927,7.623126
071325010048,Rheinland-Pfalz,Altenkirchen (Westerwald),Helmeroth,57612,219,3.57,50.741338,7.737901
071325010049,Rheinland-Pfalz,Altenkirchen (Westerwald),Hemmelzen,57612,280,2.83,50.692642,7.580795
071325010051,Rheinland-Pfalz,Altenkirchen (Westerwald),Heupelzen,57612,248,2.58,50.723875,7.620546
071325010052,Rheinland-Pfalz,Altenkirchen (Westerwald),Hilgenroth,57612,305,2.97,50.736535,7.650016
071325010053,Rheinland-Pfalz,Altenkirchen (Westerwald),Hirz-Maulsbach,57635,304,6.15,50.683376,7.476652
071325010055,Rheinland-Pfalz,Altenkirchen (Westerwald),Horhausen (Westerwald),56593,2148,4.72,50.587962,7.531002
071325010056,Rheinland-Pfalz,Altenkirchen (Westerwald),Idelberg,57612,60,1.13,50.720856,7.726674
071325010057,Rheinland-Pfalz,Altenkirchen (Westerwald),Ingelbach,57610,512,5.08,50.681079,7.709536
071325010058,Rheinland-Pfalz,Altenkirchen (Westerwald),Isert,57612,114,1.84,50.726403,7.703492
071325010060,Rheinland-Pfalz,Altenkirchen (Westerwald),Kescheid,57632,129,4.83,50.661107,7.484659
071325010061,Rheinland-Pfalz,Altenkirchen (Westerwald),Kettenhausen,57612,341,1.68,50.707891,7.628467
071325010062,Rheinland-Pfalz,Altenkirchen (Westerwald),Kircheib,57635,553,6.55,50.709359,7.458566
071325010064,Rheinland-Pfalz,Altenkirchen (Westerwald),Kraam,57635,162,2.73,50.692814,7.529536
071325010065,Rheinland-Pfalz,Altenkirchen (Westerwald),Krunkel,56593,587,2.81,50.579521,7.502305
071325010067,Rheinland-Pfalz,Altenkirchen (Westerwald),Mammelzen,57636,1016,4.11,50.701896,7.66804
071325010069,Rheinland-Pfalz,Altenkirchen (Westerwald),Mehren,57635,482,3.66,50.685646,7.509986
071325010070,Rheinland-Pfalz,Altenkirchen (Westerwald),Michelbach (Westerwald),57610,552,4.43,50.6833,7.666829
071325010078,Rheinland-Pfalz,Altenkirchen (Westerwald),Niedersteinebach,56593,204,0.79,50.599954,7.507193
071325010081,Rheinland-Pfalz,Altenkirchen (Westerwald),Obererbach (Westerwald),57612,554,3.63,50.724745,7.65685
071325010082,Rheinland-Pfalz,Altenkirchen (Westerwald),Oberirsen,57635,616,9.44,50.722857,7.582777
071325010083,Rheinland-Pfalz,Altenkirchen (Westerwald),Oberlahr,57641,800,2.83,50.621584,7.516934
071325010085,Rheinland-Pfalz,Altenkirchen (Westerwald),Obersteinebach,56593,233,3.33,50.58987,7.499519
071325010086,Rheinland-Pfalz,Altenkirchen (Westerwald),Oberwambach,57614,419,3.99,50.658458,7.658434
071325010087,Rheinland-Pfalz,Altenkirchen (Westerwald),Ölsen,57612,87,2.26,50.738792,7.603094
071325010088,Rheinland-Pfalz,Altenkirchen (Westerwald),Orfgen,57632,227,3.74,50.666174,7.532208
071325010089,Rheinland-Pfalz,Altenkirchen (Westerwald),Peterslahr,57632,326,2.32,50.612771,7.480643
071325010090,Rheinland-Pfalz,Altenkirchen (Westerwald),Pleckhausen,56593,855,1.99,50.595239,7.542036
071325010092,Rheinland-Pfalz,Altenkirchen (Westerwald),Racksen,57612,139,1.98,50.736484,7.693281
071325010093,Rheinland-Pfalz,Altenkirchen (Westerwald),Reiferscheid,57632,433,2.13,50.654403,7.547291
071325010094,Rheinland-Pfalz,Altenkirchen (Westerwald),Rettersen,57635,358,3.21,50.706606,7.504253
071325010097,Rheinland-Pfalz,Altenkirchen (Westerwald),Rott,57632,408,9.8,50.637343,7.513436
071325010099,Rheinland-Pfalz,Altenkirchen (Westerwald),Schöneberg,57638,432,3.11,50.664859,7.602522
071325010100,Rheinland-Pfalz,Altenkirchen (Westerwald),Schürdt,57632,278,2.01,50.665478,7.554236
071325010103,Rheinland-Pfalz,Altenkirchen (Westerwald),Seelbach (Westerwald),57632,282,2.99,50.641721,7.566659
071325010104,Rheinland-Pfalz,Altenkirchen (Westerwald),Seifen,57632,125,2.94,50.628694,7.559972
071325010106,Rheinland-Pfalz,Altenkirchen (Westerwald),Sörth,57636,262,1.99,50.698413,7.685127
071325010109,Rheinland-Pfalz,Altenkirchen (Westerwald),Stürzelbach,57614,218,1.77,50.650719,7.615784
071325010110,Rheinland-Pfalz,Altenkirchen (Westerwald),Volkerzen,57612,68,1.99,50.722403,7.682596
071325010112,Rheinland-Pfalz,Altenkirchen (Westerwald),Walterschen,57632,157,2.12,50.685681,7.561811
071325010114,Rheinland-Pfalz,Altenkirchen (Westerwald),Werkhausen,57635,231,5.77,50.721766,7.534161
071325010115,Rheinland-Pfalz,Altenkirchen (Westerwald),Weyerbusch,57635,1504,4.22,50.712833,7.550699
071325010116,Rheinland-Pfalz,Altenkirchen (Westerwald),Willroth,56594,980,1.96,50.568471,7.526286
071325010118,Rheinland-Pfalz,Altenkirchen (Westerwald),Wölmersen,57635,373,2.63,50.714605,7.599816
071325010119,Rheinland-Pfalz,Altenkirchen (Westerwald),Ziegenhain,57632,163,0.71,50.676551,7.525356
071325010201,Rheinland-Pfalz,Altenkirchen (Westerwald),Berod bei Hachenburg,57614,637,5.06,50.648152,7.691746
071325010501,Rheinland-Pfalz,Altenkirchen (Westerwald),"Altenkirchen (Westerwald), Stadt",57610,6797,10.98,50.687851,7.645362
071325010502,Rheinland-Pfalz,Altenkirchen (Westerwald),Neitersen,57638,1115,7.14,50.667456,7.584234
071330006006,Rheinland-Pfalz,Bad Kreuznach,"Bad Kreuznach, Stadt",55545,54347,55.56,49.844515,7.861839
071335001003,Rheinland-Pfalz,Bad Kreuznach,Altenbamberg,55585,845,7.54,49.785381,7.83272
071335001012,Rheinland-Pfalz,Bad Kreuznach,Biebelsheim,55546,729,3.1,49.87331,7.938844
071335001030,Rheinland-Pfalz,Bad Kreuznach,Feilbingert,67824,1562,10.04,49.775224,7.807099
071335001031,Rheinland-Pfalz,Bad Kreuznach,Frei-Laubersheim,55546,1041,9.88,49.801498,7.899191
071335001032,Rheinland-Pfalz,Bad Kreuznach,Fürfeld,55546,1702,12.48,49.777143,7.893919
071335001037,Rheinland-Pfalz,Bad Kreuznach,Hackenheim,55546,2186,4.31,49.825452,7.900692
071335001039,Rheinland-Pfalz,Bad Kreuznach,Hallgarten,67826,849,2.54,49.760557,7.787736
071335001045,Rheinland-Pfalz,Bad Kreuznach,Hochstätten,55585,645,5.49,49.764613,7.83198
071335001069,Rheinland-Pfalz,Bad Kreuznach,Neu-Bamberg,55546,958,4.56,49.797087,7.921698
071335001078,Rheinland-Pfalz,Bad Kreuznach,Pfaffen-Schwabenheim,55546,1570,5.18,49.850969,7.950329
071335001080,Rheinland-Pfalz,Bad Kreuznach,Pleitersheim,55576,341,2.32,49.836416,7.953026
071335001104,Rheinland-Pfalz,Bad Kreuznach,Tiefenthal,55546,135,1.35,49.75997,7.906254
071335001106,Rheinland-Pfalz,Bad Kreuznach,Volxheim,55546,1152,4.91,49.818084,7.928991
071335006002,Rheinland-Pfalz,Bad Kreuznach,Allenfeld,55595,228,2.98,49.866829,7.668777
071335006004,Rheinland-Pfalz,Bad Kreuznach,Argenschwang,55595,325,4.25,49.881134,7.699568
071335006013,Rheinland-Pfalz,Bad Kreuznach,Bockenau,55595,1175,9.66,49.837509,7.680669
071335006014,Rheinland-Pfalz,Bad Kreuznach,Boos,55595,357,1.11,49.79297,7.716478
071335006015,Rheinland-Pfalz,Bad Kreuznach,Braunweiler,55595,621,4.76,49.866836,7.747306
071335006019,Rheinland-Pfalz,Bad Kreuznach,Burgsponheim,55595,218,1.1,49.833589,7.717036
071335006021,Rheinland-Pfalz,Bad Kreuznach,Dalberg,55595,224,2.3,49.896204,7.732432
071335006027,Rheinland-Pfalz,Bad Kreuznach,Duchroth,55585,550,9.68,49.782921,7.738868
071335006033,Rheinland-Pfalz,Bad Kreuznach,Gebroth,55595,131,2.38,49.878659,7.658565
071335006036,Rheinland-Pfalz,Bad Kreuznach,Gutenberg,55595,1029,4.18,49.880588,7.7993
071335006040,Rheinland-Pfalz,Bad Kreuznach,Hargesheim,55595,2944,2.58,49.862832,7.827383
071335006044,Rheinland-Pfalz,Bad Kreuznach,Hergenfeld,55452,494,5.89,49.904556,7.762822
071335006048,Rheinland-Pfalz,Bad Kreuznach,Hüffelsheim,55595,1281,6.55,49.822271,7.799758
071335006061,Rheinland-Pfalz,Bad Kreuznach,Mandel,55595,911,6.33,49.856824,7.768942
071335006068,Rheinland-Pfalz,Bad Kreuznach,Münchwald,55595,283,1.46,49.89729,7.67514
071335006070,Rheinland-Pfalz,Bad Kreuznach,Niederhausen,55585,597,5.33,49.80379,7.779915
071335006071,Rheinland-Pfalz,Bad Kreuznach,Norheim,55585,1581,3.15,49.80823,7.814738
071335006074,Rheinland-Pfalz,Bad Kreuznach,Oberhausen an der Nahe,55585,366,3.31,49.790896,7.757693
071335006075,Rheinland-Pfalz,Bad Kreuznach,Oberstreit,55596,274,1.01,49.79649,7.696035
071335006086,Rheinland-Pfalz,Bad Kreuznach,Roxheim,55595,2797,5.93,49.863903,7.809073
071335006088,Rheinland-Pfalz,Bad Kreuznach,Sankt Katharinen,55595,385,1.7,49.866709,7.768735
071335006089,Rheinland-Pfalz,Bad Kreuznach,Schloßböckelheim,55596,373,4.76,49.805891,7.744573
071335006098,Rheinland-Pfalz,Bad Kreuznach,Sommerloch,55595,401,2.52,49.877229,7.761197
071335006099,Rheinland-Pfalz,Bad Kreuznach,Spabrücken,55595,1196,16.61,49.899687,7.712827
071335006100,Rheinland-Pfalz,Bad Kreuznach,Spall,55595,182,14.15,49.883501,7.681492
071335006101,Rheinland-Pfalz,Bad Kreuznach,Sponheim,55595,760,14.35,49.843799,7.725906
071335006105,Rheinland-Pfalz,Bad Kreuznach,Traisen,55595,626,2.88,49.821321,7.818329
071335006107,Rheinland-Pfalz,Bad Kreuznach,Waldböckelheim,55596,2199,18.58,49.816097,7.717114
071335006109,Rheinland-Pfalz,Bad Kreuznach,Wallhausen,55595,1645,10.3,49.889176,7.769102
071335006112,Rheinland-Pfalz,Bad Kreuznach,Weinsheim,55595,1734,9.29,49.837474,7.766963
071335006115,Rheinland-Pfalz,Bad Kreuznach,Winterbach,55595,491,14.74,49.876243,7.634957
071335006117,Rheinland-Pfalz,Bad Kreuznach,Rüdesheim,55593,2736,3.49,49.845274,7.812868
071335009008,Rheinland-Pfalz,Bad Kreuznach,Bärenbach,55758,487,5.6,49.748601,7.443275
071335009010,Rheinland-Pfalz,Bad Kreuznach,Becherbach bei Kirn,55608,405,8.41,49.740977,7.499688
071335009016,Rheinland-Pfalz,Bad Kreuznach,Brauweiler,55606,61,3.16,49.824015,7.499054
071335009038,Rheinland-Pfalz,Bad Kreuznach,Hahnenbach,55606,533,2.79,49.810445,7.418344
071335009041,Rheinland-Pfalz,Bad Kreuznach,Heimweiler,55606,414,9.07,49.755668,7.486976
071335009042,Rheinland-Pfalz,Bad Kreuznach,Heinzenberg,55606,28,1.95,49.824894,7.484983
071335009043,Rheinland-Pfalz,Bad Kreuznach,Hennweiler,55619,1207,14.1,49.819237,7.436117
071335009046,Rheinland-Pfalz,Bad Kreuznach,Hochstetten-Dhaun,55606,1668,12.58,49.799078,7.505357
071335009047,Rheinland-Pfalz,Bad Kreuznach,Horbach,55606,41,1.92,49.823442,7.51382
071335009052,Rheinland-Pfalz,Bad Kreuznach,"Kirn, Stadt",55606,8559,16.53,49.788787,7.456773
071335009059,Rheinland-Pfalz,Bad Kreuznach,Limbach,55606,298,9.18,49.741531,7.54271
071335009063,Rheinland-Pfalz,Bad Kreuznach,Meckenbach,55606,352,6.97,49.777331,7.507337
071335009073,Rheinland-Pfalz,Bad Kreuznach,Oberhausen bei Kirn,55606,887,4.58,49.809723,7.450709
071335009077,Rheinland-Pfalz,Bad Kreuznach,Otzweiler,55606,190,3.11,49.713704,7.50957
071335009096,Rheinland-Pfalz,Bad Kreuznach,Simmertal,55618,1856,8.08,49.814046,7.520805
071335009113,Rheinland-Pfalz,Bad Kreuznach,Weitersborn,55629,189,3.12,49.849888,7.525192
071335009201,Rheinland-Pfalz,Bad Kreuznach,Bruschied,55606,292,2.68,49.835446,7.407033
071335009202,Rheinland-Pfalz,Bad Kreuznach,Kellenbach,55606,246,8.31,49.844683,7.491678
071335009203,Rheinland-Pfalz,Bad Kreuznach,Königsau,55606,66,2.03,49.855452,7.48698
071335009204,Rheinland-Pfalz,Bad Kreuznach,Schneppenbach,55608,223,3.3,49.845613,7.408664
071335009205,Rheinland-Pfalz,Bad Kreuznach,Schwarzerden,55629,238,6.97,49.86032,7.512489
071335010001,Rheinland-Pfalz,Bad Kreuznach,Abtweiler,55568,192,5.76,49.744287,7.656343
071335010005,Rheinland-Pfalz,Bad Kreuznach,Auen,55569,190,2.71,49.831246,7.597484
071335010009,Rheinland-Pfalz,Bad Kreuznach,Bärweiler,55606,201,6.11,49.742991,7.60239
071335010011,Rheinland-Pfalz,Bad Kreuznach,Becherbach,67827,843,10.84,49.654089,7.680746
071335010017,Rheinland-Pfalz,Bad Kreuznach,Breitenheim,55592,387,5.69,49.697264,7.630341
071335010020,Rheinland-Pfalz,Bad Kreuznach,Callbach,67829,344,5.38,49.704325,7.699882
071335010022,Rheinland-Pfalz,Bad Kreuznach,Daubach,55566,219,2.91,49.846349,7.634404
071335010024,Rheinland-Pfalz,Bad Kreuznach,Desloch,55592,305,6.35,49.718832,7.627841
071335010049,Rheinland-Pfalz,Bad Kreuznach,Hundsbach,55621,352,7.48,49.725307,7.553439
071335010050,Rheinland-Pfalz,Bad Kreuznach,Ippenschied,55566,145,2.62,49.867177,7.631423
071335010051,Rheinland-Pfalz,Bad Kreuznach,Jeckenbach,55592,198,6.28,49.708944,7.608181
071335010053,Rheinland-Pfalz,Bad Kreuznach,Kirschroth,55566,277,7.64,49.76194,7.57209
071335010055,Rheinland-Pfalz,Bad Kreuznach,Langenthal,55569,86,2.71,49.831574,7.575165
071335010057,Rheinland-Pfalz,Bad Kreuznach,Lauschied,55568,523,4.78,49.740586,7.619608
071335010058,Rheinland-Pfalz,Bad Kreuznach,Lettweiler,67823,209,6.29,49.73456,7.724989
071335010060,Rheinland-Pfalz,Bad Kreuznach,Löllbach,67744,181,4.94,49.689475,7.592944
071335010062,Rheinland-Pfalz,Bad Kreuznach,Martinstein,55627,274,0.39,49.804839,7.540679
071335010064,Rheinland-Pfalz,Bad Kreuznach,Meddersheim,55566,1309,13.15,49.77687,7.615399
071335010065,Rheinland-Pfalz,Bad Kreuznach,"Meisenheim, Stadt",55590,2894,10.33,49.705645,7.670811
071335010066,Rheinland-Pfalz,Bad Kreuznach,Merxheim,55627,1415,17.05,49.794495,7.56188
071335010067,Rheinland-Pfalz,Bad Kreuznach,Monzingen,55569,1568,12.18,49.799018,7.592788
071335010072,Rheinland-Pfalz,Bad Kreuznach,Nußbaum,55569,459,5.86,49.800064,7.61402
071335010076,Rheinland-Pfalz,Bad Kreuznach,Odernheim am Glan,55571,1737,13.26,49.765576,7.705568
071335010081,Rheinland-Pfalz,Bad Kreuznach,Raumbach,55592,427,4.41,49.722934,7.655595
071335010082,Rheinland-Pfalz,Bad Kreuznach,Rehbach,55566,41,2.21,49.849993,7.643767
071335010083,Rheinland-Pfalz,Bad Kreuznach,Rehborn,55592,689,10.13,49.734663,7.685776
071335010084,Rheinland-Pfalz,Bad Kreuznach,Reiffelbach,67829,210,4.47,49.687192,7.686157
071335010090,Rheinland-Pfalz,Bad Kreuznach,Schmittweiler,67829,162,5.48,49.691497,7.705859
071335010092,Rheinland-Pfalz,Bad Kreuznach,Schweinschied,67744,127,6.35,49.701153,7.574769
071335010094,Rheinland-Pfalz,Bad Kreuznach,Seesbach,55629,498,6.06,49.845695,7.546044
071335010102,Rheinland-Pfalz,Bad Kreuznach,Staudernheim,55568,1469,11.47,49.775562,7.688148
071335010111,Rheinland-Pfalz,Bad Kreuznach,Weiler bei Monzingen,55627,448,5.87,49.809477,7.560496
071335010116,Rheinland-Pfalz,Bad Kreuznach,Winterburg,55595,184,2.56,49.863263,7.649432
071335010501,Rheinland-Pfalz,Bad Kreuznach,"Bad Sobernheim, Stadt",55566,6536,54.18,49.7838,7.654164
071335011018,Rheinland-Pfalz,Bad Kreuznach,Bretzenheim,55559,2746,5.81,49.87924,7.897906
071335011023,Rheinland-Pfalz,Bad Kreuznach,Daxweiler,55442,766,16.65,49.965906,7.752092
071335011025,Rheinland-Pfalz,Bad Kreuznach,Dörrebach,55444,720,13.14,49.945638,7.719363
071335011026,Rheinland-Pfalz,Bad Kreuznach,Dorsheim,55452,712,2.22,49.926155,7.873309
071335011028,Rheinland-Pfalz,Bad Kreuznach,Eckenroth,55444,226,1.08,49.924944,7.781058
071335011035,Rheinland-Pfalz,Bad Kreuznach,Guldental,55452,2500,12.99,49.891491,7.844848
071335011054,Rheinland-Pfalz,Bad Kreuznach,Langenlonsheim,55450,4449,11.91,49.896796,7.899113
071335011056,Rheinland-Pfalz,Bad Kreuznach,Laubenheim,55452,826,3.34,49.919173,7.895042
071335011085,Rheinland-Pfalz,Bad Kreuznach,Roth,55442,311,0.82,49.943588,7.800693
071335011087,Rheinland-Pfalz,Bad Kreuznach,Rümmelsheim,55452,1467,3.08,49.934218,7.859905
071335011091,Rheinland-Pfalz,Bad Kreuznach,Schöneberg,55444,600,7.13,49.920559,7.749605
071335011093,Rheinland-Pfalz,Bad Kreuznach,Schweppenhausen,55444,895,3.05,49.925801,7.80045
071335011095,Rheinland-Pfalz,Bad Kreuznach,Seibersbach,55444,1304,14.63,49.960213,7.71527
071335011103,Rheinland-Pfalz,Bad Kreuznach,"Stromberg, Stadt",55442,3500,9.01,49.94368,7.773929
071335011108,Rheinland-Pfalz,Bad Kreuznach,Waldlaubersheim,55444,902,8.05,49.928123,7.830567
071335011110,Rheinland-Pfalz,Bad Kreuznach,Warmsroth,55442,553,5.9,49.956029,7.790007
071335011114,Rheinland-Pfalz,Bad Kreuznach,Windesheim,55452,1830,10.17,49.906292,7.81568
071340045045,Rheinland-Pfalz,Birkenfeld,"Idar-Oberstein, Stadt",55743,30074,91.58,49.713356,7.312126
071345001005,Rheinland-Pfalz,Birkenfeld,"Baumholder, Stadt",55774,4294,69.19,49.615797,7.336809
071345001007,Rheinland-Pfalz,Birkenfeld,Berglangenbach,55776,464,5.72,49.5995,7.253626
071345001008,Rheinland-Pfalz,Birkenfeld,Berschweiler bei Baumholder,55777,537,6.66,49.577998,7.29281
071345001021,Rheinland-Pfalz,Birkenfeld,Eckersweiler,55777,186,3.69,49.559977,7.289554
071345001026,Rheinland-Pfalz,Birkenfeld,Fohren-Linden,55777,307,6.6,49.587254,7.291177
071345001027,Rheinland-Pfalz,Birkenfeld,Frauenberg,55776,358,3.85,49.672271,7.289966
071345001033,Rheinland-Pfalz,Birkenfeld,Hahnweiler,55776,176,2.28,49.571581,7.221059
071345001036,Rheinland-Pfalz,Birkenfeld,Heimbach,55779,1027,6.78,49.61458,7.250356
071345001051,Rheinland-Pfalz,Birkenfeld,Leitzweiler,55779,110,3.02,49.59123,7.221982
071345001054,Rheinland-Pfalz,Birkenfeld,Mettweiler,55777,245,5.5,49.578516,7.314097
071345001068,Rheinland-Pfalz,Birkenfeld,Reichenbach,55776,507,11.12,49.641057,7.285438
071345001073,Rheinland-Pfalz,Birkenfeld,Rohrbach,55776,173,2.45,49.583326,7.25672
071345001074,Rheinland-Pfalz,Birkenfeld,Rückweiler,55776,370,2.74,49.580298,7.238174
071345001075,Rheinland-Pfalz,Birkenfeld,Ruschberg,55776,771,7.45,49.619717,7.28833
071345002001,Rheinland-Pfalz,Birkenfeld,Abentheuer,55767,425,6.12,49.65142,7.100474
071345002002,Rheinland-Pfalz,Birkenfeld,Achtelsbach,55767,379,9.7,49.624529,7.090023
071345002010,Rheinland-Pfalz,Birkenfeld,"Birkenfeld, Stadt",55765,7042,13.64,49.650147,7.168182
071345002011,Rheinland-Pfalz,Birkenfeld,Börfink,54422,162,8.21,49.688572,7.081083
071345002015,Rheinland-Pfalz,Birkenfeld,Brücken,55767,1225,13.66,49.637723,7.111323
071345002016,Rheinland-Pfalz,Birkenfeld,Buhlenberg,55767,460,8.47,49.654269,7.121037
071345002018,Rheinland-Pfalz,Birkenfeld,Dambach,55765,144,2.99,49.627525,7.132593
071345002020,Rheinland-Pfalz,Birkenfeld,Dienstweiler,55765,338,6.71,49.63632,7.184673
071345002022,Rheinland-Pfalz,Birkenfeld,Elchweiler,55765,97,2.15,49.673456,7.201509
071345002023,Rheinland-Pfalz,Birkenfeld,Ellenberg,55765,88,2.02,49.659352,7.147493
071345002024,Rheinland-Pfalz,Birkenfeld,Ellweiler,55765,337,7.45,49.615204,7.144398
071345002029,Rheinland-Pfalz,Birkenfeld,Gimbweiler,55767,398,5.53,49.585436,7.190965
071345002031,Rheinland-Pfalz,Birkenfeld,Gollenberg,55767,116,3.25,49.672666,7.15922
071345002034,Rheinland-Pfalz,Birkenfeld,Hattgenstein,55767,258,8.23,49.697297,7.159844
071345002042,Rheinland-Pfalz,Birkenfeld,Hoppstädten-Weiersbach,55768,3348,17.94,49.614027,7.200262
071345002048,Rheinland-Pfalz,Birkenfeld,Kronweiler,55767,310,3.51,49.660754,7.262151
071345002050,Rheinland-Pfalz,Birkenfeld,Leisel,55767,531,8.82,49.718974,7.201636
071345002053,Rheinland-Pfalz,Birkenfeld,Meckenbach,55767,105,3.79,49.616007,7.096231
071345002057,Rheinland-Pfalz,Birkenfeld,Niederbrombach,55767,493,7.28,49.686543,7.246408
071345002058,Rheinland-Pfalz,Birkenfeld,Niederhambach,55767,308,9.77,49.679662,7.214542
071345002061,Rheinland-Pfalz,Birkenfeld,Nohen,55767,338,7.51,49.639314,7.243069
071345002062,Rheinland-Pfalz,Birkenfeld,Oberbrombach,55767,377,6.57,49.697736,7.261138
071345002063,Rheinland-Pfalz,Birkenfeld,Oberhambach,55765,275,5.1,49.686167,7.156184
071345002070,Rheinland-Pfalz,Birkenfeld,Rimsberg,55765,127,3.2,49.656829,7.210663
071345002071,Rheinland-Pfalz,Birkenfeld,Rinzenberg,55767,322,11.36,49.676063,7.132619
071345002072,Rheinland-Pfalz,Birkenfeld,Rötsweiler-Nockenthal,55767,458,3.19,49.711913,7.249592
071345002078,Rheinland-Pfalz,Birkenfeld,Schmißberg,55765,206,1.68,49.664538,7.20325
071345002080,Rheinland-Pfalz,Birkenfeld,Schwollen,55767,462,8.82,49.704536,7.181501
071345002084,Rheinland-Pfalz,Birkenfeld,Siesbach,55767,349,7.44,49.731144,7.237291
071345002085,Rheinland-Pfalz,Birkenfeld,Sonnenberg-Winnenberg,55767,435,2.87,49.671306,7.280097
071345002094,Rheinland-Pfalz,Birkenfeld,Wilzenberg-Hußweiler,55767,297,6.46,49.705362,7.218546
071345005003,Rheinland-Pfalz,Birkenfeld,Allenbach,55758,656,27.7,49.755712,7.167563
071345005004,Rheinland-Pfalz,Birkenfeld,Asbach,55758,130,3.47,49.812309,7.279572
071345005006,Rheinland-Pfalz,Birkenfeld,Bergen,55608,489,10.42,49.78091,7.418004
071345005009,Rheinland-Pfalz,Birkenfeld,Berschweiler bei Kirn,55608,265,7.55,49.770948,7.39183
071345005012,Rheinland-Pfalz,Birkenfeld,Bollenbach,55624,131,3.77,49.843462,7.352178
071345005013,Rheinland-Pfalz,Birkenfeld,Breitenthal,55758,348,3.68,49.800795,7.335186
071345005014,Rheinland-Pfalz,Birkenfeld,Bruchweiler,55758,527,8.13,49.798781,7.225235
071345005017,Rheinland-Pfalz,Birkenfeld,Bundenbach,55626,884,7.7,49.842133,7.377149
071345005019,Rheinland-Pfalz,Birkenfeld,Dickesbach,55758,418,4.93,49.718813,7.423229
071345005025,Rheinland-Pfalz,Birkenfeld,Fischbach,55743,912,4.01,49.74285,7.398916
071345005028,Rheinland-Pfalz,Birkenfeld,Gerach,55743,242,2.29,49.752587,7.340646
071345005030,Rheinland-Pfalz,Birkenfeld,Gösenroth,55624,239,4.49,49.8898,7.326277
071345005032,Rheinland-Pfalz,Birkenfeld,Griebelschied,55608,167,4.19,49.799583,7.400713
071345005035,Rheinland-Pfalz,Birkenfeld,Hausen,55608,172,4.99,49.872734,7.373515
071345005037,Rheinland-Pfalz,Birkenfeld,Hellertshausen,55758,192,7.46,49.820353,7.277309
071345005038,Rheinland-Pfalz,Birkenfeld,Herborn,55758,531,2.46,49.766709,7.294177
071345005039,Rheinland-Pfalz,Birkenfeld,Herrstein,55756,780,4.81,49.78073,7.337804
071345005040,Rheinland-Pfalz,Birkenfeld,Hettenrodt,55758,639,5.31,49.73953,7.254544
071345005041,Rheinland-Pfalz,Birkenfeld,Hintertiefenbach,55743,305,4.69,49.739617,7.356002
071345005043,Rheinland-Pfalz,Birkenfeld,Horbruch,55483,347,5.19,49.889057,7.238815
071345005044,Rheinland-Pfalz,Birkenfeld,Hottenbach,55758,545,11.21,49.824068,7.2988
071345005046,Rheinland-Pfalz,Birkenfeld,Kempfeld,55758,759,9.72,49.791206,7.242394
071345005047,Rheinland-Pfalz,Birkenfeld,Kirschweiler,55743,1024,4.89,49.753774,7.24255
071345005049,Rheinland-Pfalz,Birkenfeld,Krummenau,55483,149,4.32,49.889781,7.272401
071345005052,Rheinland-Pfalz,Birkenfeld,Mackenrodt,55758,337,4.88,49.724565,7.254605
071345005055,Rheinland-Pfalz,Birkenfeld,Mittelreidenbach,55758,742,5.06,49.726505,7.441943
071345005056,Rheinland-Pfalz,Birkenfeld,Mörschied,55758,739,10.7,49.789117,7.306744
071345005059,Rheinland-Pfalz,Birkenfeld,Niederhosenbach,55758,302,7.43,49.794357,7.364205
071345005060,Rheinland-Pfalz,Birkenfeld,Niederwörresbach,55758,816,9.34,49.768772,7.335887
071345005064,Rheinland-Pfalz,Birkenfeld,Oberhosenbach,55758,111,4.14,49.813288,7.330575
071345005065,Rheinland-Pfalz,Birkenfeld,Oberkirn,55624,321,5.45,49.884966,7.372074
071345005066,Rheinland-Pfalz,Birkenfeld,Oberreidenbach,55758,573,10.92,49.705734,7.462463
071345005067,Rheinland-Pfalz,Birkenfeld,Oberwörresbach,55758,112,1.4,49.778789,7.319938
071345005069,Rheinland-Pfalz,Birkenfeld,Rhaunen,55624,2281,10.75,49.863975,7.346012
071345005076,Rheinland-Pfalz,Birkenfeld,Schauren,55758,486,7.13,49.806734,7.236209
071345005077,Rheinland-Pfalz,Birkenfeld,Schmidthachenbach,55758,354,10.05,49.732605,7.470974
071345005079,Rheinland-Pfalz,Birkenfeld,Schwerbach,55624,51,2.55,49.895946,7.355692
071345005081,Rheinland-Pfalz,Birkenfeld,Sensweiler,55758,452,8.47,49.774449,7.197318
071345005082,Rheinland-Pfalz,Birkenfeld,Sien,55758,553,8.48,49.693175,7.502405
071345005083,Rheinland-Pfalz,Birkenfeld,Sienhachenbach,55758,180,7.58,49.699395,7.481219
071345005086,Rheinland-Pfalz,Birkenfeld,Sonnschied,55758,132,3.85,49.819367,7.389221
071345005087,Rheinland-Pfalz,Birkenfeld,Stipshausen,55758,802,11.05,49.849097,7.292212
071345005088,Rheinland-Pfalz,Birkenfeld,Sulzbach,55758,284,6.68,49.834086,7.336551
071345005089,Rheinland-Pfalz,Birkenfeld,Veitsrodt,55758,700,7.95,49.755281,7.300754
071345005090,Rheinland-Pfalz,Birkenfeld,Vollmersbach,55758,452,2.44,49.742099,7.307631
071345005091,Rheinland-Pfalz,Birkenfeld,Weiden,55758,91,2.6,49.807135,7.300302
071345005092,Rheinland-Pfalz,Birkenfeld,Weitersbach,55624,86,7.77,49.872116,7.316281
071345005093,Rheinland-Pfalz,Birkenfeld,Wickenrodt,55758,160,5.27,49.815692,7.358916
071345005095,Rheinland-Pfalz,Birkenfeld,Wirschweiler,55758,290,10.2,49.762725,7.172077
071345005502,Rheinland-Pfalz,Birkenfeld,Langweiler,55758,237,5.25,49.782615,7.185941
071355001007,Rheinland-Pfalz,Cochem-Zell,Beilstein,56814,132,1.69,50.110347,7.241189
071355001012,Rheinland-Pfalz,Cochem-Zell,Bremm,56814,687,9.14,50.10033,7.115357
071355001015,Rheinland-Pfalz,Cochem-Zell,Briedern,56820,338,3.56,50.110353,7.208648
071355001017,Rheinland-Pfalz,Cochem-Zell,Bruttig-Fankel,56814,1130,14.37,50.129803,7.229003
071355001020,Rheinland-Pfalz,Cochem-Zell,"Cochem, Stadt",56812,4897,21.18,50.144672,7.16384
071355001021,Rheinland-Pfalz,Cochem-Zell,Dohr,56812,614,5.03,50.12766,7.118513
071355001024,Rheinland-Pfalz,Cochem-Zell,Ediger-Eller,56814,886,19.18,50.096867,7.156797
071355001025,Rheinland-Pfalz,Cochem-Zell,Ellenz-Poltersdorf,56821,814,7.42,50.108953,7.224466
071355001027,Rheinland-Pfalz,Cochem-Zell,Ernst,56814,562,4.19,50.144666,7.225633
071355001029,Rheinland-Pfalz,Cochem-Zell,Faid,56814,1031,8.21,50.146147,7.120819
071355001036,Rheinland-Pfalz,Cochem-Zell,Greimersburg,56814,710,10.16,50.184828,7.142134
071355001049,Rheinland-Pfalz,Cochem-Zell,Klotten,56818,1206,16.04,50.166374,7.199421
071355001053,Rheinland-Pfalz,Cochem-Zell,Lieg,56290,366,9.69,50.139517,7.346849
071355001056,Rheinland-Pfalz,Cochem-Zell,Lütz,56290,272,5.48,50.159727,7.359321
071355001060,Rheinland-Pfalz,Cochem-Zell,Mesenich,56820,306,2.98,50.097583,7.197826
071355001065,Rheinland-Pfalz,Cochem-Zell,Moselkern,56254,568,4.72,50.191047,7.368823
071355001066,Rheinland-Pfalz,Cochem-Zell,Müden (Mosel),56254,652,7.49,50.18695,7.338027
071355001069,Rheinland-Pfalz,Cochem-Zell,Nehren,56820,114,0.76,50.081512,7.194274
071355001072,Rheinland-Pfalz,Cochem-Zell,Pommern,56829,401,5.64,50.171582,7.274022
071355001079,Rheinland-Pfalz,Cochem-Zell,Senheim,56820,557,12.51,50.086387,7.212788
071355001082,Rheinland-Pfalz,Cochem-Zell,Treis-Karden,56253,2104,31.37,50.174074,7.302777
071355001086,Rheinland-Pfalz,Cochem-Zell,Valwig,56812,427,5.7,50.143695,7.209373
071355001090,Rheinland-Pfalz,Cochem-Zell,Wirfus,56814,239,4.65,50.199516,7.205913
071355002009,Rheinland-Pfalz,Cochem-Zell,Binningen,56754,684,6.66,50.204897,7.244584
071355002011,Rheinland-Pfalz,Cochem-Zell,Brachtendorf,56761,243,2.45,50.232399,7.234266
071355002014,Rheinland-Pfalz,Cochem-Zell,Brieden,56829,151,4.39,50.188859,7.262348
071355002016,Rheinland-Pfalz,Cochem-Zell,Brohl,56754,350,5.89,50.22055,7.278237
071355002022,Rheinland-Pfalz,Cochem-Zell,Dünfus,56754,286,3.25,50.219514,7.23245
071355002023,Rheinland-Pfalz,Cochem-Zell,Düngenheim,56761,1294,9.31,50.258803,7.170312
071355002026,Rheinland-Pfalz,Cochem-Zell,Eppenberg,56759,236,4.12,50.248217,7.073634
071355002028,Rheinland-Pfalz,Cochem-Zell,Eulgem,56761,180,3.01,50.240251,7.175962
071355002031,Rheinland-Pfalz,Cochem-Zell,Forst (Eifel),56754,390,3.93,50.217799,7.251012
071355002033,Rheinland-Pfalz,Cochem-Zell,Gamlen,56761,545,5.59,50.239214,7.200836
071355002038,Rheinland-Pfalz,Cochem-Zell,Hambuch,56761,717,4.81,50.225697,7.181888
071355002040,Rheinland-Pfalz,Cochem-Zell,Hauroth,56761,339,3.94,50.25112,7.102164
071355002042,Rheinland-Pfalz,Cochem-Zell,Illerich,56814,816,7.75,50.200602,7.179921
071355002043,Rheinland-Pfalz,Cochem-Zell,Kaifenheim,56761,786,6.17,50.245693,7.226688
071355002044,Rheinland-Pfalz,Cochem-Zell,Kail,56829,289,6.16,50.183944,7.243385
071355002045,Rheinland-Pfalz,Cochem-Zell,"Kaisersesch, Stadt",56759,3268,8.18,50.230638,7.140669
071355002046,Rheinland-Pfalz,Cochem-Zell,Kalenborn,56759,242,5.3,50.26167,7.076151
071355002051,Rheinland-Pfalz,Cochem-Zell,Landkern,56814,924,10.61,50.193207,7.152986
071355002052,Rheinland-Pfalz,Cochem-Zell,Laubach,56759,655,3.58,50.231725,7.075774
071355002058,Rheinland-Pfalz,Cochem-Zell,Masburg,56761,1095,9.13,50.241755,7.116888
071355002062,Rheinland-Pfalz,Cochem-Zell,Möntenich,56754,109,4.08,50.221916,7.300645
071355002067,Rheinland-Pfalz,Cochem-Zell,Müllenbach,56761,682,4.27,50.221236,7.063283
071355002075,Rheinland-Pfalz,Cochem-Zell,Roes,56754,477,6.74,50.244568,7.25779
071355002084,Rheinland-Pfalz,Cochem-Zell,Urmersbach,56761,472,4.33,50.256494,7.132263
071355002093,Rheinland-Pfalz,Cochem-Zell,Zettingen,56761,282,3.7,50.228666,7.197348
071355002502,Rheinland-Pfalz,Cochem-Zell,Leienkaul,56759,368,3.25,50.219635,7.087461
071355003002,Rheinland-Pfalz,Cochem-Zell,Alflen,56828,788,13.42,50.177082,7.040537
071355003005,Rheinland-Pfalz,Cochem-Zell,Auderath,56766,655,6.19,50.186485,7.002278
071355003008,Rheinland-Pfalz,Cochem-Zell,Beuren,56825,440,10.67,50.094449,7.07939
071355003018,Rheinland-Pfalz,Cochem-Zell,Büchel,56823,1235,12.84,50.172678,7.082821
071355003030,Rheinland-Pfalz,Cochem-Zell,Filz,56766,80,3.1,50.169767,6.981429
071355003034,Rheinland-Pfalz,Cochem-Zell,Gevenich,56825,658,7.12,50.153309,7.085695
071355003035,Rheinland-Pfalz,Cochem-Zell,Gillenbeuren,56825,239,4.7,50.155144,7.018704
071355003048,Rheinland-Pfalz,Cochem-Zell,Kliding,56825,222,5.27,50.108458,7.056135
071355003057,Rheinland-Pfalz,Cochem-Zell,Lutzerath,56826,1539,23.7,50.127599,7.005406
071355003078,Rheinland-Pfalz,Cochem-Zell,Schmitt,56825,117,2.71,50.166003,7.014425
071355003083,Rheinland-Pfalz,Cochem-Zell,"Ulmen, Stadt",56766,3431,28.74,50.209372,6.979611
071355003085,Rheinland-Pfalz,Cochem-Zell,Urschmitt,56825,203,6.61,50.11752,7.062437
071355003087,Rheinland-Pfalz,Cochem-Zell,Wagenhausen,56826,65,1.8,50.142829,6.984878
071355003089,Rheinland-Pfalz,Cochem-Zell,Weiler,56825,262,7.33,50.14013,7.075997
071355003091,Rheinland-Pfalz,Cochem-Zell,Wollmerath,56826,199,4.05,50.154927,6.979815
071355003501,Rheinland-Pfalz,Cochem-Zell,Bad Bertrich,56864,972,8.71,50.071005,7.035498
071355005001,Rheinland-Pfalz,Cochem-Zell,Alf,56859,823,6.34,50.056847,7.125977
071355005003,Rheinland-Pfalz,Cochem-Zell,Altlay,56858,465,5.75,49.988472,7.270413
071355005004,Rheinland-Pfalz,Cochem-Zell,Altstrimmig,56858,320,8.9,50.092718,7.292913
071355005010,Rheinland-Pfalz,Cochem-Zell,Blankenrath,56865,1646,4.59,50.038494,7.302544
071355005013,Rheinland-Pfalz,Cochem-Zell,Briedel,56867,841,26.58,50.022096,7.145792
071355005019,Rheinland-Pfalz,Cochem-Zell,Bullay,56859,1712,3.98,50.057025,7.13148
071355005032,Rheinland-Pfalz,Cochem-Zell,Forst (Hunsrück),56858,63,3.35,50.081825,7.31687
071355005037,Rheinland-Pfalz,Cochem-Zell,Grenderich,56858,380,8.51,50.066054,7.229186
071355005039,Rheinland-Pfalz,Cochem-Zell,Haserich,56858,218,4.45,50.03648,7.325554
071355005041,Rheinland-Pfalz,Cochem-Zell,Hesweiler,56865,114,2.31,50.042851,7.279078
071355005054,Rheinland-Pfalz,Cochem-Zell,Liesenich,56858,280,8.76,50.087126,7.264513
071355005061,Rheinland-Pfalz,Cochem-Zell,Mittelstrimmig,56858,426,11.47,50.090136,7.283093
071355005064,Rheinland-Pfalz,Cochem-Zell,Moritzheim,56865,124,4.02,50.047026,7.260514
071355005068,Rheinland-Pfalz,Cochem-Zell,Neef,56858,400,6.48,50.091002,7.137711
071355005070,Rheinland-Pfalz,Cochem-Zell,Panzweiler,56865,263,3.85,50.020235,7.305566
071355005071,Rheinland-Pfalz,Cochem-Zell,Peterswald-Löffelscheid,56858,739,15.33,50.008511,7.319492
071355005073,Rheinland-Pfalz,Cochem-Zell,Pünderich,56862,817,5.43,50.041044,7.128632
071355005074,Rheinland-Pfalz,Cochem-Zell,Reidenhausen,56865,177,2.06,50.056689,7.317438
071355005076,Rheinland-Pfalz,Cochem-Zell,Sankt Aldegund,56858,494,6.19,50.082206,7.130204
071355005077,Rheinland-Pfalz,Cochem-Zell,Schauren,56865,410,3.05,50.021426,7.268834
071355005080,Rheinland-Pfalz,Cochem-Zell,Sosberg,56858,145,3.91,50.076934,7.337896
071355005081,Rheinland-Pfalz,Cochem-Zell,Tellig,56858,310,1.21,50.025057,7.252778
071355005088,Rheinland-Pfalz,Cochem-Zell,Walhausen,56865,196,2.27,50.025145,7.283588
071355005092,Rheinland-Pfalz,Cochem-Zell,"Zell (Mosel), Stadt",56856,4019,44.95,50.027298,7.181996
071370003003,Rheinland-Pfalz,Mayen-Koblenz,"Andernach, Stadt",56626,29920,53.34,50.439583,7.398566
071370068068,Rheinland-Pfalz,Mayen-Koblenz,"Mayen, Stadt",56727,19794,58.19,50.328707,7.222333
071370203203,Rheinland-Pfalz,Mayen-Koblenz,"Bendorf, Stadt",56170,17661,24.12,50.423567,7.575608
071375001056,Rheinland-Pfalz,Mayen-Koblenz,Kretz,56630,739,4.18,50.394106,7.361895
071375001057,Rheinland-Pfalz,Mayen-Koblenz,Kruft,56642,4780,18.23,50.385163,7.336575
071375001081,Rheinland-Pfalz,Mayen-Koblenz,Nickenich,56645,3744,16.58,50.411905,7.326923
071375001088,Rheinland-Pfalz,Mayen-Koblenz,Plaidt,56637,6021,9.39,50.391084,7.3912
071375001096,Rheinland-Pfalz,Mayen-Koblenz,Saffig,56648,2228,6.97,50.379942,7.415851
071375002023,Rheinland-Pfalz,Mayen-Koblenz,Einig,56751,140,3.09,50.283358,7.277285
071375002027,Rheinland-Pfalz,Mayen-Koblenz,Gappenach,56294,363,3.51,50.272568,7.344588
071375002029,Rheinland-Pfalz,Mayen-Koblenz,Gering,56751,413,2.9,50.273774,7.262053
071375002030,Rheinland-Pfalz,Mayen-Koblenz,Gierschnach,56294,270,3.27,50.262907,7.348592
071375002041,Rheinland-Pfalz,Mayen-Koblenz,Kalt,56294,446,5.36,50.267065,7.393724
071375002048,Rheinland-Pfalz,Mayen-Koblenz,Kerben,56295,535,4.71,50.31049,7.359005
071375002053,Rheinland-Pfalz,Mayen-Koblenz,Kollig,56751,606,5.01,50.264382,7.277262
071375002065,Rheinland-Pfalz,Mayen-Koblenz,Lonnig,56295,1232,5.5,50.31047,7.40734
071375002070,Rheinland-Pfalz,Mayen-Koblenz,Mertloch,56753,1318,10.28,50.27181,7.307472
071375002080,Rheinland-Pfalz,Mayen-Koblenz,Naunheim,56753,458,6.12,50.253536,7.318767
071375002086,Rheinland-Pfalz,Mayen-Koblenz,Ochtendung,56299,5352,24.05,50.349297,7.39081
071375002087,Rheinland-Pfalz,Mayen-Koblenz,Pillig,56753,514,6.29,50.239667,7.311966
071375002089,Rheinland-Pfalz,Mayen-Koblenz,"Polch, Stadt",56751,6659,28.68,50.299878,7.313982
071375002095,Rheinland-Pfalz,Mayen-Koblenz,Rüber,56295,864,5.61,50.292175,7.374654
071375002102,Rheinland-Pfalz,Mayen-Koblenz,Trimbs,56753,611,4.45,50.323107,7.299672
071375002112,Rheinland-Pfalz,Mayen-Koblenz,Welling,56753,941,6.82,50.328921,7.313444
071375002114,Rheinland-Pfalz,Mayen-Koblenz,Wierschem,56294,337,8.34,50.225822,7.35124
071375002501,Rheinland-Pfalz,Mayen-Koblenz,"Münstermaifeld, Stadt",56294,3387,27.77,50.2474,7.361118
071375003001,Rheinland-Pfalz,Mayen-Koblenz,Acht,56729,88,3.79,50.369975,7.072376
071375003004,Rheinland-Pfalz,Mayen-Koblenz,Anschau,56729,281,5.15,50.299019,7.091844
071375003006,Rheinland-Pfalz,Mayen-Koblenz,Arft,56729,224,5.83,50.382822,7.082764
071375003007,Rheinland-Pfalz,Mayen-Koblenz,Baar,56729,728,11.74,50.353598,7.048848
071375003011,Rheinland-Pfalz,Mayen-Koblenz,Bermel,56729,362,7.35,50.284258,7.085532
071375003014,Rheinland-Pfalz,Mayen-Koblenz,Boos,56729,611,10.38,50.313123,7.016496
071375003019,Rheinland-Pfalz,Mayen-Koblenz,Ditscheid,56729,256,4.48,50.29474,7.065537
071375003025,Rheinland-Pfalz,Mayen-Koblenz,Ettringen,56729,2876,9.15,50.35597,7.221107
071375003034,Rheinland-Pfalz,Mayen-Koblenz,Hausten,56745,373,3.56,50.398843,7.118293
071375003035,Rheinland-Pfalz,Mayen-Koblenz,Herresbach,56729,473,8.47,50.357341,7.020963
071375003036,Rheinland-Pfalz,Mayen-Koblenz,Hirten,56729,262,2.51,50.32619,7.113625
071375003043,Rheinland-Pfalz,Mayen-Koblenz,Kehrig,56729,1225,10.38,50.279555,7.222549
071375003049,Rheinland-Pfalz,Mayen-Koblenz,Kirchwald,56729,980,9.51,50.373341,7.154183
071375003055,Rheinland-Pfalz,Mayen-Koblenz,Kottenheim,56736,2516,6.09,50.348939,7.25673
071375003060,Rheinland-Pfalz,Mayen-Koblenz,Langenfeld,56729,673,4.71,50.375899,7.093493
071375003061,Rheinland-Pfalz,Mayen-Koblenz,Langscheid,56729,97,2.54,50.380139,7.10985
071375003063,Rheinland-Pfalz,Mayen-Koblenz,Lind,56729,54,2.78,50.321815,7.034339
071375003066,Rheinland-Pfalz,Mayen-Koblenz,Luxem,56729,334,4.93,50.317877,7.108456
071375003074,Rheinland-Pfalz,Mayen-Koblenz,Monreal,56729,733,14.64,50.29901,7.157962
071375003077,Rheinland-Pfalz,Mayen-Koblenz,Münk,56729,257,5.13,50.30676,7.040806
071375003079,Rheinland-Pfalz,Mayen-Koblenz,Nachtsheim,56729,559,7.22,50.318131,7.063098
071375003092,Rheinland-Pfalz,Mayen-Koblenz,Reudelsterz,56727,373,3.94,50.31704,7.155725
071375003097,Rheinland-Pfalz,Mayen-Koblenz,Sankt Johann,56727,946,4.32,50.347576,7.196286
071375003099,Rheinland-Pfalz,Mayen-Koblenz,Siebenbach,56729,184,3.41,50.379309,7.037
071375003105,Rheinland-Pfalz,Mayen-Koblenz,Virneburg,56729,373,5.36,50.342318,7.078248
071375003110,Rheinland-Pfalz,Mayen-Koblenz,Weiler,56729,508,7.5,50.310352,7.120208
071375003113,Rheinland-Pfalz,Mayen-Koblenz,Welschenbach,56729,50,2.79,50.363331,7.062834
071375004008,Rheinland-Pfalz,Mayen-Koblenz,Bell,56745,1340,10.26,50.387486,7.232896
071375004069,Rheinland-Pfalz,Mayen-Koblenz,"Mendig, Stadt",56743,9017,23.75,50.372828,7.280288
071375004093,Rheinland-Pfalz,Mayen-Koblenz,Rieden,56745,1214,9.1,50.395085,7.176587
071375004101,Rheinland-Pfalz,Mayen-Koblenz,Thür,56743,1560,8.25,50.35696,7.276448
071375004106,Rheinland-Pfalz,Mayen-Koblenz,Volkesfeld,56745,547,2.58,50.390082,7.150074
071375007218,Rheinland-Pfalz,Mayen-Koblenz,Niederwerth,56179,1256,3.04,50.39585,7.606683
071375007224,Rheinland-Pfalz,Mayen-Koblenz,Urbar,56182,3189,3.46,50.380196,7.623946
071375007226,Rheinland-Pfalz,Mayen-Koblenz,"Vallendar, Stadt",56179,9046,13.22,50.398186,7.622831
071375007229,Rheinland-Pfalz,Mayen-Koblenz,Weitersburg,56191,2472,6.62,50.414055,7.599219
071375008202,Rheinland-Pfalz,Mayen-Koblenz,Bassenheim,56220,3017,14.76,50.358978,7.457078
071375008209,Rheinland-Pfalz,Mayen-Koblenz,Kaltenengers,56220,2227,3.07,50.416846,7.541639
071375008211,Rheinland-Pfalz,Mayen-Koblenz,Kettig,56220,3494,7.76,50.398168,7.461457
071375008216,Rheinland-Pfalz,Mayen-Koblenz,"Mülheim-Kärlich, Stadt",56218,11071,16.42,50.38682,7.497417
071375008222,Rheinland-Pfalz,Mayen-Koblenz,Sankt Sebastian,56220,2641,2.88,50.410442,7.5648
071375008225,Rheinland-Pfalz,Mayen-Koblenz,Urmitz,56220,3339,3.77,50.415808,7.519578
071375008228,Rheinland-Pfalz,Mayen-Koblenz,"Weißenthurm, Stadt",56575,8944,3.99,50.415706,7.455206
071375009201,Rheinland-Pfalz,Mayen-Koblenz,Alken,56332,697,8.06,50.248557,7.448283
071375009204,Rheinland-Pfalz,Mayen-Koblenz,Brey,56321,1482,6.46,50.272043,7.626757
071375009205,Rheinland-Pfalz,Mayen-Koblenz,Brodenbach,56332,669,9.67,50.226302,7.446804
071375009206,Rheinland-Pfalz,Mayen-Koblenz,Burgen,56332,762,11.38,50.210682,7.391389
071375009207,Rheinland-Pfalz,Mayen-Koblenz,Dieblich,56332,2569,17.76,50.313841,7.470586
071375009208,Rheinland-Pfalz,Mayen-Koblenz,Hatzenport,56332,582,3.75,50.228389,7.419168
071375009212,Rheinland-Pfalz,Mayen-Koblenz,Kobern-Gondorf,56330,2970,28.4,50.30932,7.455606
071375009214,Rheinland-Pfalz,Mayen-Koblenz,Löf,56332,1483,5.34,50.234386,7.440866
071375009215,Rheinland-Pfalz,Mayen-Koblenz,Macken,56290,385,8.61,50.173902,7.39764
071375009217,Rheinland-Pfalz,Mayen-Koblenz,Niederfell,56332,971,11.67,50.290596,7.463325
071375009219,Rheinland-Pfalz,Mayen-Koblenz,Nörtershausen,56283,1148,5.66,50.225001,7.480618
071375009220,Rheinland-Pfalz,Mayen-Koblenz,Oberfell,56332,1139,5.46,50.257286,7.447717
071375009221,Rheinland-Pfalz,Mayen-Koblenz,"Rhens, Stadt",56321,2928,16.31,50.280703,7.617713
071375009223,Rheinland-Pfalz,Mayen-Koblenz,Spay,56322,1869,2.69,50.260128,7.648205
071375009227,Rheinland-Pfalz,Mayen-Koblenz,Waldesch,56323,2266,3.33,50.279877,7.543863
071375009230,Rheinland-Pfalz,Mayen-Koblenz,Winningen,56333,2371,6.65,50.316438,7.517828
071375009231,Rheinland-Pfalz,Mayen-Koblenz,Wolken,56332,1132,2.86,50.336645,7.472396
071375009504,Rheinland-Pfalz,Mayen-Koblenz,Lehmen,56332,1270,10.25,50.284121,7.449898
071380045045,Rheinland-Pfalz,Neuwied,"Neuwied, Stadt",56564,67201,86.5,50.429018,7.459692
071385001003,Rheinland-Pfalz,Neuwied,Asbach,53567,7820,38.58,50.66519,7.423951
071385001044,Rheinland-Pfalz,Neuwied,Neustadt (Wied),53577,6546,35.81,50.62313,7.427497
071385001077,Rheinland-Pfalz,Neuwied,Windhagen,53578,4664,13.11,50.643153,7.353992
071385001080,Rheinland-Pfalz,Neuwied,Buchholz (Westerwald),53567,4711,20.62,50.687713,7.394951
071385002004,Rheinland-Pfalz,Neuwied,"Bad Hönningen, Stadt",53557,6376,20.09,50.515502,7.306432
071385002024,Rheinland-Pfalz,Neuwied,Hammerstein,56598,354,7.19,50.477546,7.350736
071385002038,Rheinland-Pfalz,Neuwied,Leutesdorf,56599,1860,10.88,50.452992,7.385998
071385002063,Rheinland-Pfalz,Neuwied,Rheinbrohl,56598,4197,17.2,50.495813,7.331465
071385003012,Rheinland-Pfalz,Neuwied,"Dierdorf, Stadt",56269,6162,31.98,50.547979,7.6595
071385003023,Rheinland-Pfalz,Neuwied,Großmaischeid,56276,2322,15.52,50.504881,7.634071
071385003031,Rheinland-Pfalz,Neuwied,Isenburg,56271,578,4.17,50.476039,7.58845
071385003034,Rheinland-Pfalz,Neuwied,Kleinmaischeid,56271,1351,6.99,50.512183,7.606314
071385003069,Rheinland-Pfalz,Neuwied,Stebach,56276,360,2.38,50.511474,7.659989
071385003201,Rheinland-Pfalz,Neuwied,Marienhausen,56269,462,4.86,50.563076,7.691564
071385004009,Rheinland-Pfalz,Neuwied,Dattenberg,53547,1517,9.33,50.553203,7.292212
071385004037,Rheinland-Pfalz,Neuwied,Leubsdorf,53547,1615,10.22,50.547529,7.291244
071385004041,Rheinland-Pfalz,Neuwied,"Linz am Rhein, Stadt",53545,6276,17.98,50.568845,7.282754
071385004055,Rheinland-Pfalz,Neuwied,Ockenfels,53545,1037,1.66,50.576721,7.272857
071385004068,Rheinland-Pfalz,Neuwied,Sankt Katharinen (Landkreis Neuwied),53562,3433,13.83,50.591086,7.345257
071385004075,Rheinland-Pfalz,Neuwied,Vettelschoß,53560,3686,6.91,50.61831,7.346548
071385004501,Rheinland-Pfalz,Neuwied,Kasbach-Ohlenberg,53547,1414,4.78,50.589134,7.283651
071385005011,Rheinland-Pfalz,Neuwied,Dernbach,56307,1114,5.5,50.544692,7.598158
071385005013,Rheinland-Pfalz,Neuwied,Döttesfeld,56305,672,5.84,50.623425,7.548866
071385005014,Rheinland-Pfalz,Neuwied,Dürrholz,56307,1348,6.9,50.587821,7.58146
071385005025,Rheinland-Pfalz,Neuwied,Hanroth,56316,662,2.43,50.587891,7.641999
071385005027,Rheinland-Pfalz,Neuwied,Harschbach,56307,460,2.18,50.572919,7.59522
071385005040,Rheinland-Pfalz,Neuwied,Linkenbach,56317,629,5.43,50.572953,7.553575
071385005048,Rheinland-Pfalz,Neuwied,Niederhofen,56316,476,1.38,50.562176,7.600552
071385005050,Rheinland-Pfalz,Neuwied,Niederwambach,57614,461,6.9,50.632052,7.597364
071385005052,Rheinland-Pfalz,Neuwied,Oberdreis,57639,870,8.98,50.627043,7.663439
071385005057,Rheinland-Pfalz,Neuwied,Puderbach,56305,2562,11.02,50.596154,7.60931
071385005058,Rheinland-Pfalz,Neuwied,Ratzert,57614,255,2.79,50.641129,7.610281
071385005059,Rheinland-Pfalz,Neuwied,Raubach,56316,2138,7.84,50.575172,7.624421
071385005064,Rheinland-Pfalz,Neuwied,Rodenbach bei Puderbach,57639,701,6.61,50.638506,7.648999
071385005070,Rheinland-Pfalz,Neuwied,Steimel,57614,1300,5.59,50.617697,7.627892
071385005074,Rheinland-Pfalz,Neuwied,Urbach,56317,1450,11.29,50.562798,7.586631
071385005078,Rheinland-Pfalz,Neuwied,Woldert,57614,542,5.03,50.602477,7.647602
071385007008,Rheinland-Pfalz,Neuwied,Bruchhausen,53572,957,2.58,50.602142,7.251595
071385007019,Rheinland-Pfalz,Neuwied,Erpel,53579,2547,9.21,50.584589,7.239148
071385007062,Rheinland-Pfalz,Neuwied,Rheinbreitbach,53619,4388,6.58,50.617779,7.228693
071385007073,Rheinland-Pfalz,Neuwied,"Unkel, Stadt",53572,5008,8.16,50.59765,7.216955
071385009002,Rheinland-Pfalz,Neuwied,Anhausen,56584,1418,9.53,50.499676,7.55307
071385009005,Rheinland-Pfalz,Neuwied,Bonefeld,56579,938,5.2,50.524773,7.490326
071385009006,Rheinland-Pfalz,Neuwied,Breitscheid,53547,2252,12.22,50.582244,7.442685
071385009007,Rheinland-Pfalz,Neuwied,Hausen (Wied),53547,1829,7.72,50.5424,7.407087
071385009010,Rheinland-Pfalz,Neuwied,Datzeroth,56589,291,8.01,50.506434,7.42879
071385009015,Rheinland-Pfalz,Neuwied,Ehlscheid,56581,1544,6.27,50.515967,7.469096
071385009026,Rheinland-Pfalz,Neuwied,Hardert,56579,847,3.44,50.518101,7.518774
071385009030,Rheinland-Pfalz,Neuwied,Hümmerich,53547,808,4.27,50.568365,7.496106
071385009036,Rheinland-Pfalz,Neuwied,Kurtscheid,56581,1007,5.1,50.533925,7.460901
071385009042,Rheinland-Pfalz,Neuwied,Meinborn,56584,561,4.39,50.496661,7.561302
071385009043,Rheinland-Pfalz,Neuwied,Melsbach,56581,1953,2.8,50.487371,7.479566
071385009047,Rheinland-Pfalz,Neuwied,Niederbreitbach,56589,1527,8.53,50.530088,7.41779
071385009053,Rheinland-Pfalz,Neuwied,Oberhonnefeld-Gierend,56587,1057,3.97,50.553865,7.516765
071385009054,Rheinland-Pfalz,Neuwied,Oberraden,56587,659,4.33,50.549844,7.533766
071385009061,Rheinland-Pfalz,Neuwied,Rengsdorf,56579,2996,6.91,50.503433,7.495783
071385009065,Rheinland-Pfalz,Neuwied,Roßbach,53547,1457,6.4,50.574872,7.416099
071385009066,Rheinland-Pfalz,Neuwied,Rüscheid,56584,831,4.9,50.522824,7.565627
071385009071,Rheinland-Pfalz,Neuwied,Straßenhaus,56587,1995,10.17,50.539879,7.515087
071385009072,Rheinland-Pfalz,Neuwied,Thalhausen,56584,770,3.65,50.502913,7.582813
071385009076,Rheinland-Pfalz,Neuwied,Waldbreitbach,56588,1924,6.39,50.552304,7.417784
071400501501,Rheinland-Pfalz,Rhein-Hunsrück-Kreis,"Boppard, Stadt",56154,15665,74.88,50.231624,7.590758
071405003001,Rheinland-Pfalz,Rhein-Hunsrück-Kreis,Alterkülz,56288,385,7.58,50.031246,7.465531
071405003009,Rheinland-Pfalz,Rhein-Hunsrück-Kreis,Bell (Hunsrück),56288,1469,23.58,50.060855,7.415111
071405003010,Rheinland-Pfalz,Rhein-Hunsrück-Kreis,Beltheim,56290,1916,24.85,50.105877,7.461682
071405003018,Rheinland-Pfalz,Rhein-Hunsrück-Kreis,Braunshorn,56288,688,6.99,50.090905,7.516629
071405003021,Rheinland-Pfalz,Rhein-Hunsrück-Kreis,Buch,56290,852,13.45,50.077143,7.387139
071405003042,Rheinland-Pfalz,Rhein-Hunsrück-Kreis,Gödenroth,56290,461,6.81,50.087303,7.487284
071405003046,Rheinland-Pfalz,Rhein-Hunsrück-Kreis,Hasselbach,56288,226,4.79,50.040666,7.446573
071405003055,Rheinland-Pfalz,Rhein-Hunsrück-Kreis,Hollnich,56288,293,2.27,50.072848,7.487869
071405003064,Rheinland-Pfalz,Rhein-Hunsrück-Kreis,"Kastellaun, Stadt",56288,5732,8.41,50.071241,7.44201
071405003073,Rheinland-Pfalz,Rhein-Hunsrück-Kreis,Korweiler,56288,82,2.43,50.107437,7.415697
071405003095,Rheinland-Pfalz,Rhein-Hunsrück-Kreis,Michelbach,56288,200,2.39,50.015345,7.453674
071405003131,Rheinland-Pfalz,Rhein-Hunsrück-Kreis,Roth,56288,247,3.88,50.086734,7.455648
071405003147,Rheinland-Pfalz,Rhein-Hunsrück-Kreis,Spesenroth,56288,178,3.51,50.049378,7.460139
071405003153,Rheinland-Pfalz,Rhein-Hunsrück-Kreis,Uhler,56290,366,5.58,50.088176,7.432447
071405003202,Rheinland-Pfalz,Rhein-Hunsrück-Kreis,Dommershausen,56290,1089,24.69,50.142691,7.399615
071405003204,Rheinland-Pfalz,Rhein-Hunsrück-Kreis,Mastershausen,56869,996,11.82,50.064296,7.354759
071405003502,Rheinland-Pfalz,Rhein-Hunsrück-Kreis,Lahr,56288,156,3.6,50.125403,7.365749
071405003503,Rheinland-Pfalz,Rhein-Hunsrück-Kreis,Mörsdorf,56290,636,17.37,50.102787,7.344371
071405003504,Rheinland-Pfalz,Rhein-Hunsrück-Kreis,Zilshausen,56288,266,6.63,50.113271,7.383121
071405004006,Rheinland-Pfalz,Rhein-Hunsrück-Kreis,Bärenbach,55483,464,4.83,49.947223,7.302424
071405004007,Rheinland-Pfalz,Rhein-Hunsrück-Kreis,Belg,56858,121,4.79,49.98358,7.308065
071405004024,Rheinland-Pfalz,Rhein-Hunsrück-Kreis,Büchenbeuren,55491,1828,6.0,49.920772,7.279471
071405004028,Rheinland-Pfalz,Rhein-Hunsrück-Kreis,Dickenschied,55483,720,5.86,49.90156,7.418535
071405004029,Rheinland-Pfalz,Rhein-Hunsrück-Kreis,Dill,55487,212,5.55,49.916179,7.347995
071405004030,Rheinland-Pfalz,Rhein-Hunsrück-Kreis,Dillendorf,55481,543,6.49,49.92535,7.383443
071405004040,Rheinland-Pfalz,Rhein-Hunsrück-Kreis,Gehlweiler,55490,209,4.5,49.883341,7.466698
071405004041,Rheinland-Pfalz,Rhein-Hunsrück-Kreis,Gemünden,55490,1296,10.66,49.895912,7.480598
071405004044,Rheinland-Pfalz,Rhein-Hunsrück-Kreis,Hahn,56850,95,5.29,49.962412,7.270178
071405004048,Rheinland-Pfalz,Rhein-Hunsrück-Kreis,Hecken,55481,116,3.89,49.91566,7.398918
071405004049,Rheinland-Pfalz,Rhein-Hunsrück-Kreis,Heinzenbach,55483,415,3.42,49.975394,7.415982
071405004050,Rheinland-Pfalz,Rhein-Hunsrück-Kreis,Henau,55490,166,6.69,49.869699,7.495945
071405004053,Rheinland-Pfalz,Rhein-Hunsrück-Kreis,Hirschfeld (Hunsrück),55483,288,5.09,49.897172,7.241851
071405004062,Rheinland-Pfalz,Rhein-Hunsrück-Kreis,Kappel,55483,453,12.41,49.999714,7.359467
071405004067,Rheinland-Pfalz,Rhein-Hunsrück-Kreis,"Kirchberg (Hunsrück), Stadt",55481,4158,18.05,49.942426,7.405
071405004071,Rheinland-Pfalz,Rhein-Hunsrück-Kreis,Kludenbach,55481,118,2.88,49.987341,7.368185
071405004081,Rheinland-Pfalz,Rhein-Hunsrück-Kreis,Laufersweiler,55487,796,6.79,49.897258,7.305352
071405004082,Rheinland-Pfalz,Rhein-Hunsrück-Kreis,Lautzenhausen,55483,1189,4.95,49.938282,7.272262
071405004086,Rheinland-Pfalz,Rhein-Hunsrück-Kreis,Lindenschied,55481,181,3.17,49.902207,7.39199
071405004090,Rheinland-Pfalz,Rhein-Hunsrück-Kreis,Maitzborn,55481,109,3.15,49.933288,7.436033
071405004094,Rheinland-Pfalz,Rhein-Hunsrück-Kreis,Metzenhausen,55481,101,3.1,49.969934,7.362124
071405004105,Rheinland-Pfalz,Rhein-Hunsrück-Kreis,Nieder Kostenz,55481,190,4.12,49.942835,7.366289
071405004107,Rheinland-Pfalz,Rhein-Hunsrück-Kreis,Niedersohren,55487,435,3.9,49.928124,7.332233
071405004109,Rheinland-Pfalz,Rhein-Hunsrück-Kreis,Niederweiler,55491,419,4.81,49.9094,7.283718
071405004111,Rheinland-Pfalz,Rhein-Hunsrück-Kreis,Ober Kostenz,55481,257,5.84,49.956356,7.351403
071405004120,Rheinland-Pfalz,Rhein-Hunsrück-Kreis,Raversbeuren,56850,133,5.14,49.956121,7.227418
071405004122,Rheinland-Pfalz,Rhein-Hunsrück-Kreis,Reckershausen,55481,390,8.21,49.982801,7.40187
071405004128,Rheinland-Pfalz,Rhein-Hunsrück-Kreis,Rödelhausen,56858,121,2.56,49.992378,7.329348
071405004129,Rheinland-Pfalz,Rhein-Hunsrück-Kreis,Rödern,55481,194,2.72,49.946562,7.448382
071405004130,Rheinland-Pfalz,Rhein-Hunsrück-Kreis,Rohrbach,55490,167,3.77,49.887594,7.420877
071405004135,Rheinland-Pfalz,Rhein-Hunsrück-Kreis,Schlierschied,55483,172,8.64,49.875729,7.441683
071405004141,Rheinland-Pfalz,Rhein-Hunsrück-Kreis,Schwarzen,55481,143,3.88,49.961732,7.329987
071405004145,Rheinland-Pfalz,Rhein-Hunsrück-Kreis,Sohren,55487,3194,9.42,49.932213,7.308475
071405004146,Rheinland-Pfalz,Rhein-Hunsrück-Kreis,Sohrschied,55487,108,4.46,49.903545,7.357928
071405004151,Rheinland-Pfalz,Rhein-Hunsrück-Kreis,Todenroth,55481,91,1.56,49.976209,7.354531
071405004154,Rheinland-Pfalz,Rhein-Hunsrück-Kreis,Unzenberg,55483,436,5.49,49.970402,7.434555
071405004159,Rheinland-Pfalz,Rhein-Hunsrück-Kreis,Wahlenau,55491,228,4.46,49.904095,7.250708
071405004163,Rheinland-Pfalz,Rhein-Hunsrück-Kreis,Womrath,55481,183,8.39,49.917564,7.448023
071405004164,Rheinland-Pfalz,Rhein-Hunsrück-Kreis,Woppenroth,55490,224,8.66,49.874435,7.413774
071405004165,Rheinland-Pfalz,Rhein-Hunsrück-Kreis,Würrich,56858,159,4.33,49.977105,7.302943
071405008002,Rheinland-Pfalz,Rhein-Hunsrück-Kreis,Altweidelbach,55469,291,4.1,49.994498,7.567389
071405008003,Rheinland-Pfalz,Rhein-Hunsrück-Kreis,Argenthal,55496,1744,28.59,49.975997,7.596954
071405008008,Rheinland-Pfalz,Rhein-Hunsrück-Kreis,Belgweiler,55469,182,3.39,49.943965,7.485534
071405008011,Rheinland-Pfalz,Rhein-Hunsrück-Kreis,Benzweiler,55494,209,3.19,50.021632,7.605169
071405008012,Rheinland-Pfalz,Rhein-Hunsrück-Kreis,Bergenhausen,55469,112,2.68,50.024473,7.572221
071405008015,Rheinland-Pfalz,Rhein-Hunsrück-Kreis,Biebern,55471,310,4.1,49.993064,7.444808
071405008020,Rheinland-Pfalz,Rhein-Hunsrück-Kreis,Bubach,56288,237,7.1,50.070994,7.555607
071405008023,Rheinland-Pfalz,Rhein-Hunsrück-Kreis,Budenbach,55469,194,3.51,50.037038,7.568172
071405008027,Rheinland-Pfalz,Rhein-Hunsrück-Kreis,Dichtelbach,55494,625,5.37,50.009524,7.696081
071405008035,Rheinland-Pfalz,Rhein-Hunsrück-Kreis,Ellern (Hunsrück),55497,894,9.34,49.986856,7.640758
071405008037,Rheinland-Pfalz,Rhein-Hunsrück-Kreis,Erbach,55494,300,1.97,50.026216,7.681815
071405008039,Rheinland-Pfalz,Rhein-Hunsrück-Kreis,Fronhofen,55471,246,3.71,49.991498,7.465413
071405008056,Rheinland-Pfalz,Rhein-Hunsrück-Kreis,Holzbach,55469,565,5.03,49.955319,7.531642
071405008058,Rheinland-Pfalz,Rhein-Hunsrück-Kreis,Horn,55469,388,6.86,50.046007,7.541651
071405008065,Rheinland-Pfalz,Rhein-Hunsrück-Kreis,Keidelheim,55471,339,2.72,49.992528,7.499289
071405008068,Rheinland-Pfalz,Rhein-Hunsrück-Kreis,Kisselbach,56291,598,9.13,50.05099,7.610701
071405008070,Rheinland-Pfalz,Rhein-Hunsrück-Kreis,Klosterkumbd,55469,268,7.33,50.027296,7.536823
071405008076,Rheinland-Pfalz,Rhein-Hunsrück-Kreis,Külz (Hunsrück),55471,490,6.92,50.006308,7.493526
071405008077,Rheinland-Pfalz,Rhein-Hunsrück-Kreis,Kümbdchen,55471,487,3.21,49.992121,7.508393
071405008079,Rheinland-Pfalz,Rhein-Hunsrück-Kreis,Laubach,56288,448,10.02,50.05388,7.510684
071405008085,Rheinland-Pfalz,Rhein-Hunsrück-Kreis,Liebshausen,55494,502,5.85,50.032866,7.628917
071405008092,Rheinland-Pfalz,Rhein-Hunsrück-Kreis,Mengerschied,55490,708,9.53,49.912549,7.505604
071405008096,Rheinland-Pfalz,Rhein-Hunsrück-Kreis,Mörschbach,55494,340,5.82,50.011298,7.62342
071405008099,Rheinland-Pfalz,Rhein-Hunsrück-Kreis,Mutterschied,55469,469,3.07,49.981531,7.568114
071405008100,Rheinland-Pfalz,Rhein-Hunsrück-Kreis,Nannhausen,55469,614,6.05,49.974856,7.477895
071405008101,Rheinland-Pfalz,Rhein-Hunsrück-Kreis,Neuerkirch,55471,325,5.28,50.014427,7.491697
071405008106,Rheinland-Pfalz,Rhein-Hunsrück-Kreis,Niederkumbd,55469,326,2.27,50.01374,7.535604
071405008113,Rheinland-Pfalz,Rhein-Hunsrück-Kreis,Ohlweiler,55469,333,3.91,49.966605,7.496395
071405008115,Rheinland-Pfalz,Rhein-Hunsrück-Kreis,Oppertshausen,55469,123,1.52,49.947269,7.472762
071405008118,Rheinland-Pfalz,Rhein-Hunsrück-Kreis,Pleizenhausen,55469,322,4.04,50.014952,7.568911
071405008119,Rheinland-Pfalz,Rhein-Hunsrück-Kreis,Ravengiersburg,55471,329,6.16,49.93527,7.475121
071405008121,Rheinland-Pfalz,Rhein-Hunsrück-Kreis,Rayerschied,55469,113,2.51,50.017589,7.585028
071405008123,Rheinland-Pfalz,Rhein-Hunsrück-Kreis,Reich,55471,361,4.76,50.001522,7.433183
071405008125,Rheinland-Pfalz,Rhein-Hunsrück-Kreis,"Rheinböllen, Stadt",55494,4341,16.36,50.007214,7.673292
071405008126,Rheinland-Pfalz,Rhein-Hunsrück-Kreis,Riegenroth,55469,239,3.14,50.057637,7.579973
071405008127,Rheinland-Pfalz,Rhein-Hunsrück-Kreis,Riesweiler,55499,809,16.83,49.959872,7.557005
071405008134,Rheinland-Pfalz,Rhein-Hunsrück-Kreis,Sargenroth,55471,442,12.9,49.932263,7.51334
071405008138,Rheinland-Pfalz,Rhein-Hunsrück-Kreis,Schnorbach,55497,262,3.42,49.990977,7.611385
071405008139,Rheinland-Pfalz,Rhein-Hunsrück-Kreis,Schönborn,55469,287,3.9,49.957206,7.474033
071405008144,Rheinland-Pfalz,Rhein-Hunsrück-Kreis,"Simmern/ Hunsrück, Stadt",55469,8227,11.96,49.985095,7.522062
071405008148,Rheinland-Pfalz,Rhein-Hunsrück-Kreis,Steinbach,56291,139,2.6,50.043544,7.594041
071405008150,Rheinland-Pfalz,Rhein-Hunsrück-Kreis,Tiefenbach,55471,768,5.78,49.935869,7.540052
071405008158,Rheinland-Pfalz,Rhein-Hunsrück-Kreis,Wahlbach,55494,188,4.34,50.000376,7.595363
071405008166,Rheinland-Pfalz,Rhein-Hunsrück-Kreis,Wüschheim,55471,310,3.9,50.011915,7.421441
071405009005,Rheinland-Pfalz,Rhein-Hunsrück-Kreis,Badenhard,56291,155,3.01,50.122608,7.633533
071405009014,Rheinland-Pfalz,Rhein-Hunsrück-Kreis,Bickenbach,56291,369,6.4,50.126047,7.526694
071405009016,Rheinland-Pfalz,Rhein-Hunsrück-Kreis,Birkheim,56291,143,2.3,50.116391,7.621209
071405009025,Rheinland-Pfalz,Rhein-Hunsrück-Kreis,Damscheid,55432,668,15.15,50.101952,7.682381
071405009031,Rheinland-Pfalz,Rhein-Hunsrück-Kreis,Dörth,56281,545,5.15,50.148471,7.588973
071405009036,Rheinland-Pfalz,Rhein-Hunsrück-Kreis,"Emmelshausen, Stadt",56281,4995,8.05,50.15564,7.55188
071405009043,Rheinland-Pfalz,Rhein-Hunsrück-Kreis,Gondershausen,56283,1317,13.45,50.160728,7.496868
071405009045,Rheinland-Pfalz,Rhein-Hunsrück-Kreis,Halsenbach,56283,1288,9.89,50.17601,7.550566
071405009047,Rheinland-Pfalz,Rhein-Hunsrück-Kreis,Hausbay,56291,237,3.24,50.106728,7.558543
071405009060,Rheinland-Pfalz,Rhein-Hunsrück-Kreis,Hungenroth,56281,278,5.94,50.143568,7.60096
071405009063,Rheinland-Pfalz,Rhein-Hunsrück-Kreis,Karbach,56281,650,4.97,50.159074,7.616308
071405009075,Rheinland-Pfalz,Rhein-Hunsrück-Kreis,Kratzenburg,56283,405,7.07,50.186864,7.554894
071405009080,Rheinland-Pfalz,Rhein-Hunsrück-Kreis,Laudert,56291,463,6.17,50.076863,7.600893
071405009084,Rheinland-Pfalz,Rhein-Hunsrück-Kreis,Leiningen,56291,711,5.75,50.131512,7.568797
071405009087,Rheinland-Pfalz,Rhein-Hunsrück-Kreis,Lingerhahn,56291,545,5.99,50.093946,7.563734
071405009089,Rheinland-Pfalz,Rhein-Hunsrück-Kreis,Maisborn,56291,134,1.47,50.081769,7.581072
071405009093,Rheinland-Pfalz,Rhein-Hunsrück-Kreis,Mermuth,56283,231,4.92,50.17016,7.482976
071405009098,Rheinland-Pfalz,Rhein-Hunsrück-Kreis,Mühlpfad,56291,63,1.39,50.121594,7.554004
071405009102,Rheinland-Pfalz,Rhein-Hunsrück-Kreis,Ney,56283,374,5.6,50.183021,7.537156
071405009104,Rheinland-Pfalz,Rhein-Hunsrück-Kreis,Niederburg,55432,650,6.81,50.117225,7.695669
071405009108,Rheinland-Pfalz,Rhein-Hunsrück-Kreis,Niedert,56291,121,2.21,50.126014,7.542776
071405009110,Rheinland-Pfalz,Rhein-Hunsrück-Kreis,Norath,56291,491,3.3,50.125564,7.57922
071405009112,Rheinland-Pfalz,Rhein-Hunsrück-Kreis,"Oberwesel, Stadt",55430,2878,18.08,50.106015,7.722947
071405009116,Rheinland-Pfalz,Rhein-Hunsrück-Kreis,Perscheid,55430,318,18.51,50.071263,7.699443
071405009117,Rheinland-Pfalz,Rhein-Hunsrück-Kreis,Pfalzfeld,56291,635,5.27,50.113145,7.578784
071405009133,Rheinland-Pfalz,Rhein-Hunsrück-Kreis,"Sankt Goar, Stadt",56329,2860,23.17,50.150992,7.713464
071405009140,Rheinland-Pfalz,Rhein-Hunsrück-Kreis,Schwall,56281,323,1.78,50.144913,7.552494
071405009149,Rheinland-Pfalz,Rhein-Hunsrück-Kreis,Thörlingen,56291,140,2.26,50.134748,7.531302
071405009155,Rheinland-Pfalz,Rhein-Hunsrück-Kreis,Urbar,55430,680,3.55,50.130798,7.719432
071405009156,Rheinland-Pfalz,Rhein-Hunsrück-Kreis,Utzenhain,56291,115,4.45,50.131755,7.639618
071405009161,Rheinland-Pfalz,Rhein-Hunsrück-Kreis,Wiebelsheim,56291,607,7.34,50.076697,7.636819
071405009201,Rheinland-Pfalz,Rhein-Hunsrück-Kreis,Beulich,56283,478,13.28,50.173525,7.451943
071405009205,Rheinland-Pfalz,Rhein-Hunsrück-Kreis,Morshausen,56283,330,7.56,50.192212,7.441884
071410075075,Rheinland-Pfalz,Rhein-Lahn-Kreis,"Lahnstein, Stadt",56112,18887,37.62,50.300468,7.607337
071415003002,Rheinland-Pfalz,Rhein-Lahn-Kreis,Altendiez,65624,2211,9.22,50.370944,7.98331
071415003005,Rheinland-Pfalz,Rhein-Lahn-Kreis,Aull,65582,398,2.17,50.385738,8.001978
071415003014,Rheinland-Pfalz,Rhein-Lahn-Kreis,Birlenbach,65626,1681,4.04,50.357272,8.004067
071415003021,Rheinland-Pfalz,Rhein-Lahn-Kreis,Charlottenberg,56379,144,0.76,50.342965,7.880701
071415003022,Rheinland-Pfalz,Rhein-Lahn-Kreis,Cramberg,65558,495,5.25,50.342013,7.940055
071415003029,Rheinland-Pfalz,Rhein-Lahn-Kreis,"Diez, Stadt",65582,11445,12.41,50.37269,8.009315
071415003030,Rheinland-Pfalz,Rhein-Lahn-Kreis,Dörnberg,56379,460,5.83,50.325181,7.884152
071415003038,Rheinland-Pfalz,Rhein-Lahn-Kreis,Eppenrod,65558,732,6.98,50.405428,7.930933
071415003045,Rheinland-Pfalz,Rhein-Lahn-Kreis,Geilnau,56379,354,2.24,50.349537,7.926881
071415003049,Rheinland-Pfalz,Rhein-Lahn-Kreis,Gückingen,65558,1120,2.34,50.39173,8.009686
071415003052,Rheinland-Pfalz,Rhein-Lahn-Kreis,Hambach,65582,503,2.76,50.397631,7.980571
071415003053,Rheinland-Pfalz,Rhein-Lahn-Kreis,Heistenbach,65558,1039,5.26,50.379129,7.98542
071415003057,Rheinland-Pfalz,Rhein-Lahn-Kreis,Hirschberg,65558,400,2.5,50.378067,7.922446
071415003059,Rheinland-Pfalz,Rhein-Lahn-Kreis,Holzappel,56379,1079,2.73,50.350798,7.895743
071415003061,Rheinland-Pfalz,Rhein-Lahn-Kreis,Holzheim,65558,861,4.99,50.353803,8.048265
071415003062,Rheinland-Pfalz,Rhein-Lahn-Kreis,Horhausen,56379,304,5.46,50.361472,7.892393
071415003064,Rheinland-Pfalz,Rhein-Lahn-Kreis,Isselbach,65558,392,7.19,50.388932,7.889672
071415003076,Rheinland-Pfalz,Rhein-Lahn-Kreis,Langenscheid,65558,515,8.93,50.356858,7.949559
071415003077,Rheinland-Pfalz,Rhein-Lahn-Kreis,Laurenburg,56379,261,2.16,50.330506,7.910917
071415003124,Rheinland-Pfalz,Rhein-Lahn-Kreis,Scheidt,56379,363,2.51,50.338193,7.913673
071415003130,Rheinland-Pfalz,Rhein-Lahn-Kreis,Steinsberg,56379,243,2.9,50.323061,7.944983
071415003133,Rheinland-Pfalz,Rhein-Lahn-Kreis,Wasenbach,56370,309,2.4,50.318315,7.967382
071415003503,Rheinland-Pfalz,Rhein-Lahn-Kreis,Balduinstein,65558,564,5.16,50.343768,7.973636
071415007009,Rheinland-Pfalz,Rhein-Lahn-Kreis,Berg,56357,254,3.32,50.253667,7.814358
071415007012,Rheinland-Pfalz,Rhein-Lahn-Kreis,Bettendorf,56355,321,3.24,50.233054,7.869656
071415007015,Rheinland-Pfalz,Rhein-Lahn-Kreis,Bogel,56357,821,5.34,50.190492,7.799119
071415007019,Rheinland-Pfalz,Rhein-Lahn-Kreis,Buch,56357,609,4.15,50.204749,7.87519
071415007035,Rheinland-Pfalz,Rhein-Lahn-Kreis,Ehr,56357,86,1.21,50.23759,7.784699
071415007037,Rheinland-Pfalz,Rhein-Lahn-Kreis,Endlichhofen,56355,146,2.24,50.201998,7.818267
071415007040,Rheinland-Pfalz,Rhein-Lahn-Kreis,Eschbach,56357,173,2.58,50.21462,7.726244
071415007047,Rheinland-Pfalz,Rhein-Lahn-Kreis,Gemmerich,56357,544,6.79,50.228035,7.755509
071415007055,Rheinland-Pfalz,Rhein-Lahn-Kreis,Himmighofen,56357,331,5.03,50.212893,7.765383
071415007060,Rheinland-Pfalz,Rhein-Lahn-Kreis,Holzhausen an der Haide,56357,1204,8.48,50.22027,7.908817
071415007063,Rheinland-Pfalz,Rhein-Lahn-Kreis,Hunzel,56355,246,4.02,50.248256,7.83789
071415007067,Rheinland-Pfalz,Rhein-Lahn-Kreis,Kasdorf,56357,228,4.06,50.206101,7.784912
071415007070,Rheinland-Pfalz,Rhein-Lahn-Kreis,Kehlbach,56355,174,2.13,50.259051,7.758449
071415007078,Rheinland-Pfalz,Rhein-Lahn-Kreis,Lautert,56355,251,3.56,50.168072,7.840967
071415007080,Rheinland-Pfalz,Rhein-Lahn-Kreis,Lipporn,56357,267,4.79,50.139574,7.863402
071415007084,Rheinland-Pfalz,Rhein-Lahn-Kreis,Marienfels,56357,318,3.84,50.240426,7.813694
071415007085,Rheinland-Pfalz,Rhein-Lahn-Kreis,Miehlen,56357,2019,15.01,50.226931,7.830782
071415007092,Rheinland-Pfalz,Rhein-Lahn-Kreis,"Nastätten, Stadt",56355,4526,13.05,50.199698,7.857209
071415007094,Rheinland-Pfalz,Rhein-Lahn-Kreis,Niederbachheim,56357,250,2.93,50.248127,7.763971
071415007097,Rheinland-Pfalz,Rhein-Lahn-Kreis,Niederwallmenach,56357,432,6.85,50.164381,7.811672
071415007100,Rheinland-Pfalz,Rhein-Lahn-Kreis,Oberbachheim,56355,206,2.85,50.245294,7.748298
071415007104,Rheinland-Pfalz,Rhein-Lahn-Kreis,Obertiefenbach,56357,384,5.77,50.242763,7.889871
071415007105,Rheinland-Pfalz,Rhein-Lahn-Kreis,Oberwallmenach,56357,201,3.19,50.162336,7.827766
071415007107,Rheinland-Pfalz,Rhein-Lahn-Kreis,Oelsberg,56357,562,4.02,50.198624,7.835725
071415007110,Rheinland-Pfalz,Rhein-Lahn-Kreis,Hainau,56357,168,3.31,50.222709,7.780981
071415007116,Rheinland-Pfalz,Rhein-Lahn-Kreis,Rettershain,56357,292,4.81,50.145292,7.830439
071415007120,Rheinland-Pfalz,Rhein-Lahn-Kreis,Ruppertshofen,56357,348,4.78,50.20068,7.80698
071415007131,Rheinland-Pfalz,Rhein-Lahn-Kreis,Strüth,56357,314,4.66,50.137751,7.88869
071415007134,Rheinland-Pfalz,Rhein-Lahn-Kreis,Weidenbach,56355,109,2.24,50.154234,7.883112
071415007137,Rheinland-Pfalz,Rhein-Lahn-Kreis,Welterod,56357,455,9.95,50.132342,7.888793
071415007140,Rheinland-Pfalz,Rhein-Lahn-Kreis,Winterwerb,56355,148,2.94,50.236665,7.739564
071415007502,Rheinland-Pfalz,Rhein-Lahn-Kreis,Diethardt,56355,225,4.42,50.162453,7.873659
071415009004,Rheinland-Pfalz,Rhein-Lahn-Kreis,Auel,56357,174,2.65,50.170904,7.765895
071415009016,Rheinland-Pfalz,Rhein-Lahn-Kreis,Bornich,56348,907,11.98,50.126919,7.766158
071415009023,Rheinland-Pfalz,Rhein-Lahn-Kreis,Dachsenhausen,56340,959,10.13,50.254452,7.726333
071415009024,Rheinland-Pfalz,Rhein-Lahn-Kreis,Dahlheim,56348,801,6.82,50.210816,7.694005
071415009031,Rheinland-Pfalz,Rhein-Lahn-Kreis,Dörscheid,56348,360,8.64,50.105396,7.759941
071415009042,Rheinland-Pfalz,Rhein-Lahn-Kreis,Filsen,56341,648,1.85,50.238021,7.584199
071415009066,Rheinland-Pfalz,Rhein-Lahn-Kreis,Kamp-Bornhofen,56341,1465,11.41,50.22497,7.622901
071415009069,Rheinland-Pfalz,Rhein-Lahn-Kreis,"Kaub, Stadt",56349,758,13.05,50.089638,7.764933
071415009072,Rheinland-Pfalz,Rhein-Lahn-Kreis,Kestert,56348,635,6.88,50.182764,7.649006
071415009079,Rheinland-Pfalz,Rhein-Lahn-Kreis,Lierschied,56357,475,5.95,50.16989,7.745039
071415009083,Rheinland-Pfalz,Rhein-Lahn-Kreis,Lykershausen,56346,216,3.35,50.206715,7.663861
071415009099,Rheinland-Pfalz,Rhein-Lahn-Kreis,Nochern,56357,468,7.11,50.176802,7.723661
071415009108,Rheinland-Pfalz,Rhein-Lahn-Kreis,Osterspai,56340,1243,13.02,50.243537,7.617194
071415009109,Rheinland-Pfalz,Rhein-Lahn-Kreis,Patersberg,56348,353,2.65,50.156811,7.733582
071415009112,Rheinland-Pfalz,Rhein-Lahn-Kreis,Prath,56346,301,4.33,50.195734,7.685574
071415009114,Rheinland-Pfalz,Rhein-Lahn-Kreis,Reichenberg,56357,167,3.23,50.156852,7.760274
071415009115,Rheinland-Pfalz,Rhein-Lahn-Kreis,Reitzenhain,56357,346,5.66,50.155136,7.783919
071415009121,Rheinland-Pfalz,Rhein-Lahn-Kreis,"Sankt Goarshausen, Loreleystadt, Stadt",56346,1242,7.06,50.153545,7.719227
071415009122,Rheinland-Pfalz,Rhein-Lahn-Kreis,Sauerthal,65391,136,3.57,50.085496,7.82097
071415009136,Rheinland-Pfalz,Rhein-Lahn-Kreis,Weisel,56348,1016,13.06,50.118471,7.800533
071415009138,Rheinland-Pfalz,Rhein-Lahn-Kreis,Weyer,56357,470,5.99,50.196457,7.722196
071415009501,Rheinland-Pfalz,Rhein-Lahn-Kreis,"Braubach, Stadt",56338,2986,19.5,50.274481,7.648315
071415010003,Rheinland-Pfalz,Rhein-Lahn-Kreis,Attenhausen,56370,408,5.85,50.291971,7.877157
071415010006,Rheinland-Pfalz,Rhein-Lahn-Kreis,"Bad Ems, Stadt",56130,10048,15.41,50.33497,7.712321
071415010008,Rheinland-Pfalz,Rhein-Lahn-Kreis,Becheln,56132,662,4.42,50.293057,7.71838
071415010025,Rheinland-Pfalz,Rhein-Lahn-Kreis,Dausenau,56132,1241,9.92,50.330964,7.762292
071415010026,Rheinland-Pfalz,Rhein-Lahn-Kreis,Dessighofen,56357,199,3.57,50.257798,7.771976
071415010027,Rheinland-Pfalz,Rhein-Lahn-Kreis,Dienethal,56379,216,1.39,50.304309,7.778456
071415010033,Rheinland-Pfalz,Rhein-Lahn-Kreis,Dornholzhausen,56357,198,3.94,50.270436,7.790383
071415010041,Rheinland-Pfalz,Rhein-Lahn-Kreis,Fachbach,56133,1293,2.23,50.338102,7.691321
071415010044,Rheinland-Pfalz,Rhein-Lahn-Kreis,Frücht,56132,578,5.53,50.312805,7.676422
071415010046,Rheinland-Pfalz,Rhein-Lahn-Kreis,Geisig,56357,364,3.91,50.255338,7.790852
071415010058,Rheinland-Pfalz,Rhein-Lahn-Kreis,Hömberg,56379,326,4.85,50.335322,7.783447
071415010071,Rheinland-Pfalz,Rhein-Lahn-Kreis,Kemmenau,56132,500,3.78,50.346524,7.75062
071415010082,Rheinland-Pfalz,Rhein-Lahn-Kreis,Lollschied,56357,178,4.0,50.256061,7.868666
071415010086,Rheinland-Pfalz,Rhein-Lahn-Kreis,Miellen,56132,361,2.06,50.326445,7.667234
071415010087,Rheinland-Pfalz,Rhein-Lahn-Kreis,Misselberg,56377,86,0.74,50.30832,7.767544
071415010091,Rheinland-Pfalz,Rhein-Lahn-Kreis,"Nassau, Stadt",56377,4802,17.55,50.314326,7.798748
071415010098,Rheinland-Pfalz,Rhein-Lahn-Kreis,Nievern,56132,1049,4.27,50.337414,7.680516
071415010103,Rheinland-Pfalz,Rhein-Lahn-Kreis,Obernhof,56379,387,3.86,50.317497,7.852927
071415010106,Rheinland-Pfalz,Rhein-Lahn-Kreis,Oberwies,56379,147,2.02,50.287391,7.78014
071415010111,Rheinland-Pfalz,Rhein-Lahn-Kreis,Pohl,56357,339,4.23,50.250346,7.866009
071415010127,Rheinland-Pfalz,Rhein-Lahn-Kreis,Schweighausen,56377,219,3.66,50.280626,7.754003
071415010128,Rheinland-Pfalz,Rhein-Lahn-Kreis,Seelbach,56377,451,7.25,50.308433,7.872599
071415010129,Rheinland-Pfalz,Rhein-Lahn-Kreis,Singhofen,56379,1771,15.67,50.274405,7.836103
071415010132,Rheinland-Pfalz,Rhein-Lahn-Kreis,Sulzbach,56379,184,2.23,50.302554,7.751923
071415010135,Rheinland-Pfalz,Rhein-Lahn-Kreis,Weinähr,56379,434,3.4,50.319766,7.843955
071415010139,Rheinland-Pfalz,Rhein-Lahn-Kreis,Winden,56379,714,6.94,50.338186,7.830885
071415010141,Rheinland-Pfalz,Rhein-Lahn-Kreis,Zimmerschied,56379,98,2.18,50.352218,7.782555
071415010201,Rheinland-Pfalz,Rhein-Lahn-Kreis,Arzbach,56337,1680,9.92,50.379222,7.747792
071415011001,Rheinland-Pfalz,Rhein-Lahn-Kreis,Allendorf,56370,593,3.03,50.26803,7.998345
071415011010,Rheinland-Pfalz,Rhein-Lahn-Kreis,Berghausen,56368,296,4.38,50.258747,8.00614
071415011011,Rheinland-Pfalz,Rhein-Lahn-Kreis,Berndroth,56370,415,6.21,50.236854,7.967617
071415011013,Rheinland-Pfalz,Rhein-Lahn-Kreis,Biebrich,56370,323,3.45,50.303093,7.954252
071415011018,Rheinland-Pfalz,Rhein-Lahn-Kreis,Bremberg,56370,263,6.07,50.305995,7.921078
071415011020,Rheinland-Pfalz,Rhein-Lahn-Kreis,Burgschwalbach,65558,1068,9.2,50.283316,8.078489
071415011032,Rheinland-Pfalz,Rhein-Lahn-Kreis,Dörsdorf,56370,413,4.87,50.247175,8.009729
071415011034,Rheinland-Pfalz,Rhein-Lahn-Kreis,Ebertshausen,56370,125,2.57,50.28207,7.982116
071415011036,Rheinland-Pfalz,Rhein-Lahn-Kreis,Eisighofen,56370,294,5.43,50.239704,8.018083
071415011039,Rheinland-Pfalz,Rhein-Lahn-Kreis,Ergeshausen,56368,123,2.25,50.271826,7.941085
071415011043,Rheinland-Pfalz,Rhein-Lahn-Kreis,Flacht,65558,964,4.44,50.343302,8.049755
071415011050,Rheinland-Pfalz,Rhein-Lahn-Kreis,Gutenacker,56370,356,3.83,50.319634,7.921946
071415011051,Rheinland-Pfalz,Rhein-Lahn-Kreis,Hahnstätten,65623,3008,10.8,50.304439,8.069685
071415011054,Rheinland-Pfalz,Rhein-Lahn-Kreis,Herold,56368,384,4.09,50.278017,7.934103
071415011065,Rheinland-Pfalz,Rhein-Lahn-Kreis,Kaltenholzhausen,65558,540,6.06,50.300507,8.104056
071415011068,Rheinland-Pfalz,Rhein-Lahn-Kreis,"Katzenelnbogen, Stadt",56368,2259,9.18,50.267629,7.976385
071415011073,Rheinland-Pfalz,Rhein-Lahn-Kreis,Klingelbach,56368,806,5.14,50.273541,7.969677
071415011074,Rheinland-Pfalz,Rhein-Lahn-Kreis,Kördorf,56370,561,7.81,50.286957,7.919677
071415011081,Rheinland-Pfalz,Rhein-Lahn-Kreis,Lohrheim,65558,590,4.03,50.318264,8.049653
071415011088,Rheinland-Pfalz,Rhein-Lahn-Kreis,Mittelfischbach,56370,159,1.84,50.253653,7.961491
071415011089,Rheinland-Pfalz,Rhein-Lahn-Kreis,Mudershausen,65623,457,4.72,50.27893,8.040103
071415011093,Rheinland-Pfalz,Rhein-Lahn-Kreis,Netzbach,65623,352,3.39,50.316328,8.092607
071415011095,Rheinland-Pfalz,Rhein-Lahn-Kreis,Niederneisen,65629,1463,7.94,50.335639,8.054726
071415011096,Rheinland-Pfalz,Rhein-Lahn-Kreis,Niedertiefenbach,56368,185,4.02,50.255061,7.896057
071415011101,Rheinland-Pfalz,Rhein-Lahn-Kreis,Oberfischbach,56370,142,5.05,50.24865,7.955148
071415011102,Rheinland-Pfalz,Rhein-Lahn-Kreis,Oberneisen,65558,722,4.53,50.326391,8.072855
071415011113,Rheinland-Pfalz,Rhein-Lahn-Kreis,Reckenroth,56370,244,3.48,50.228334,8.021418
071415011117,Rheinland-Pfalz,Rhein-Lahn-Kreis,Rettert,56370,453,5.79,50.230979,7.938249
071415011118,Rheinland-Pfalz,Rhein-Lahn-Kreis,Roth,56368,186,3.4,50.267074,7.895567
071415011125,Rheinland-Pfalz,Rhein-Lahn-Kreis,Schiesheim,65623,269,1.43,50.275884,8.053627
071415011126,Rheinland-Pfalz,Rhein-Lahn-Kreis,Schönborn,56370,716,11.71,50.302256,7.997004
071435001206,Rheinland-Pfalz,Westerwaldkreis,"Bad Marienberg (Westerwald), Stadt",56470,6101,9.95,50.651469,7.950685
071435001211,Rheinland-Pfalz,Westerwaldkreis,Bölsberg,57648,221,1.46,50.668614,7.914729
071435001216,Rheinland-Pfalz,Westerwaldkreis,Dreisbach,56472,574,4.62,50.616898,7.932419
071435001222,Rheinland-Pfalz,Westerwaldkreis,Fehl-Ritzhausen,56472,798,4.02,50.643336,8.000586
071435001227,Rheinland-Pfalz,Westerwaldkreis,Großseifen,56472,616,1.52,50.633923,7.968292
071435001231,Rheinland-Pfalz,Westerwaldkreis,Hahn bei Marienberg,56472,453,2.2,50.632633,7.941251
071435001234,Rheinland-Pfalz,Westerwaldkreis,Hardt,56472,466,1.88,50.634415,7.917314
071435001243,Rheinland-Pfalz,Westerwaldkreis,Hof,56472,1320,8.08,50.666559,8.014413
071435001248,Rheinland-Pfalz,Westerwaldkreis,Kirburg,57629,592,4.06,50.676458,7.923292
071435001253,Rheinland-Pfalz,Westerwaldkreis,Langenbach bei Kirburg,57520,1102,5.53,50.704066,7.938937
071435001255,Rheinland-Pfalz,Westerwaldkreis,Lautzenbrücken,56472,455,4.28,50.672639,7.964996
071435001264,Rheinland-Pfalz,Westerwaldkreis,Mörlen,57583,534,3.08,50.697504,7.883815
071435001270,Rheinland-Pfalz,Westerwaldkreis,Neunkhausen,57520,1040,7.9,50.706041,7.903587
071435001277,Rheinland-Pfalz,Westerwaldkreis,Nisterau,56472,834,3.26,50.656884,7.989124
071435001279,Rheinland-Pfalz,Westerwaldkreis,Nistertal,57647,1168,3.94,50.626792,7.89282
071435001280,Rheinland-Pfalz,Westerwaldkreis,Norken,57629,978,6.04,50.671829,7.897919
071435001297,Rheinland-Pfalz,Westerwaldkreis,Stockhausen-Illfurth,56472,422,3.24,50.646293,7.988135
071435001300,Rheinland-Pfalz,Westerwaldkreis,Unnau,57648,1977,8.1,50.648743,7.907951
071435002202,Rheinland-Pfalz,Westerwaldkreis,Alpenrod,57642,1650,12.14,50.631178,7.869988
071435002204,Rheinland-Pfalz,Westerwaldkreis,Astert,57627,261,2.39,50.691957,7.779931
071435002205,Rheinland-Pfalz,Westerwaldkreis,Atzelgift,57629,622,2.74,50.696325,7.824783
071435002212,Rheinland-Pfalz,Westerwaldkreis,Borod,57614,561,3.17,50.666359,7.708861
071435002215,Rheinland-Pfalz,Westerwaldkreis,Dreifelden,57629,284,5.1,50.591401,7.835422
071435002223,Rheinland-Pfalz,Westerwaldkreis,Gehlert,57627,596,5.2,50.640175,7.828521
071435002225,Rheinland-Pfalz,Westerwaldkreis,Giesenhausen,57612,334,4.87,50.701819,7.718675
071435002229,Rheinland-Pfalz,Westerwaldkreis,"Hachenburg, Stadt",57627,6390,21.43,50.660595,7.824153
071435002235,Rheinland-Pfalz,Westerwaldkreis,Hattert,57644,1761,11.55,50.667929,7.770903
071435002236,Rheinland-Pfalz,Westerwaldkreis,Heimborn,57629,282,3.75,50.708997,7.755328
071435002240,Rheinland-Pfalz,Westerwaldkreis,Heuzert,57627,121,2.16,50.697905,7.759156
071435002241,Rheinland-Pfalz,Westerwaldkreis,Höchstenbach,57629,724,5.74,50.63191,7.743499
071435002250,Rheinland-Pfalz,Westerwaldkreis,Kroppach,57612,780,4.01,50.695784,7.737747
071435002252,Rheinland-Pfalz,Westerwaldkreis,Kundert,57629,280,3.13,50.716421,7.790701
071435002257,Rheinland-Pfalz,Westerwaldkreis,Limbach,57629,407,3.69,50.701462,7.799778
071435002258,Rheinland-Pfalz,Westerwaldkreis,Linden,57629,145,2.52,50.60202,7.850464
071435002259,Rheinland-Pfalz,Westerwaldkreis,Lochum,57629,289,4.65,50.609356,7.859443
071435002260,Rheinland-Pfalz,Westerwaldkreis,Luckenbach,57629,714,3.61,50.704226,7.833957
071435002261,Rheinland-Pfalz,Westerwaldkreis,Marzhausen,57627,256,3.04,50.688672,7.755205
071435002262,Rheinland-Pfalz,Westerwaldkreis,Merkelbach,57629,446,2.56,50.644132,7.769361
071435002265,Rheinland-Pfalz,Westerwaldkreis,Mörsbach,57629,402,5.91,50.723284,7.778147
071435002267,Rheinland-Pfalz,Westerwaldkreis,Mudenbach,57614,763,4.78,50.66828,7.733366
071435002268,Rheinland-Pfalz,Westerwaldkreis,Mündersbach,56271,787,9.24,50.605346,7.732788
071435002269,Rheinland-Pfalz,Westerwaldkreis,Müschenbach,57629,967,3.51,50.679895,7.78504
071435002276,Rheinland-Pfalz,Westerwaldkreis,Nister,57645,1089,5.44,50.675237,7.834847
071435002287,Rheinland-Pfalz,Westerwaldkreis,Roßbach,56271,874,7.48,50.604538,7.682226
071435002294,Rheinland-Pfalz,Westerwaldkreis,Steinebach an der Wied,57629,822,8.3,50.610775,7.803557
071435002296,Rheinland-Pfalz,Westerwaldkreis,Stein-Wingert,57629,215,3.5,50.721626,7.739309
071435002299,Rheinland-Pfalz,Westerwaldkreis,Streithausen,57629,483,3.93,50.690211,7.816587
071435002301,Rheinland-Pfalz,Westerwaldkreis,Wahlrod,57614,913,6.01,50.651182,7.715533
071435002306,Rheinland-Pfalz,Westerwaldkreis,Welkenbach,57644,157,2.3,50.632214,7.725159
071435002310,Rheinland-Pfalz,Westerwaldkreis,Wied,57629,537,4.68,50.637823,7.755416
071435002313,Rheinland-Pfalz,Westerwaldkreis,Winkelbach,57644,234,1.34,50.642742,7.73325
071435003030,Rheinland-Pfalz,Westerwaldkreis,Hilgert,56206,1540,4.57,50.455738,7.689004
071435003031,Rheinland-Pfalz,Westerwaldkreis,Hillscheid,56204,2438,14.08,50.402861,7.696086
071435003032,Rheinland-Pfalz,Westerwaldkreis,"Höhr-Grenzhausen, Stadt",56203,9354,15.88,50.434108,7.66835
071435003040,Rheinland-Pfalz,Westerwaldkreis,Kammerforst,56206,257,1.33,50.462408,7.676389
071435004005,Rheinland-Pfalz,Westerwaldkreis,Boden,56412,681,2.3,50.472876,7.856785
071435004008,Rheinland-Pfalz,Westerwaldkreis,Daubach,56412,487,2.51,50.392699,7.84655
071435004013,Rheinland-Pfalz,Westerwaldkreis,Eitelborn,56337,2502,7.12,50.377278,7.721646
071435004020,Rheinland-Pfalz,Westerwaldkreis,Gackenbach,56412,541,4.75,50.367145,7.856213
071435004021,Rheinland-Pfalz,Westerwaldkreis,Girod,56412,1216,7.46,50.450715,7.910898
071435004023,Rheinland-Pfalz,Westerwaldkreis,Görgeshausen,56412,971,3.25,50.409197,7.955085
071435004024,Rheinland-Pfalz,Westerwaldkreis,Großholbach,56412,972,3.92,50.447761,7.893295
071435004026,Rheinland-Pfalz,Westerwaldkreis,Heilberscheid,56412,641,6.36,50.411216,7.892491
071435004027,Rheinland-Pfalz,Westerwaldkreis,Heiligenroth,56412,1458,5.99,50.449798,7.863387
071435004033,Rheinland-Pfalz,Westerwaldkreis,Holler,56412,1005,4.53,50.412335,7.834451
071435004034,Rheinland-Pfalz,Westerwaldkreis,Horbach,56412,701,3.93,50.373894,7.85137
071435004036,Rheinland-Pfalz,Westerwaldkreis,Hübingen,56412,524,3.56,50.35855,7.843481
071435004039,Rheinland-Pfalz,Westerwaldkreis,Kadenbach,56337,1304,4.45,50.386876,7.72874
071435004048,Rheinland-Pfalz,Westerwaldkreis,"Montabaur, Stadt",56410,14937,33.77,50.436232,7.827159
071435004051,Rheinland-Pfalz,Westerwaldkreis,Nentershausen,56412,2061,7.55,50.420064,7.935247
071435004052,Rheinland-Pfalz,Westerwaldkreis,Neuhäusel,56335,2009,1.67,50.384057,7.709698
071435004053,Rheinland-Pfalz,Westerwaldkreis,Niederelbert,56412,1763,10.25,50.408124,7.812119
071435004054,Rheinland-Pfalz,Westerwaldkreis,Niedererbach,56412,1045,4.44,50.426841,7.977313
071435004055,Rheinland-Pfalz,Westerwaldkreis,Nomborn,56412,650,4.0,50.427613,7.913328
071435004057,Rheinland-Pfalz,Westerwaldkreis,Oberelbert,56412,1225,3.45,50.389904,7.816133
071435004065,Rheinland-Pfalz,Westerwaldkreis,Ruppach-Goldhausen,56412,1218,4.4,50.463234,7.880475
071435004071,Rheinland-Pfalz,Westerwaldkreis,Simmern,56337,1507,9.09,50.389969,7.673094
071435004072,Rheinland-Pfalz,Westerwaldkreis,Stahlhofen,56412,719,2.98,50.392752,7.857828
071435004077,Rheinland-Pfalz,Westerwaldkreis,Untershausen,56412,524,1.92,50.400524,7.844629
071435004079,Rheinland-Pfalz,Westerwaldkreis,Welschneudorf,56412,973,7.77,50.371558,7.797824
071435005001,Rheinland-Pfalz,Westerwaldkreis,Alsbach,56237,633,4.73,50.464108,7.662053
071435005006,Rheinland-Pfalz,Westerwaldkreis,Breitenau,56237,721,6.03,50.497404,7.689527
071435005007,Rheinland-Pfalz,Westerwaldkreis,Caan,56237,658,3.45,50.472762,7.612809
071435005009,Rheinland-Pfalz,Westerwaldkreis,Deesen,56237,785,3.4,50.50982,7.700114
071435005038,Rheinland-Pfalz,Westerwaldkreis,Hundsdorf,56235,445,1.4,50.470276,7.702876
071435005050,Rheinland-Pfalz,Westerwaldkreis,Nauort,56237,2339,6.42,50.466149,7.624192
071435005059,Rheinland-Pfalz,Westerwaldkreis,Oberhaid,56237,387,1.92,50.508422,7.719068
071435005062,Rheinland-Pfalz,Westerwaldkreis,"Ransbach-Baumbach, Stadt",56235,8178,12.15,50.468403,7.730836
071435005068,Rheinland-Pfalz,Westerwaldkreis,Sessenbach,56237,514,2.79,50.475772,7.64577
071435005082,Rheinland-Pfalz,Westerwaldkreis,Wirscheid,56237,348,2.68,50.477128,7.668631
071435005084,Rheinland-Pfalz,Westerwaldkreis,Wittgert,56237,633,4.68,50.496697,7.698238
071435006214,Rheinland-Pfalz,Westerwaldkreis,Bretthausen,56479,214,3.38,50.672136,8.07441
071435006218,Rheinland-Pfalz,Westerwaldkreis,Elsoff (Westerwald),56479,1002,9.44,50.574362,8.117083
071435006237,Rheinland-Pfalz,Westerwaldkreis,Hellenhahn-Schellenberg,56479,1237,7.28,50.61068,8.024118
071435006244,Rheinland-Pfalz,Westerwaldkreis,Homberg,56479,196,2.16,50.640944,8.105589
071435006245,Rheinland-Pfalz,Westerwaldkreis,Hüblingen,56479,284,4.5,50.565789,8.086647
071435006246,Rheinland-Pfalz,Westerwaldkreis,Irmtraut,56479,791,4.52,50.554954,8.060456
071435006256,Rheinland-Pfalz,Westerwaldkreis,Liebenscheid,56479,845,10.56,50.695669,8.094292
071435006271,Rheinland-Pfalz,Westerwaldkreis,Neunkirchen,56479,554,6.61,50.545474,8.103406
071435006272,Rheinland-Pfalz,Westerwaldkreis,Neustadt/ Westerwald,56479,568,2.8,50.630679,8.039972
071435006274,Rheinland-Pfalz,Westerwaldkreis,Niederroßbach,56479,731,4.39,50.640389,8.032252
071435006278,Rheinland-Pfalz,Westerwaldkreis,Nister-Möhrendorf,56477,299,2.97,50.657462,8.076546
071435006282,Rheinland-Pfalz,Westerwaldkreis,Oberrod,56479,636,6.72,50.584862,8.125137
071435006283,Rheinland-Pfalz,Westerwaldkreis,Oberroßbach,56479,371,2.81,50.652664,8.038235
071435006285,Rheinland-Pfalz,Westerwaldkreis,Rehe,56479,927,7.41,50.634351,8.119798
071435006286,Rheinland-Pfalz,Westerwaldkreis,"Rennerod, Stadt",56477,4443,18.14,50.610134,8.066591
071435006291,Rheinland-Pfalz,Westerwaldkreis,Salzburg,56479,233,2.3,50.667835,8.046635
071435006292,Rheinland-Pfalz,Westerwaldkreis,Seck,56479,1170,8.61,50.576819,8.048049
071435006295,Rheinland-Pfalz,Westerwaldkreis,Stein-Neukirch,56479,448,7.18,50.673939,8.047186
071435006302,Rheinland-Pfalz,Westerwaldkreis,Waigandshain,56477,199,4.04,50.64388,8.083579
071435006303,Rheinland-Pfalz,Westerwaldkreis,Waldmühlen,56479,315,3.1,50.587006,8.061458
071435006309,Rheinland-Pfalz,Westerwaldkreis,Westernohe,56479,990,7.5,50.587473,8.098794
071435006311,Rheinland-Pfalz,Westerwaldkreis,Willingen,56479,279,3.68,50.667278,8.087468
071435006315,Rheinland-Pfalz,Westerwaldkreis,Zehnhausen bei Rennerod,56477,367,2.96,50.646234,8.059359
071435007015,Rheinland-Pfalz,Westerwaldkreis,Ellenhausen,56242,304,1.9,50.515578,7.724221
071435007018,Rheinland-Pfalz,Westerwaldkreis,Freilingen,56244,724,3.67,50.55917,7.834712
071435007019,Rheinland-Pfalz,Westerwaldkreis,Freirachdorf,56244,711,4.28,50.582821,7.713416
071435007022,Rheinland-Pfalz,Westerwaldkreis,Goddert,56244,426,2.39,50.548259,7.744725
071435007025,Rheinland-Pfalz,Westerwaldkreis,Hartenfels,56244,773,8.2,50.571724,7.785433
071435007029,Rheinland-Pfalz,Westerwaldkreis,Herschbach,56249,3022,15.74,50.574191,7.738599
071435007041,Rheinland-Pfalz,Westerwaldkreis,Krümmel,56244,300,2.21,50.535279,7.722348
071435007044,Rheinland-Pfalz,Westerwaldkreis,Marienrachdorf,56242,1031,5.03,50.551588,7.713522
071435007045,Rheinland-Pfalz,Westerwaldkreis,Maroth,56271,255,3.43,50.575999,7.68755
071435007046,Rheinland-Pfalz,Westerwaldkreis,Maxsain,56244,971,13.47,50.543687,7.786441
071435007056,Rheinland-Pfalz,Westerwaldkreis,Nordhofen,56242,525,3.86,50.516866,7.751683
071435007061,Rheinland-Pfalz,Westerwaldkreis,Quirnbach,56242,492,3.08,50.519858,7.796347
071435007064,Rheinland-Pfalz,Westerwaldkreis,Rückeroth,56244,475,3.47,50.560058,7.743748
071435007066,Rheinland-Pfalz,Westerwaldkreis,Schenkelberg,56244,629,3.51,50.580571,7.781031
071435007067,Rheinland-Pfalz,Westerwaldkreis,"Selters (Westerwald), Stadt",56242,2927,8.7,50.530329,7.755403
071435007069,Rheinland-Pfalz,Westerwaldkreis,Sessenhausen,56244,865,5.48,50.52689,7.71502
071435007075,Rheinland-Pfalz,Westerwaldkreis,Steinen,56244,206,4.21,50.573872,7.810464
071435007078,Rheinland-Pfalz,Westerwaldkreis,Vielbach,56244,564,4.52,50.509285,7.773307
071435007085,Rheinland-Pfalz,Westerwaldkreis,Wölferlingen,56244,464,8.25,50.563703,7.852519
071435007221,Rheinland-Pfalz,Westerwaldkreis,Ewighausen,56244,234,2.54,50.533771,7.826947
071435007305,Rheinland-Pfalz,Westerwaldkreis,Weidenhahn,56244,558,3.23,50.544236,7.835251
071435008011,Rheinland-Pfalz,Westerwaldkreis,Dreikirchen,56414,1013,3.71,50.446109,7.955072
071435008037,Rheinland-Pfalz,Westerwaldkreis,Hundsangen,56414,1925,7.63,50.452588,7.98814
071435008058,Rheinland-Pfalz,Westerwaldkreis,Obererbach,56414,505,2.6,50.442095,7.966948
071435008074,Rheinland-Pfalz,Westerwaldkreis,Steinefrenz,56414,761,4.85,50.459262,7.933161
071435008080,Rheinland-Pfalz,Westerwaldkreis,Weroth,56414,552,2.53,50.459377,7.949261
071435008203,Rheinland-Pfalz,Westerwaldkreis,Arnshöfen,56244,175,2.94,50.540299,7.867673
071435008208,Rheinland-Pfalz,Westerwaldkreis,Berod bei Wallmerod,56414,553,3.92,50.480168,7.936828
071435008210,Rheinland-Pfalz,Westerwaldkreis,Bilkheim,56414,458,2.66,50.49721,7.948266
071435008220,Rheinland-Pfalz,Westerwaldkreis,Ettinghausen,56244,333,2.38,50.516357,7.87269
071435008232,Rheinland-Pfalz,Westerwaldkreis,Hahn am See,56244,417,3.7,50.524386,7.889668
071435008239,Rheinland-Pfalz,Westerwaldkreis,Herschbach (Oberwesterwald),56414,961,4.63,50.505286,7.926335
071435008251,Rheinland-Pfalz,Westerwaldkreis,Kuhnhöfen,56244,154,1.67,50.531885,7.861931
071435008263,Rheinland-Pfalz,Westerwaldkreis,Meudt,56414,1853,14.68,50.49339,7.896912
071435008266,Rheinland-Pfalz,Westerwaldkreis,Molsberg,56414,442,3.65,50.483071,7.969194
071435008273,Rheinland-Pfalz,Westerwaldkreis,Niederahr,56414,816,4.02,50.491504,7.861098
071435008281,Rheinland-Pfalz,Westerwaldkreis,Oberahr,56414,546,4.27,50.503102,7.866713
071435008290,Rheinland-Pfalz,Westerwaldkreis,Salz,56414,875,4.96,50.508872,7.958497
071435008304,Rheinland-Pfalz,Westerwaldkreis,Wallmerod,56414,1528,2.65,50.4852,7.951821
071435008316,Rheinland-Pfalz,Westerwaldkreis,Zehnhausen bei Wallmerod,56414,196,1.58,50.47475,7.923623
071435008501,Rheinland-Pfalz,Westerwaldkreis,Elbingen,56459,358,2.29,50.527839,7.909828
071435008502,Rheinland-Pfalz,Westerwaldkreis,Mähren,56459,210,1.59,50.523213,7.92117
071435009200,Rheinland-Pfalz,Westerwaldkreis,Ailertchen,56459,665,5.58,50.59846,7.940135
071435009207,Rheinland-Pfalz,Westerwaldkreis,Bellingen,56459,617,4.29,50.592051,7.905495
071435009209,Rheinland-Pfalz,Westerwaldkreis,Berzhahn,56459,487,3.27,50.538756,8.004398
071435009213,Rheinland-Pfalz,Westerwaldkreis,Brandscheid,56459,499,3.03,50.55899,7.919086
071435009219,Rheinland-Pfalz,Westerwaldkreis,Enspel,57647,280,1.46,50.617023,7.88465
071435009224,Rheinland-Pfalz,Westerwaldkreis,Gemünden,56459,1053,5.19,50.558252,8.017153
071435009226,Rheinland-Pfalz,Westerwaldkreis,Girkenroth,56459,619,2.77,50.5208,7.969091
071435009228,Rheinland-Pfalz,Westerwaldkreis,Guckheim,56459,998,3.77,50.529277,7.947687
071435009230,Rheinland-Pfalz,Westerwaldkreis,Härtlingen,56459,385,3.2,50.539935,7.915105
071435009233,Rheinland-Pfalz,Westerwaldkreis,Halbs,56457,350,2.12,50.590281,7.962362
071435009238,Rheinland-Pfalz,Westerwaldkreis,Hergenroth,56457,449,1.89,50.581311,7.972902
071435009242,Rheinland-Pfalz,Westerwaldkreis,Höhn,56462,3160,13.68,50.619104,7.986337
071435009247,Rheinland-Pfalz,Westerwaldkreis,Kaden,56459,569,2.24,50.547667,7.914787
071435009249,Rheinland-Pfalz,Westerwaldkreis,Kölbingen,56459,1030,4.07,50.551956,7.934284
071435009254,Rheinland-Pfalz,Westerwaldkreis,Langenhahn,56459,1361,5.75,50.583308,7.918297
071435009284,Rheinland-Pfalz,Westerwaldkreis,Pottum,56459,1076,4.36,50.597669,8.000709
071435009288,Rheinland-Pfalz,Westerwaldkreis,Rotenhain,56459,484,4.1,50.599148,7.882879
071435009289,Rheinland-Pfalz,Westerwaldkreis,Rothenbach,56459,960,6.74,50.564072,7.900827
071435009293,Rheinland-Pfalz,Westerwaldkreis,Stahlhofen am Wiesensee,56459,383,2.42,50.587196,7.989171
071435009298,Rheinland-Pfalz,Westerwaldkreis,Stockum-Püschen,56459,644,3.54,50.6056,7.901037
071435009307,Rheinland-Pfalz,Westerwaldkreis,Weltersburg,56459,300,2.66,50.523262,7.957829
071435009308,Rheinland-Pfalz,Westerwaldkreis,"Westerburg, Stadt",56457,6041,18.48,50.563166,7.970023
071435009312,Rheinland-Pfalz,Westerwaldkreis,Willmenrod,56459,663,3.63,50.540284,7.979439
071435009314,Rheinland-Pfalz,Westerwaldkreis,Winnen,56459,502,3.26,50.571978,8.010154
071435010003,Rheinland-Pfalz,Westerwaldkreis,Bannberscheid,56424,687,1.87,50.472029,7.837632
071435010010,Rheinland-Pfalz,Westerwaldkreis,Dernbach (Westerwald),56428,2561,8.76,50.456503,7.790351
071435010012,Rheinland-Pfalz,Westerwaldkreis,Ebernhahn,56424,1341,3.31,50.472174,7.769891
071435010028,Rheinland-Pfalz,Westerwaldkreis,Helferskirchen,56244,1255,5.0,50.512795,7.814659
071435010042,Rheinland-Pfalz,Westerwaldkreis,Leuterod,56244,850,3.88,50.494222,7.819322
071435010047,Rheinland-Pfalz,Westerwaldkreis,Mogendorf,56424,1285,4.22,50.493943,7.760042
071435010049,Rheinland-Pfalz,Westerwaldkreis,Moschheim,56424,767,3.44,50.478498,7.841315
071435010060,Rheinland-Pfalz,Westerwaldkreis,Ötzingen,56244,1378,5.98,50.49939,7.830601
071435010070,Rheinland-Pfalz,Westerwaldkreis,Siershahn,56427,2965,4.42,50.484704,7.778589
071435010073,Rheinland-Pfalz,Westerwaldkreis,Staudt,56424,1274,2.65,50.465019,7.827296
071435010081,Rheinland-Pfalz,Westerwaldkreis,"Wirges, Stadt",56422,5735,10.11,50.471632,7.796234
071435010275,Rheinland-Pfalz,Westerwaldkreis,Niedersayn,56244,163,2.8,50.528922,7.83139
072110000000,Rheinland-Pfalz,"Trier, kreisfreie Stadt","Trier, Stadt",54290,105054,117.06,49.757603,6.638021
072310134134,Rheinland-Pfalz,Bernkastel-Wittlich,"Wittlich, Stadt",54516,19186,49.64,49.98627,6.889134
072310502502,Rheinland-Pfalz,Bernkastel-Wittlich,Morbach,54497,10473,122.26,49.810561,7.119853
072315001008,Rheinland-Pfalz,Bernkastel-Wittlich,"Bernkastel-Kues, Stadt",54470,6682,23.71,49.915468,7.075291
072315001012,Rheinland-Pfalz,Bernkastel-Wittlich,Brauneberg,54472,1116,12.23,49.909304,6.989195
072315001016,Rheinland-Pfalz,Bernkastel-Wittlich,Burgen,54472,581,7.78,49.880668,7.000219
072315001030,Rheinland-Pfalz,Bernkastel-Wittlich,Erden,54492,434,3.69,49.977555,7.023064
072315001040,Rheinland-Pfalz,Bernkastel-Wittlich,Gornhausen,54472,203,5.3,49.859943,7.046748
072315001041,Rheinland-Pfalz,Bernkastel-Wittlich,Graach an der Mosel,54470,626,8.62,49.935493,7.064328
072315001056,Rheinland-Pfalz,Bernkastel-Wittlich,Hochscheid,54472,253,15.4,49.874917,7.217797
072315001066,Rheinland-Pfalz,Bernkastel-Wittlich,Kesten,54518,339,3.8,49.900891,6.955777
072315001070,Rheinland-Pfalz,Bernkastel-Wittlich,Kleinich,54483,678,20.31,49.893436,7.186822
072315001071,Rheinland-Pfalz,Bernkastel-Wittlich,Kommen,54472,290,2.82,49.879352,7.129017
072315001075,Rheinland-Pfalz,Bernkastel-Wittlich,Lieser,54470,1240,5.43,49.919342,7.021045
072315001076,Rheinland-Pfalz,Bernkastel-Wittlich,Lösnich,54492,503,2.53,49.973649,7.043308
072315001077,Rheinland-Pfalz,Bernkastel-Wittlich,Longkamp,54472,1108,11.5,49.890367,7.119286
072315001081,Rheinland-Pfalz,Bernkastel-Wittlich,Maring-Noviand,54484,1354,12.23,49.928466,6.986395
072315001086,Rheinland-Pfalz,Bernkastel-Wittlich,Minheim,54518,462,5.4,49.86622,6.933853
072315001087,Rheinland-Pfalz,Bernkastel-Wittlich,Monzelfeld,54472,1324,12.51,49.89108,7.074778
072315001090,Rheinland-Pfalz,Bernkastel-Wittlich,Mülheim an der Mosel,54486,936,4.92,49.911066,7.007224
072315001092,Rheinland-Pfalz,Bernkastel-Wittlich,Neumagen-Dhron,54347,2312,16.28,49.855692,6.896204
072315001105,Rheinland-Pfalz,Bernkastel-Wittlich,Piesport,54498,2000,19.6,49.886545,6.915778
072315001125,Rheinland-Pfalz,Bernkastel-Wittlich,Ürzig,54539,873,6.04,49.981694,7.003805
072315001126,Rheinland-Pfalz,Bernkastel-Wittlich,Veldenz,54472,931,14.39,49.889337,7.023266
072315001133,Rheinland-Pfalz,Bernkastel-Wittlich,Wintrich,54487,917,17.59,49.882472,6.953207
072315001136,Rheinland-Pfalz,Bernkastel-Wittlich,Zeltingen-Rachtig,54492,2113,16.92,49.95521,7.017527
072315006006,Rheinland-Pfalz,Bernkastel-Wittlich,Berglicht,54426,463,7.55,49.788148,6.96824
072315006017,Rheinland-Pfalz,Bernkastel-Wittlich,Burtscheid,54424,117,2.99,49.732126,6.956734
072315006018,Rheinland-Pfalz,Bernkastel-Wittlich,Deuselbach,54411,283,4.02,49.753106,7.050884
072315006019,Rheinland-Pfalz,Bernkastel-Wittlich,Dhronecken,54426,126,1.45,49.72636,6.982714
072315006032,Rheinland-Pfalz,Bernkastel-Wittlich,Etgert,54424,67,3.75,49.779148,7.021832
072315006035,Rheinland-Pfalz,Bernkastel-Wittlich,Gielert,54424,130,4.09,49.77501,7.003818
072315006042,Rheinland-Pfalz,Bernkastel-Wittlich,Gräfendhron,54426,101,3.13,49.793256,6.994096
072315006054,Rheinland-Pfalz,Bernkastel-Wittlich,Hilscheid,54426,270,17.98,49.731524,7.00483
072315006058,Rheinland-Pfalz,Bernkastel-Wittlich,Horath,54497,427,11.89,49.811594,6.986249
072315006064,Rheinland-Pfalz,Bernkastel-Wittlich,Immert,54426,164,3.14,49.765169,7.020323
072315006078,Rheinland-Pfalz,Bernkastel-Wittlich,Lückenburg,54424,97,2.57,49.742899,6.966795
072315006079,Rheinland-Pfalz,Bernkastel-Wittlich,Malborn,54426,1376,26.38,49.715946,6.987872
072315006083,Rheinland-Pfalz,Bernkastel-Wittlich,Merschbach,54426,58,3.2,49.803413,7.005139
072315006093,Rheinland-Pfalz,Bernkastel-Wittlich,Neunkirchen,54426,157,3.16,49.750159,6.943534
072315006112,Rheinland-Pfalz,Bernkastel-Wittlich,Rorodt,54411,56,3.41,49.768827,7.04955
072315006115,Rheinland-Pfalz,Bernkastel-Wittlich,Schönberg,54426,241,5.1,49.756335,6.922522
072315006122,Rheinland-Pfalz,Bernkastel-Wittlich,Talling,54426,245,3.9,49.760594,6.953337
072315006123,Rheinland-Pfalz,Bernkastel-Wittlich,Thalfang,54424,1866,19.42,49.754526,6.995564
072315006202,Rheinland-Pfalz,Bernkastel-Wittlich,Breit,54426,332,4.0,49.776095,6.906239
072315006203,Rheinland-Pfalz,Bernkastel-Wittlich,Büdlich,54426,212,4.02,49.7809,6.903219
072315006204,Rheinland-Pfalz,Bernkastel-Wittlich,Heidenburg,54426,701,9.49,49.800618,6.917787
072315008001,Rheinland-Pfalz,Bernkastel-Wittlich,Altrich,54518,1703,16.25,49.956432,6.910954
072315008003,Rheinland-Pfalz,Bernkastel-Wittlich,Arenrath,54518,372,6.78,49.952722,6.741783
072315008007,Rheinland-Pfalz,Bernkastel-Wittlich,Bergweiler,54518,838,13.22,49.965864,6.82427
072315008009,Rheinland-Pfalz,Bernkastel-Wittlich,Bettenfeld,54533,664,17.29,50.085477,6.759889
072315008010,Rheinland-Pfalz,Bernkastel-Wittlich,Binsfeld,54518,1257,9.95,49.964485,6.706661
072315008013,Rheinland-Pfalz,Bernkastel-Wittlich,Bruch,54518,498,8.64,49.956465,6.785289
072315008021,Rheinland-Pfalz,Bernkastel-Wittlich,Dierfeld,54533,15,1.55,50.083963,6.88919
072315008022,Rheinland-Pfalz,Bernkastel-Wittlich,Dierscheid,54523,167,2.43,49.898992,6.75785
072315008023,Rheinland-Pfalz,Bernkastel-Wittlich,Dodenburg,54518,94,3.84,49.912897,6.778028
072315008024,Rheinland-Pfalz,Bernkastel-Wittlich,Dreis,54518,1385,11.25,49.940604,6.815341
072315008025,Rheinland-Pfalz,Bernkastel-Wittlich,Eckfeld,54531,367,12.73,50.109768,6.844901
072315008026,Rheinland-Pfalz,Bernkastel-Wittlich,Eisenschmitt,54533,338,10.81,50.043282,6.720893
072315008031,Rheinland-Pfalz,Bernkastel-Wittlich,Esch,54518,426,2.29,49.896357,6.848887
072315008036,Rheinland-Pfalz,Bernkastel-Wittlich,Gipperath,54533,229,4.87,50.039567,6.861821
072315008037,Rheinland-Pfalz,Bernkastel-Wittlich,Gladbach,54518,368,3.62,49.936425,6.768882
072315008044,Rheinland-Pfalz,Bernkastel-Wittlich,Greimerath,54533,286,3.76,50.04064,6.909056
072315008046,Rheinland-Pfalz,Bernkastel-Wittlich,Großlittgen,54534,1072,13.24,50.02524,6.798634
072315008049,Rheinland-Pfalz,Bernkastel-Wittlich,Hasborn,54533,616,6.18,50.053217,6.909976
072315008050,Rheinland-Pfalz,Bernkastel-Wittlich,Heckenmünster,54518,133,4.89,49.90898,6.786356
072315008051,Rheinland-Pfalz,Bernkastel-Wittlich,Heidweiler,54518,167,10.33,49.910366,6.745152
072315008053,Rheinland-Pfalz,Bernkastel-Wittlich,Hetzerath,54523,2594,13.84,49.878596,6.814376
072315008062,Rheinland-Pfalz,Bernkastel-Wittlich,Hupperath,54518,648,4.11,49.99659,6.83347
072315008065,Rheinland-Pfalz,Bernkastel-Wittlich,Karl,54534,196,10.46,50.04106,6.803182
072315008069,Rheinland-Pfalz,Bernkastel-Wittlich,Klausen,54524,1479,9.22,49.905657,6.88312
072315008074,Rheinland-Pfalz,Bernkastel-Wittlich,Laufeld,54533,521,6.11,50.079085,6.863497
072315008080,Rheinland-Pfalz,Bernkastel-Wittlich,"Manderscheid, Stadt",54531,1450,10.06,50.092513,6.808091
072315008082,Rheinland-Pfalz,Bernkastel-Wittlich,Meerfeld,54531,353,13.21,50.093359,6.754392
072315008085,Rheinland-Pfalz,Bernkastel-Wittlich,Minderlittgen,54518,724,8.18,50.007457,6.837759
072315008091,Rheinland-Pfalz,Bernkastel-Wittlich,Musweiler,54534,52,3.05,50.010317,6.800523
072315008095,Rheinland-Pfalz,Bernkastel-Wittlich,Niederöfflingen,54533,436,8.17,50.058553,6.88752
072315008096,Rheinland-Pfalz,Bernkastel-Wittlich,Niederscheidweiler,54533,278,7.83,50.063202,6.945503
072315008100,Rheinland-Pfalz,Bernkastel-Wittlich,Oberöfflingen,54533,280,7.44,50.06541,6.867152
072315008101,Rheinland-Pfalz,Bernkastel-Wittlich,Oberscheidweiler,54533,181,4.5,50.07388,6.935026
072315008103,Rheinland-Pfalz,Bernkastel-Wittlich,Osann-Monzel,54518,1795,16.58,49.921615,6.952541
072315008104,Rheinland-Pfalz,Bernkastel-Wittlich,Pantenburg,54531,247,5.01,50.090629,6.839147
072315008107,Rheinland-Pfalz,Bernkastel-Wittlich,Platten,54518,872,6.63,49.950863,6.953437
072315008108,Rheinland-Pfalz,Bernkastel-Wittlich,Plein,54518,625,7.22,50.027548,6.873931
072315008111,Rheinland-Pfalz,Bernkastel-Wittlich,Rivenich,54518,728,7.77,49.876219,6.846223
072315008113,Rheinland-Pfalz,Bernkastel-Wittlich,Salmtal,54528,2523,14.09,49.927365,6.847557
072315008114,Rheinland-Pfalz,Bernkastel-Wittlich,Schladt,54534,151,4.96,50.033506,6.84047
072315008116,Rheinland-Pfalz,Bernkastel-Wittlich,Schwarzenborn,54533,57,5.13,50.039116,6.711532
072315008117,Rheinland-Pfalz,Bernkastel-Wittlich,Sehlem,54518,1021,11.25,49.902554,6.835702
072315008127,Rheinland-Pfalz,Bernkastel-Wittlich,Wallscheid,54531,357,5.97,50.097066,6.88536
072315008503,Rheinland-Pfalz,Bernkastel-Wittlich,Landscheid,54526,2186,30.19,49.987706,6.773142
072315008504,Rheinland-Pfalz,Bernkastel-Wittlich,Niersbach,54518,712,12.85,49.940626,6.741066
072315009004,Rheinland-Pfalz,Bernkastel-Wittlich,Bausendorf,54538,1392,11.86,50.013688,6.99676
072315009005,Rheinland-Pfalz,Bernkastel-Wittlich,Bengel,54538,824,27.44,50.016289,7.064797
072315009014,Rheinland-Pfalz,Bernkastel-Wittlich,Burg (Mosel),56843,344,3.38,50.007697,7.125109
072315009020,Rheinland-Pfalz,Bernkastel-Wittlich,Diefenbach,54538,92,1.42,50.03204,6.945648
072315009029,Rheinland-Pfalz,Bernkastel-Wittlich,Enkirch,56850,1375,25.43,49.983334,7.126942
072315009033,Rheinland-Pfalz,Bernkastel-Wittlich,Flußbach,54516,434,6.86,50.016914,6.92629
072315009057,Rheinland-Pfalz,Bernkastel-Wittlich,Hontheim,54538,821,24.78,50.068801,6.992845
072315009067,Rheinland-Pfalz,Bernkastel-Wittlich,Kinderbeuern,54538,994,5.56,50.010208,7.024636
072315009068,Rheinland-Pfalz,Bernkastel-Wittlich,Kinheim,54538,746,9.08,49.975676,7.05552
072315009072,Rheinland-Pfalz,Bernkastel-Wittlich,Kröv,54536,2118,14.76,49.980847,7.089673
072315009110,Rheinland-Pfalz,Bernkastel-Wittlich,Reil,56861,966,12.13,50.022157,7.116138
072315009120,Rheinland-Pfalz,Bernkastel-Wittlich,Starkenburg,56843,204,1.52,49.955855,7.140651
072315009124,Rheinland-Pfalz,Bernkastel-Wittlich,"Traben-Trarbach, Stadt",56841,5399,31.35,49.951356,7.116738
072315009132,Rheinland-Pfalz,Bernkastel-Wittlich,Willwerscheid,54533,59,2.46,50.037361,6.930776
072315009206,Rheinland-Pfalz,Bernkastel-Wittlich,Lötzbeuren,56843,472,10.2,49.936501,7.220679
072315009501,Rheinland-Pfalz,Bernkastel-Wittlich,Irmenach,56843,627,16.38,49.924122,7.187218
072320018018,Rheinland-Pfalz,Eifelkreis Bitburg-Prüm,"Bitburg, Stadt",54634,15559,47.55,49.975769,6.524756
072325001201,Rheinland-Pfalz,Eifelkreis Bitburg-Prüm,Arzfeld,54687,1467,19.39,50.088456,6.273505
072325001211,Rheinland-Pfalz,Eifelkreis Bitburg-Prüm,Dackscheid,54649,106,5.1,50.11672,6.391618
072325001212,Rheinland-Pfalz,Eifelkreis Bitburg-Prüm,Dahnen,54689,341,17.21,50.071943,6.143534
072325001213,Rheinland-Pfalz,Eifelkreis Bitburg-Prüm,Daleiden,54689,916,15.59,50.070394,6.184132
072325001214,Rheinland-Pfalz,Eifelkreis Bitburg-Prüm,Dasburg,54689,215,4.82,50.04869,6.132714
072325001217,Rheinland-Pfalz,Eifelkreis Bitburg-Prüm,Eilscheid,54649,45,2.38,50.129477,6.387045
072325001220,Rheinland-Pfalz,Eifelkreis Bitburg-Prüm,Eschfeld,54619,191,4.77,50.111938,6.199522
072325001221,Rheinland-Pfalz,Eifelkreis Bitburg-Prüm,Euscheid,54597,154,3.68,50.132577,6.303274
072325001229,Rheinland-Pfalz,Eifelkreis Bitburg-Prüm,Großkampenberg,54619,135,6.34,50.158387,6.213611
072325001233,Rheinland-Pfalz,Eifelkreis Bitburg-Prüm,Hargarten,54649,96,2.01,50.096255,6.406425
072325001234,Rheinland-Pfalz,Eifelkreis Bitburg-Prüm,Harspelt,54617,66,4.81,50.138351,6.17294
072325001240,Rheinland-Pfalz,Eifelkreis Bitburg-Prüm,Herzfeld,54619,35,2.69,50.133734,6.209693
072325001245,Rheinland-Pfalz,Eifelkreis Bitburg-Prüm,Irrhausen,54689,220,7.19,50.080624,6.212344
072325001246,Rheinland-Pfalz,Eifelkreis Bitburg-Prüm,Jucken,54689,178,6.22,50.055011,6.230638
072325001247,Rheinland-Pfalz,Eifelkreis Bitburg-Prüm,Kesfeld,54619,71,4.5,50.153178,6.234591
072325001248,Rheinland-Pfalz,Eifelkreis Bitburg-Prüm,Kickeshausen,54689,44,1.53,50.068207,6.238883
072325001249,Rheinland-Pfalz,Eifelkreis Bitburg-Prüm,Kinzenburg,54597,50,1.22,50.120749,6.341581
072325001253,Rheinland-Pfalz,Eifelkreis Bitburg-Prüm,Krautscheid,54673,196,8.62,50.064696,6.332175
072325001254,Rheinland-Pfalz,Eifelkreis Bitburg-Prüm,Lambertsberg,54649,372,3.67,50.091009,6.389819
072325001255,Rheinland-Pfalz,Eifelkreis Bitburg-Prüm,Lascheid,54597,80,3.49,50.109947,6.411053
072325001258,Rheinland-Pfalz,Eifelkreis Bitburg-Prüm,Lauperath,54649,91,5.79,50.087482,6.34097
072325001259,Rheinland-Pfalz,Eifelkreis Bitburg-Prüm,Leidenborn,54619,202,5.58,50.137745,6.216172
072325001260,Rheinland-Pfalz,Eifelkreis Bitburg-Prüm,Lichtenborn,54619,306,11.45,50.109081,6.291222
072325001261,Rheinland-Pfalz,Eifelkreis Bitburg-Prüm,Lierfeld,54597,82,1.71,50.134891,6.364015
072325001262,Rheinland-Pfalz,Eifelkreis Bitburg-Prüm,Lünebach,54597,621,10.26,50.138692,6.348062
072325001263,Rheinland-Pfalz,Eifelkreis Bitburg-Prüm,Lützkampen,54617,340,11.0,50.146912,6.186251
072325001264,Rheinland-Pfalz,Eifelkreis Bitburg-Prüm,Manderscheid,54649,52,4.25,50.100333,6.346656
072325001267,Rheinland-Pfalz,Eifelkreis Bitburg-Prüm,Mauel,54649,43,5.35,50.073229,6.394305
072325001270,Rheinland-Pfalz,Eifelkreis Bitburg-Prüm,Merlscheid,54597,34,3.52,50.127136,6.3502
072325001277,Rheinland-Pfalz,Eifelkreis Bitburg-Prüm,Niederpierscheid,54649,33,1.64,50.078861,6.373063
072325001285,Rheinland-Pfalz,Eifelkreis Bitburg-Prüm,Oberpierscheid,54649,338,10.51,50.065127,6.372554
072325001287,Rheinland-Pfalz,Eifelkreis Bitburg-Prüm,Olmscheid,54689,198,4.87,50.064871,6.220311
072325001291,Rheinland-Pfalz,Eifelkreis Bitburg-Prüm,Pintesfeld,54649,36,1.87,50.108173,6.364799
072325001293,Rheinland-Pfalz,Eifelkreis Bitburg-Prüm,Plütscheid,54597,316,12.69,50.087925,6.427482
072325001294,Rheinland-Pfalz,Eifelkreis Bitburg-Prüm,Preischeid,54689,148,6.25,50.036957,6.152339
072325001297,Rheinland-Pfalz,Eifelkreis Bitburg-Prüm,Reiff,54619,57,5.81,50.097995,6.212701
072325001298,Rheinland-Pfalz,Eifelkreis Bitburg-Prüm,Reipeldingen,54689,89,4.78,50.081702,6.17999
072325001301,Rheinland-Pfalz,Eifelkreis Bitburg-Prüm,Roscheid,54619,49,5.14,50.122364,6.188003
072325001309,Rheinland-Pfalz,Eifelkreis Bitburg-Prüm,Sengerich,54619,20,1.09,50.122408,6.222021
072325001310,Rheinland-Pfalz,Eifelkreis Bitburg-Prüm,Sevenig (Our),54617,63,4.81,50.127906,6.165359
072325001315,Rheinland-Pfalz,Eifelkreis Bitburg-Prüm,Strickscheid,54597,28,1.41,50.141827,6.316895
072325001322,Rheinland-Pfalz,Eifelkreis Bitburg-Prüm,Waxweiler,54649,1036,5.96,50.093104,6.362252
072325001333,Rheinland-Pfalz,Eifelkreis Bitburg-Prüm,Üttfeld,54619,384,14.94,50.13624,6.253655
072325005001,Rheinland-Pfalz,Eifelkreis Bitburg-Prüm,Affler,54689,29,1.99,50.013966,6.153528
072325005002,Rheinland-Pfalz,Eifelkreis Bitburg-Prüm,Alsdorf,54668,472,6.38,49.887732,6.465431
072325005003,Rheinland-Pfalz,Eifelkreis Bitburg-Prüm,Altscheid,54636,88,5.89,50.018904,6.393899
072325005004,Rheinland-Pfalz,Eifelkreis Bitburg-Prüm,Ammeldingen an der Our,54675,19,2.61,49.889676,6.255549
072325005005,Rheinland-Pfalz,Eifelkreis Bitburg-Prüm,Ammeldingen bei Neuerburg,54673,246,4.49,50.049123,6.275565
072325005008,Rheinland-Pfalz,Eifelkreis Bitburg-Prüm,Bauler,54673,83,6.03,49.964867,6.20706
072325005011,Rheinland-Pfalz,Eifelkreis Bitburg-Prüm,Berkoth,54673,83,7.16,50.043915,6.340079
072325005012,Rheinland-Pfalz,Eifelkreis Bitburg-Prüm,Berscheid,54673,62,7.49,49.982924,6.231406
072325005016,Rheinland-Pfalz,Eifelkreis Bitburg-Prüm,Biesdorf,54675,239,5.45,49.886504,6.30336
072325005019,Rheinland-Pfalz,Eifelkreis Bitburg-Prüm,Bollendorf,54669,1638,13.18,49.852389,6.358388
072325005022,Rheinland-Pfalz,Eifelkreis Bitburg-Prüm,Burg,54646,19,2.73,49.95919,6.352224
072325005025,Rheinland-Pfalz,Eifelkreis Bitburg-Prüm,Dauwelshausen,54673,88,2.05,50.002605,6.18567
072325005028,Rheinland-Pfalz,Eifelkreis Bitburg-Prüm,Echternacherbrück,54668,1138,4.74,49.813416,6.429906
072325005031,Rheinland-Pfalz,Eifelkreis Bitburg-Prüm,Emmelbaum,54673,79,2.67,50.05697,6.262377
072325005033,Rheinland-Pfalz,Eifelkreis Bitburg-Prüm,Ernzen,54668,411,9.99,49.841434,6.426237
072325005037,Rheinland-Pfalz,Eifelkreis Bitburg-Prüm,Ferschweiler,54668,1020,7.41,49.863213,6.404686
072325005038,Rheinland-Pfalz,Eifelkreis Bitburg-Prüm,Fischbach-Oberraden,54675,44,6.64,50.00085,6.335922
072325005040,Rheinland-Pfalz,Eifelkreis Bitburg-Prüm,Geichlingen,54675,417,5.32,49.952116,6.268233
072325005041,Rheinland-Pfalz,Eifelkreis Bitburg-Prüm,Gemünd,54673,41,2.83,49.988714,6.160907
072325005042,Rheinland-Pfalz,Eifelkreis Bitburg-Prüm,Gentingen,54675,96,4.18,49.902228,6.236909
072325005047,Rheinland-Pfalz,Eifelkreis Bitburg-Prüm,Heilbach,54673,112,6.47,50.057738,6.29337
072325005049,Rheinland-Pfalz,Eifelkreis Bitburg-Prüm,Herbstmühle,54673,25,2.15,50.001599,6.224003
072325005053,Rheinland-Pfalz,Eifelkreis Bitburg-Prüm,Holsthum,54668,619,9.31,49.892397,6.414135
072325005054,Rheinland-Pfalz,Eifelkreis Bitburg-Prüm,Hommerdingen,54675,94,2.04,49.909617,6.322121
072325005056,Rheinland-Pfalz,Eifelkreis Bitburg-Prüm,Hütten,54673,49,3.1,50.014281,6.251291
072325005059,Rheinland-Pfalz,Eifelkreis Bitburg-Prüm,Hüttingen bei Lahr,54675,151,4.4,49.930194,6.297999
072325005063,Rheinland-Pfalz,Eifelkreis Bitburg-Prüm,Irrel,54666,1744,7.06,49.844941,6.455876
072325005064,Rheinland-Pfalz,Eifelkreis Bitburg-Prüm,Karlshausen,54673,411,7.05,50.022448,6.227939
072325005065,Rheinland-Pfalz,Eifelkreis Bitburg-Prüm,Kaschenbach,54668,65,4.45,49.876595,6.479424
072325005066,Rheinland-Pfalz,Eifelkreis Bitburg-Prüm,Keppeshausen,54673,13,2.31,49.964853,6.170735
072325005067,Rheinland-Pfalz,Eifelkreis Bitburg-Prüm,Körperich,54675,1098,19.12,49.923801,6.260501
072325005068,Rheinland-Pfalz,Eifelkreis Bitburg-Prüm,Koxhausen,54673,89,3.81,49.995264,6.245937
072325005069,Rheinland-Pfalz,Eifelkreis Bitburg-Prüm,Kruchten,54675,404,5.38,49.899203,6.315114
072325005072,Rheinland-Pfalz,Eifelkreis Bitburg-Prüm,Lahr,54675,180,7.23,49.944081,6.29142
072325005073,Rheinland-Pfalz,Eifelkreis Bitburg-Prüm,Leimbach,54673,42,2.95,50.025028,6.256257
072325005078,Rheinland-Pfalz,Eifelkreis Bitburg-Prüm,Menningen,54310,168,3.42,49.83915,6.477703
072325005080,Rheinland-Pfalz,Eifelkreis Bitburg-Prüm,Mettendorf,54675,1072,14.98,49.947693,6.330049
072325005082,Rheinland-Pfalz,Eifelkreis Bitburg-Prüm,Minden,54310,256,3.72,49.82404,6.468719
072325005084,Rheinland-Pfalz,Eifelkreis Bitburg-Prüm,Muxerath,54673,40,4.54,49.992034,6.269964
072325005085,Rheinland-Pfalz,Eifelkreis Bitburg-Prüm,Nasingen,54673,45,2.38,49.97854,6.260995
072325005088,Rheinland-Pfalz,Eifelkreis Bitburg-Prüm,"Neuerburg, Stadt",54673,1307,10.17,50.011631,6.294783
072325005090,Rheinland-Pfalz,Eifelkreis Bitburg-Prüm,Niederraden,54675,48,1.99,49.982274,6.328443
072325005093,Rheinland-Pfalz,Eifelkreis Bitburg-Prüm,Niederweis,54668,269,7.55,49.871018,6.465439
072325005094,Rheinland-Pfalz,Eifelkreis Bitburg-Prüm,Niehl,54646,66,1.99,49.955077,6.362515
072325005095,Rheinland-Pfalz,Eifelkreis Bitburg-Prüm,Nusbaum,54675,428,17.16,49.914649,6.346602
072325005102,Rheinland-Pfalz,Eifelkreis Bitburg-Prüm,Utscheid,54675,430,5.75,49.994583,6.354338
072325005103,Rheinland-Pfalz,Eifelkreis Bitburg-Prüm,Peffingen,54668,218,5.8,49.909348,6.407164
072325005106,Rheinland-Pfalz,Eifelkreis Bitburg-Prüm,Plascheid,54673,91,3.38,50.038235,6.288682
072325005108,Rheinland-Pfalz,Eifelkreis Bitburg-Prüm,Prümzurlay,54668,520,3.89,49.868727,6.43654
072325005110,Rheinland-Pfalz,Eifelkreis Bitburg-Prüm,Rodershausen,54673,154,5.37,49.991961,6.195419
072325005112,Rheinland-Pfalz,Eifelkreis Bitburg-Prüm,Roth an der Our,54675,234,1.89,49.922801,6.225358
072325005114,Rheinland-Pfalz,Eifelkreis Bitburg-Prüm,Schankweiler,54668,197,6.53,49.897754,6.38314
072325005116,Rheinland-Pfalz,Eifelkreis Bitburg-Prüm,Scheitenkorb,54673,26,2.81,50.00726,6.2099
072325005117,Rheinland-Pfalz,Eifelkreis Bitburg-Prüm,Scheuern,54673,32,6.48,50.021201,6.306745
072325005121,Rheinland-Pfalz,Eifelkreis Bitburg-Prüm,Sevenig bei Neuerburg,54673,39,5.93,50.021997,6.189861
072325005122,Rheinland-Pfalz,Eifelkreis Bitburg-Prüm,Sinspelt,54675,406,2.44,49.972029,6.320599
072325005127,Rheinland-Pfalz,Eifelkreis Bitburg-Prüm,Übereisenbach,54689,53,2.39,50.001582,6.149743
072325005128,Rheinland-Pfalz,Eifelkreis Bitburg-Prüm,Uppershausen,54673,59,3.41,50.045985,6.318556
072325005130,Rheinland-Pfalz,Eifelkreis Bitburg-Prüm,Waldhof-Falkenstein,54673,19,3.0,49.975225,6.196143
072325005131,Rheinland-Pfalz,Eifelkreis Bitburg-Prüm,Wallendorf,54675,384,8.71,49.876651,6.287902
072325005132,Rheinland-Pfalz,Eifelkreis Bitburg-Prüm,Weidingen,54636,174,5.84,50.012735,6.378045
072325005138,Rheinland-Pfalz,Eifelkreis Bitburg-Prüm,Zweifelscheid,54673,54,1.82,50.038158,6.253806
072325005218,Rheinland-Pfalz,Eifelkreis Bitburg-Prüm,Eisenach,54298,398,6.31,49.851735,6.509037
072325005225,Rheinland-Pfalz,Eifelkreis Bitburg-Prüm,Gilzem,54298,433,4.98,49.868413,6.519413
072325005503,Rheinland-Pfalz,Eifelkreis Bitburg-Prüm,Obergeckler,54675,196,7.74,49.972619,6.291372
072325006202,Rheinland-Pfalz,Eifelkreis Bitburg-Prüm,Auw bei Prüm,54597,572,22.11,50.300214,6.338534
072325006206,Rheinland-Pfalz,Eifelkreis Bitburg-Prüm,Bleialf,54608,1304,7.55,50.239368,6.287268
072325006207,Rheinland-Pfalz,Eifelkreis Bitburg-Prüm,Brandscheid,54608,299,16.26,50.221349,6.30926
072325006208,Rheinland-Pfalz,Eifelkreis Bitburg-Prüm,Buchet,54608,250,13.28,50.243644,6.316609
072325006209,Rheinland-Pfalz,Eifelkreis Bitburg-Prüm,Büdesheim,54610,564,13.64,50.217364,6.556787
072325006216,Rheinland-Pfalz,Eifelkreis Bitburg-Prüm,Dingdorf,54614,111,3.81,50.15063,6.437035
072325006222,Rheinland-Pfalz,Eifelkreis Bitburg-Prüm,Feuerscheid,54597,312,5.92,50.102935,6.453788
072325006223,Rheinland-Pfalz,Eifelkreis Bitburg-Prüm,Fleringen,54597,410,8.5,50.208878,6.498935
072325006224,Rheinland-Pfalz,Eifelkreis Bitburg-Prüm,Giesdorf,54614,118,3.55,50.178935,6.449752
072325006226,Rheinland-Pfalz,Eifelkreis Bitburg-Prüm,Weinsheim,54595,1042,24.07,50.229984,6.471015
072325006227,Rheinland-Pfalz,Eifelkreis Bitburg-Prüm,Gondenbrett,54595,490,23.14,50.237107,6.416174
072325006230,Rheinland-Pfalz,Eifelkreis Bitburg-Prüm,Großlangenfeld,54608,124,6.98,50.220515,6.252404
072325006231,Rheinland-Pfalz,Eifelkreis Bitburg-Prüm,Habscheid,54597,652,17.6,50.188747,6.268236
072325006236,Rheinland-Pfalz,Eifelkreis Bitburg-Prüm,Heckhuscheid,54619,157,8.31,50.177699,6.223448
072325006238,Rheinland-Pfalz,Eifelkreis Bitburg-Prüm,Heisdorf,54614,110,3.93,50.134721,6.429544
072325006250,Rheinland-Pfalz,Eifelkreis Bitburg-Prüm,Kleinlangenfeld,54597,145,7.82,50.269058,6.480071
072325006256,Rheinland-Pfalz,Eifelkreis Bitburg-Prüm,Lasel,54612,296,4.51,50.112681,6.467428
072325006265,Rheinland-Pfalz,Eifelkreis Bitburg-Prüm,Masthorn,54597,58,4.56,50.153909,6.304266
072325006266,Rheinland-Pfalz,Eifelkreis Bitburg-Prüm,Matzerath,54597,48,4.31,50.147524,6.377942
072325006271,Rheinland-Pfalz,Eifelkreis Bitburg-Prüm,Mützenich,54608,118,6.43,50.253378,6.260305
072325006272,Rheinland-Pfalz,Eifelkreis Bitburg-Prüm,Neuendorf,54597,105,5.71,50.281194,6.458489
072325006276,Rheinland-Pfalz,Eifelkreis Bitburg-Prüm,Niederlauch,54614,32,0.79,50.1615,6.427711
072325006279,Rheinland-Pfalz,Eifelkreis Bitburg-Prüm,Nimshuscheid,54612,243,5.05,50.100277,6.488267
072325006280,Rheinland-Pfalz,Eifelkreis Bitburg-Prüm,Nimsreuland,54614,88,4.43,50.131252,6.449581
072325006283,Rheinland-Pfalz,Eifelkreis Bitburg-Prüm,Oberlascheid,54608,131,9.39,50.260843,6.305422
072325006284,Rheinland-Pfalz,Eifelkreis Bitburg-Prüm,Oberlauch,54614,75,3.59,50.167892,6.420987
072325006288,Rheinland-Pfalz,Eifelkreis Bitburg-Prüm,Olzheim,54597,582,16.22,50.272988,6.456789
072325006290,Rheinland-Pfalz,Eifelkreis Bitburg-Prüm,Orlenbach,54595,252,6.2,50.15806,6.382758
072325006292,Rheinland-Pfalz,Eifelkreis Bitburg-Prüm,Pittenbach,54595,110,3.85,50.173953,6.347751
072325006295,Rheinland-Pfalz,Eifelkreis Bitburg-Prüm,Pronsfeld,54597,1004,15.35,50.159814,6.341575
072325006296,Rheinland-Pfalz,Eifelkreis Bitburg-Prüm,"Prüm, Stadt",54595,5276,22.86,50.207092,6.424323
072325006300,Rheinland-Pfalz,Eifelkreis Bitburg-Prüm,Rommersheim,54597,660,16.98,50.193874,6.443613
072325006302,Rheinland-Pfalz,Eifelkreis Bitburg-Prüm,Roth bei Prüm,54597,440,19.08,50.307971,6.385369
072325006304,Rheinland-Pfalz,Eifelkreis Bitburg-Prüm,Schönecken,54614,1434,13.36,50.157717,6.465375
072325006305,Rheinland-Pfalz,Eifelkreis Bitburg-Prüm,Schwirzheim,54597,453,13.68,50.231981,6.526599
072325006307,Rheinland-Pfalz,Eifelkreis Bitburg-Prüm,Seiwerath,54597,129,8.94,50.148311,6.499539
072325006308,Rheinland-Pfalz,Eifelkreis Bitburg-Prüm,Sellerich,54608,288,17.47,50.227885,6.365602
072325006318,Rheinland-Pfalz,Eifelkreis Bitburg-Prüm,Wallersheim,54597,736,14.51,50.204753,6.526914
072325006320,Rheinland-Pfalz,Eifelkreis Bitburg-Prüm,Watzerath,54595,425,4.62,50.184377,6.36063
072325006321,Rheinland-Pfalz,Eifelkreis Bitburg-Prüm,Wawern,54612,259,7.66,50.115214,6.487685
072325006327,Rheinland-Pfalz,Eifelkreis Bitburg-Prüm,Winringen,54614,63,2.55,50.155105,6.418207
072325006328,Rheinland-Pfalz,Eifelkreis Bitburg-Prüm,Winterscheid,54608,139,8.5,50.23107,6.250561
072325006329,Rheinland-Pfalz,Eifelkreis Bitburg-Prüm,Winterspelt,54616,831,25.6,50.213184,6.214596
072325006332,Rheinland-Pfalz,Eifelkreis Bitburg-Prüm,Hersdorf,54597,415,12.88,50.171871,6.508737
072325007006,Rheinland-Pfalz,Eifelkreis Bitburg-Prüm,Auw an der Kyll,54664,113,0.98,49.900735,6.615837
072325007010,Rheinland-Pfalz,Eifelkreis Bitburg-Prüm,Beilingen,54662,381,4.31,49.953427,6.662445
072325007050,Rheinland-Pfalz,Eifelkreis Bitburg-Prüm,Herforst,54662,1222,3.75,49.946466,6.695817
072325007055,Rheinland-Pfalz,Eifelkreis Bitburg-Prüm,Hosten,54664,171,2.88,49.89228,6.619416
072325007104,Rheinland-Pfalz,Eifelkreis Bitburg-Prüm,Philippsheim,54662,96,0.89,49.954244,6.626449
072325007107,Rheinland-Pfalz,Eifelkreis Bitburg-Prüm,Preist,54664,726,6.42,49.90595,6.629806
072325007123,Rheinland-Pfalz,Eifelkreis Bitburg-Prüm,"Speicher, Stadt",54662,3669,15.36,49.936106,6.636739
072325007289,Rheinland-Pfalz,Eifelkreis Bitburg-Prüm,Orenhofen,54298,1385,12.05,49.896875,6.6507
072325007311,Rheinland-Pfalz,Eifelkreis Bitburg-Prüm,Spangdahlem,54529,941,13.43,49.983966,6.680342
072325008007,Rheinland-Pfalz,Eifelkreis Bitburg-Prüm,Badem,54657,1323,9.16,50.004334,6.607855
072325008009,Rheinland-Pfalz,Eifelkreis Bitburg-Prüm,Baustert,54636,418,4.48,49.978488,6.392135
072325008013,Rheinland-Pfalz,Eifelkreis Bitburg-Prüm,Bettingen,54646,1058,7.25,49.940984,6.398135
072325008014,Rheinland-Pfalz,Eifelkreis Bitburg-Prüm,Bickendorf,54636,547,5.49,50.033869,6.499815
072325008015,Rheinland-Pfalz,Eifelkreis Bitburg-Prüm,Biersdorf am See,54636,574,3.22,50.015772,6.451954
072325008017,Rheinland-Pfalz,Eifelkreis Bitburg-Prüm,Birtlingen,54634,48,2.94,49.94561,6.483445
072325008020,Rheinland-Pfalz,Eifelkreis Bitburg-Prüm,Brecht,54636,184,4.5,49.981047,6.435582
072325008024,Rheinland-Pfalz,Eifelkreis Bitburg-Prüm,Dahlem,54636,251,4.27,49.914785,6.593576
072325008026,Rheinland-Pfalz,Eifelkreis Bitburg-Prüm,Dockendorf,54636,215,5.83,49.925744,6.456959
072325008027,Rheinland-Pfalz,Eifelkreis Bitburg-Prüm,Dudeldorf,54647,1282,11.02,49.973758,6.636239
072325008029,Rheinland-Pfalz,Eifelkreis Bitburg-Prüm,Echtershausen,54636,87,2.49,50.022487,6.417155
072325008030,Rheinland-Pfalz,Eifelkreis Bitburg-Prüm,Ehlenz,54636,430,5.95,50.04121,6.47082
072325008032,Rheinland-Pfalz,Eifelkreis Bitburg-Prüm,Enzen,54646,31,1.71,49.921428,6.369666
072325008034,Rheinland-Pfalz,Eifelkreis Bitburg-Prüm,Eßlingen,54636,120,5.26,49.914744,6.527107
072325008035,Rheinland-Pfalz,Eifelkreis Bitburg-Prüm,Etteldorf,54655,22,1.73,50.030841,6.573687
072325008036,Rheinland-Pfalz,Eifelkreis Bitburg-Prüm,Feilsdorf,54636,30,3.8,49.9894,6.406898
072325008039,Rheinland-Pfalz,Eifelkreis Bitburg-Prüm,Fließem,54636,670,8.38,50.023777,6.540597
072325008043,Rheinland-Pfalz,Eifelkreis Bitburg-Prüm,Gindorf,54657,320,6.57,50.01159,6.646126
072325008044,Rheinland-Pfalz,Eifelkreis Bitburg-Prüm,Gondorf,54647,322,3.76,49.96949,6.618289
072325008045,Rheinland-Pfalz,Eifelkreis Bitburg-Prüm,Halsdorf,54646,99,3.21,49.929351,6.374448
072325008046,Rheinland-Pfalz,Eifelkreis Bitburg-Prüm,Hamm,54636,16,1.73,50.016047,6.419487
072325008048,Rheinland-Pfalz,Eifelkreis Bitburg-Prüm,Heilenbach,54636,97,7.84,50.06426,6.46523
072325008057,Rheinland-Pfalz,Eifelkreis Bitburg-Prüm,Hütterscheid,54636,159,2.99,49.99724,6.387642
072325008058,Rheinland-Pfalz,Eifelkreis Bitburg-Prüm,Hüttingen an der Kyll,54636,317,2.94,49.968369,6.588167
072325008060,Rheinland-Pfalz,Eifelkreis Bitburg-Prüm,Idenheim,54636,424,7.71,49.898055,6.570084
072325008061,Rheinland-Pfalz,Eifelkreis Bitburg-Prüm,Idesheim,54636,408,6.72,49.874626,6.573613
072325008062,Rheinland-Pfalz,Eifelkreis Bitburg-Prüm,Ingendorf,54636,217,3.32,49.93317,6.45701
072325008070,Rheinland-Pfalz,Eifelkreis Bitburg-Prüm,"Kyllburg, Stadt",54655,906,4.62,50.042113,6.591541
072325008071,Rheinland-Pfalz,Eifelkreis Bitburg-Prüm,Kyllburgweiler,54655,88,7.26,50.05107,6.623278
072325008074,Rheinland-Pfalz,Eifelkreis Bitburg-Prüm,Ließem,54636,77,2.99,50.02439,6.480588
072325008075,Rheinland-Pfalz,Eifelkreis Bitburg-Prüm,Malberg,54655,554,6.65,50.047131,6.581542
072325008076,Rheinland-Pfalz,Eifelkreis Bitburg-Prüm,Malbergweich,54655,375,10.22,50.054922,6.554545
072325008077,Rheinland-Pfalz,Eifelkreis Bitburg-Prüm,Meckel,54636,425,10.83,49.89023,6.515841
072325008079,Rheinland-Pfalz,Eifelkreis Bitburg-Prüm,Messerich,54636,546,6.52,49.935009,6.480948
072325008081,Rheinland-Pfalz,Eifelkreis Bitburg-Prüm,Metterich,54634,540,5.6,49.979132,6.587026
072325008083,Rheinland-Pfalz,Eifelkreis Bitburg-Prüm,Mülbach,54636,112,1.55,49.967824,6.404026
072325008086,Rheinland-Pfalz,Eifelkreis Bitburg-Prüm,Nattenheim,54636,562,6.93,50.019761,6.518152
072325008087,Rheinland-Pfalz,Eifelkreis Bitburg-Prüm,Neidenbach,54657,838,9.35,50.092243,6.551961
072325008091,Rheinland-Pfalz,Eifelkreis Bitburg-Prüm,Niederstedem,54634,218,5.46,49.930634,6.498948
072325008092,Rheinland-Pfalz,Eifelkreis Bitburg-Prüm,Niederweiler,54636,100,4.58,50.031522,6.442549
072325008097,Rheinland-Pfalz,Eifelkreis Bitburg-Prüm,Oberstedem,54634,72,4.48,49.930039,6.506634
072325008098,Rheinland-Pfalz,Eifelkreis Bitburg-Prüm,Oberweiler,54636,165,5.32,50.04316,6.438388
072325008099,Rheinland-Pfalz,Eifelkreis Bitburg-Prüm,Oberweis,54636,574,9.73,49.962962,6.420957
072325008100,Rheinland-Pfalz,Eifelkreis Bitburg-Prüm,Olsdorf,54646,89,3.14,49.954076,6.382379
072325008101,Rheinland-Pfalz,Eifelkreis Bitburg-Prüm,Orsfeld,54655,194,5.17,50.027288,6.622317
072325008105,Rheinland-Pfalz,Eifelkreis Bitburg-Prüm,Pickließem,54647,296,5.77,49.987799,6.648089
072325008109,Rheinland-Pfalz,Eifelkreis Bitburg-Prüm,Rittersdorf,54636,1273,11.87,49.997521,6.496749
072325008111,Rheinland-Pfalz,Eifelkreis Bitburg-Prüm,Röhl,54636,434,10.65,49.937287,6.582719
072325008113,Rheinland-Pfalz,Eifelkreis Bitburg-Prüm,Sankt Thomas,54655,228,9.11,50.06757,6.599305
072325008115,Rheinland-Pfalz,Eifelkreis Bitburg-Prüm,Scharfbillig,54636,141,4.82,49.932266,6.556557
072325008118,Rheinland-Pfalz,Eifelkreis Bitburg-Prüm,Schleid,54636,360,6.24,50.060082,6.489339
072325008119,Rheinland-Pfalz,Eifelkreis Bitburg-Prüm,Seffern,54636,281,4.92,50.064387,6.502874
072325008120,Rheinland-Pfalz,Eifelkreis Bitburg-Prüm,Sefferweich,54636,265,10.7,50.058872,6.520919
072325008124,Rheinland-Pfalz,Eifelkreis Bitburg-Prüm,Stockem,54646,94,3.97,49.928632,6.380973
072325008125,Rheinland-Pfalz,Eifelkreis Bitburg-Prüm,Sülm,54636,391,7.04,49.921198,6.57467
072325008126,Rheinland-Pfalz,Eifelkreis Bitburg-Prüm,Trimport,54636,298,2.2,49.909694,6.577073
072325008129,Rheinland-Pfalz,Eifelkreis Bitburg-Prüm,Usch,54655,55,1.33,50.105639,6.602256
072325008133,Rheinland-Pfalz,Eifelkreis Bitburg-Prüm,Wettlingen,54646,31,3.46,49.929702,6.406119
072325008134,Rheinland-Pfalz,Eifelkreis Bitburg-Prüm,Wiersdorf,54636,263,4.06,50.007805,6.453712
072325008135,Rheinland-Pfalz,Eifelkreis Bitburg-Prüm,Wilsecker,54655,179,4.53,50.025784,6.583561
072325008137,Rheinland-Pfalz,Eifelkreis Bitburg-Prüm,Wolsfeld,54636,1104,9.28,49.90632,6.467446
072325008203,Rheinland-Pfalz,Eifelkreis Bitburg-Prüm,Balesfeld,54597,187,2.35,50.104036,6.531377
072325008210,Rheinland-Pfalz,Eifelkreis Bitburg-Prüm,Burbach,54597,711,17.04,50.106196,6.518362
072325008228,Rheinland-Pfalz,Eifelkreis Bitburg-Prüm,Gransdorf,54533,360,7.08,50.016162,6.689936
072325008273,Rheinland-Pfalz,Eifelkreis Bitburg-Prüm,Neuheilenbach,54597,244,0.97,50.113237,6.560827
072325008282,Rheinland-Pfalz,Eifelkreis Bitburg-Prüm,Oberkail,54533,560,24.37,50.037031,6.679024
072325008306,Rheinland-Pfalz,Eifelkreis Bitburg-Prüm,Seinsfeld,54655,170,6.73,50.056237,6.644923
072325008313,Rheinland-Pfalz,Eifelkreis Bitburg-Prüm,Steinborn,54655,170,11.28,50.067778,6.627087
072325008331,Rheinland-Pfalz,Eifelkreis Bitburg-Prüm,Zendscheid,54655,124,2.35,50.099514,6.604048
072325008501,Rheinland-Pfalz,Eifelkreis Bitburg-Prüm,Wißmannsdorf,54636,782,6.72,49.987684,6.443817
072325008502,Rheinland-Pfalz,Eifelkreis Bitburg-Prüm,Brimingen,54646,103,5.92,49.970878,6.365103
072335001006,Rheinland-Pfalz,Vulkaneifel,Betteldorf,54570,241,3.31,50.252573,6.753708
072335001008,Rheinland-Pfalz,Vulkaneifel,Bleckhausen,54570,281,6.32,50.126199,6.776773
072335001011,Rheinland-Pfalz,Vulkaneifel,Brockscheid,54552,195,2.05,50.13236,6.845128
072335001014,Rheinland-Pfalz,Vulkaneifel,Darscheid,54552,947,5.81,50.213264,6.890826
072335001016,Rheinland-Pfalz,Vulkaneifel,Demerath,54552,271,10.51,50.173678,6.941585
072335001017,Rheinland-Pfalz,Vulkaneifel,Deudesfeld,54570,330,8.03,50.10252,6.732151
072335001018,Rheinland-Pfalz,Vulkaneifel,Dockweiler,54552,668,6.09,50.252409,6.779696
072335001020,Rheinland-Pfalz,Vulkaneifel,Dreis-Brück,54552,797,18.31,50.264954,6.78985
072335001021,Rheinland-Pfalz,Vulkaneifel,Ellscheid,54552,287,5.21,50.150076,6.915032
072335001025,Rheinland-Pfalz,Vulkaneifel,Gefell,54552,93,2.79,50.238523,6.911168
072335001027,Rheinland-Pfalz,Vulkaneifel,Gillenfeld,54558,1377,15.0,50.127433,6.905652
072335001030,Rheinland-Pfalz,Vulkaneifel,Hinterweiler,54570,213,5.32,50.236396,6.755523
072335001031,Rheinland-Pfalz,Vulkaneifel,Hörscheid,54552,116,4.03,50.217537,6.874115
072335001034,Rheinland-Pfalz,Vulkaneifel,Immerath,54552,234,5.94,50.130917,6.956368
072335001039,Rheinland-Pfalz,Vulkaneifel,Kirchweiler,54570,396,6.36,50.229711,6.744762
072335001040,Rheinland-Pfalz,Vulkaneifel,Kradenbach,54552,144,1.74,50.255451,6.853605
072335001042,Rheinland-Pfalz,Vulkaneifel,Mehren,54552,1292,13.0,50.176524,6.88069
072335001043,Rheinland-Pfalz,Vulkaneifel,Meisburg,54570,232,7.07,50.110638,6.688324
072335001046,Rheinland-Pfalz,Vulkaneifel,Mückeln,54558,221,4.73,50.087811,6.925872
072335001049,Rheinland-Pfalz,Vulkaneifel,Nerdlen,54552,262,4.45,50.235554,6.859639
072335001052,Rheinland-Pfalz,Vulkaneifel,Niederstadtfeld,54570,432,9.13,50.159387,6.761043
072335001055,Rheinland-Pfalz,Vulkaneifel,Oberstadtfeld,54570,524,10.21,50.175902,6.7655
072335001061,Rheinland-Pfalz,Vulkaneifel,Sarmersbach,54552,179,5.22,50.240818,6.878757
072335001062,Rheinland-Pfalz,Vulkaneifel,Saxler,54558,56,1.82,50.139944,6.896739
072335001063,Rheinland-Pfalz,Vulkaneifel,Schalkenmehren,54552,593,10.34,50.165588,6.858851
072335001064,Rheinland-Pfalz,Vulkaneifel,Schönbach,54552,244,4.67,50.215438,6.945929
072335001065,Rheinland-Pfalz,Vulkaneifel,Schutz,54570,132,9.05,50.128892,6.761033
072335001067,Rheinland-Pfalz,Vulkaneifel,Steineberg,54552,187,2.93,50.179887,6.914548
072335001068,Rheinland-Pfalz,Vulkaneifel,Steiningen,54552,196,7.62,50.186511,6.913792
072335001070,Rheinland-Pfalz,Vulkaneifel,Strohn,54558,504,8.6,50.110367,6.922709
072335001071,Rheinland-Pfalz,Vulkaneifel,Strotzbüsch,54552,416,6.45,50.110391,6.965163
072335001074,Rheinland-Pfalz,Vulkaneifel,Udler,54552,287,6.3,50.137865,6.876841
072335001075,Rheinland-Pfalz,Vulkaneifel,Üdersdorf,54552,1057,17.48,50.15288,6.803582
072335001077,Rheinland-Pfalz,Vulkaneifel,Utzerath,54552,177,5.7,50.22247,6.935374
072335001079,Rheinland-Pfalz,Vulkaneifel,Wallenborn,54570,411,8.23,50.154966,6.721028
072335001081,Rheinland-Pfalz,Vulkaneifel,Weidenbach,54570,244,10.76,50.129313,6.709005
072335001084,Rheinland-Pfalz,Vulkaneifel,Winkel (Eifel),54558,143,6.69,50.147317,6.955568
072335001501,Rheinland-Pfalz,Vulkaneifel,"Daun, Stadt",54550,7488,49.02,50.196727,6.830555
072335004003,Rheinland-Pfalz,Vulkaneifel,Beinhausen,54552,86,2.64,50.265257,6.883019
072335004010,Rheinland-Pfalz,Vulkaneifel,Boxberg,54552,201,5.65,50.273084,6.874981
072335004032,Rheinland-Pfalz,Vulkaneifel,Hörschhausen,54552,137,2.38,50.243981,6.937132
072335004037,Rheinland-Pfalz,Vulkaneifel,Katzwinkel,54552,138,3.85,50.247773,6.920943
072335004048,Rheinland-Pfalz,Vulkaneifel,Neichen,54552,137,2.96,50.261146,6.870673
072335004201,Rheinland-Pfalz,Vulkaneifel,Arbach,56769,116,4.41,50.283528,7.044341
072335004202,Rheinland-Pfalz,Vulkaneifel,Bereborn,56769,124,2.57,50.280708,6.969497
072335004203,Rheinland-Pfalz,Vulkaneifel,Berenbach,56766,161,3.15,50.233574,6.955333
072335004205,Rheinland-Pfalz,Vulkaneifel,Bodenbach,53539,193,4.79,50.312293,6.848721
072335004206,Rheinland-Pfalz,Vulkaneifel,Bongard,53539,240,6.66,50.292807,6.836001
072335004207,Rheinland-Pfalz,Vulkaneifel,Borler,53539,78,4.54,50.312946,6.827962
072335004208,Rheinland-Pfalz,Vulkaneifel,Brücktal,53539,86,2.42,50.317451,6.980048
072335004210,Rheinland-Pfalz,Vulkaneifel,Drees,53520,152,4.11,50.340184,6.996447
072335004212,Rheinland-Pfalz,Vulkaneifel,Gelenberg,53539,82,3.95,50.290773,6.863228
072335004213,Rheinland-Pfalz,Vulkaneifel,Gunderath,56767,128,1.29,50.25468,6.97902
072335004215,Rheinland-Pfalz,Vulkaneifel,Höchstberg,56767,335,4.85,50.242769,7.005109
072335004216,Rheinland-Pfalz,Vulkaneifel,Horperath,56766,120,2.4,50.244322,6.953626
072335004217,Rheinland-Pfalz,Vulkaneifel,Kaperich,56767,167,2.69,50.248599,7.025031
072335004218,Rheinland-Pfalz,Vulkaneifel,Kelberg,53539,1891,24.67,50.286294,6.918408
072335004220,Rheinland-Pfalz,Vulkaneifel,Kirsbach,53539,72,3.42,50.325178,6.994117
072335004221,Rheinland-Pfalz,Vulkaneifel,Kötterichen,56767,120,1.31,50.23994,6.9839
072335004222,Rheinland-Pfalz,Vulkaneifel,Kolverath,56767,94,2.46,50.270616,6.969972
072335004224,Rheinland-Pfalz,Vulkaneifel,Lirstal,56767,202,5.26,50.25609,7.040692
072335004225,Rheinland-Pfalz,Vulkaneifel,Mannebach,56769,236,7.34,50.282473,6.986487
072335004226,Rheinland-Pfalz,Vulkaneifel,Mosbruch,56767,159,3.39,50.261402,6.939145
072335004228,Rheinland-Pfalz,Vulkaneifel,Nitz,56729,31,1.08,50.333593,7.023789
072335004230,Rheinland-Pfalz,Vulkaneifel,Oberelz,56767,119,5.55,50.267418,7.05106
072335004233,Rheinland-Pfalz,Vulkaneifel,Reimerath,53539,67,2.54,50.310334,6.960409
072335004234,Rheinland-Pfalz,Vulkaneifel,Retterath,56769,311,5.49,50.271579,7.016182
072335004236,Rheinland-Pfalz,Vulkaneifel,Sassen,56767,96,3.33,50.266091,6.965932
072335004242,Rheinland-Pfalz,Vulkaneifel,Uersfeld,56767,678,4.26,50.254112,7.010519
072335004243,Rheinland-Pfalz,Vulkaneifel,Ueß,56767,61,1.49,50.253723,6.934962
072335004244,Rheinland-Pfalz,Vulkaneifel,Welcherath,53539,108,3.18,50.320398,6.966335
072335006002,Rheinland-Pfalz,Vulkaneifel,Basberg,54578,77,2.32,50.294238,6.606283
072335006004,Rheinland-Pfalz,Vulkaneifel,Berlingen,54570,218,3.59,50.238788,6.719442
072335006005,Rheinland-Pfalz,Vulkaneifel,Berndorf,54578,513,9.16,50.304821,6.697495
072335006007,Rheinland-Pfalz,Vulkaneifel,Birgel,54587,430,6.52,50.321503,6.620407
072335006019,Rheinland-Pfalz,Vulkaneifel,Dohm-Lammersdorf,54576,211,4.54,50.261063,6.662659
072335006022,Rheinland-Pfalz,Vulkaneifel,Esch,54585,413,10.17,50.364947,6.61127
072335006023,Rheinland-Pfalz,Vulkaneifel,Feusdorf,54584,518,4.42,50.348903,6.610288
072335006026,Rheinland-Pfalz,Vulkaneifel,"Gerolstein, Stadt",54568,7198,64.43,50.221958,6.659875
072335006028,Rheinland-Pfalz,Vulkaneifel,Gönnersdorf,54584,469,5.19,50.32644,6.594609
072335006029,Rheinland-Pfalz,Vulkaneifel,"Hillesheim, Stadt",54576,3202,20.62,50.291371,6.672058
072335006033,Rheinland-Pfalz,Vulkaneifel,Hohenfels-Essingen,54570,344,5.02,50.249784,6.733818
072335006035,Rheinland-Pfalz,Vulkaneifel,Jünkerath,54584,1772,10.1,50.342514,6.583364
072335006036,Rheinland-Pfalz,Vulkaneifel,Kalenborn-Scheuern,54570,383,7.35,50.258428,6.602709
072335006038,Rheinland-Pfalz,Vulkaneifel,Kerpen (Eifel),54578,501,8.24,50.309689,6.729582
072335006041,Rheinland-Pfalz,Vulkaneifel,Lissendorf,54587,1109,10.36,50.314446,6.603569
072335006050,Rheinland-Pfalz,Vulkaneifel,Neroth,54570,811,7.24,50.195862,6.74611
072335006053,Rheinland-Pfalz,Vulkaneifel,Oberbettingen,54578,758,6.21,50.286013,6.62547
072335006054,Rheinland-Pfalz,Vulkaneifel,Oberehe-Stroheich,54578,324,10.32,50.280611,6.770381
072335006056,Rheinland-Pfalz,Vulkaneifel,Pelm,54570,926,10.05,50.232461,6.688389
072335006058,Rheinland-Pfalz,Vulkaneifel,Rockeskyll,54570,264,5.88,50.255407,6.695132
072335006060,Rheinland-Pfalz,Vulkaneifel,Salm,54570,326,9.07,50.152462,6.690979
072335006076,Rheinland-Pfalz,Vulkaneifel,Üxheim,54579,1345,30.99,50.341184,6.759467
072335006080,Rheinland-Pfalz,Vulkaneifel,Walsdorf,54578,912,10.83,50.277842,6.710949
072335006083,Rheinland-Pfalz,Vulkaneifel,Wiesbaum,54578,637,15.18,50.341207,6.669197
072335006204,Rheinland-Pfalz,Vulkaneifel,Birresborn,54574,1064,20.87,50.175582,6.625574
072335006209,Rheinland-Pfalz,Vulkaneifel,Densborn,54570,509,14.4,50.126268,6.602165
072335006211,Rheinland-Pfalz,Vulkaneifel,Duppach,54597,270,10.28,50.260079,6.565354
072335006214,Rheinland-Pfalz,Vulkaneifel,Hallschlag,54611,456,12.74,50.354821,6.437988
072335006219,Rheinland-Pfalz,Vulkaneifel,Kerschenbach,54589,192,6.92,50.348588,6.500522
072335006223,Rheinland-Pfalz,Vulkaneifel,Kopp,54574,153,8.4,50.17554,6.585691
072335006227,Rheinland-Pfalz,Vulkaneifel,Mürlenbach,54570,485,21.68,50.150551,6.599024
072335006229,Rheinland-Pfalz,Vulkaneifel,Nohn,54578,439,11.03,50.330111,6.786624
072335006232,Rheinland-Pfalz,Vulkaneifel,Ormont,54597,345,12.44,50.327255,6.442819
072335006235,Rheinland-Pfalz,Vulkaneifel,Reuth,54597,177,7.15,50.295088,6.486681
072335006237,Rheinland-Pfalz,Vulkaneifel,Scheid,54611,132,5.49,50.359636,6.422302
072335006239,Rheinland-Pfalz,Vulkaneifel,Schüller,54586,305,4.36,50.335384,6.572609
072335006240,Rheinland-Pfalz,Vulkaneifel,Stadtkyll,54589,1542,20.78,50.349756,6.529148
072335006241,Rheinland-Pfalz,Vulkaneifel,Steffeln,54597,637,20.95,50.287351,6.567378
072355001005,Rheinland-Pfalz,Trier-Saarburg,Bescheid,54413,390,7.6,49.75249,6.890462
072355001008,Rheinland-Pfalz,Trier-Saarburg,Beuren (Hochwald),54413,936,18.5,49.727301,6.916159
072355001014,Rheinland-Pfalz,Trier-Saarburg,Damflos,54413,611,5.33,49.668659,6.982002
072355001030,Rheinland-Pfalz,Trier-Saarburg,Geisfeld,54413,476,8.87,49.715399,6.957005
072355001035,Rheinland-Pfalz,Trier-Saarburg,Grimburg,54413,449,10.17,49.621197,6.884156
072355001036,Rheinland-Pfalz,Trier-Saarburg,Gusenburg,54413,1104,7.35,49.634432,6.9015
072355001045,Rheinland-Pfalz,Trier-Saarburg,"Hermeskeil, Stadt",54411,6501,30.89,49.655416,6.94817
072355001047,Rheinland-Pfalz,Trier-Saarburg,Hinzert-Pölert,54421,272,4.85,49.699721,6.909359
072355001092,Rheinland-Pfalz,Trier-Saarburg,Naurath (Wald),54426,223,5.6,49.759163,6.881085
072355001093,Rheinland-Pfalz,Trier-Saarburg,Neuhütten,54422,716,10.52,49.642835,7.011908
072355001112,Rheinland-Pfalz,Trier-Saarburg,Rascheid,54413,472,8.05,49.712775,6.936226
072355001114,Rheinland-Pfalz,Trier-Saarburg,Reinsfeld,54421,2454,19.79,49.674856,6.876922
072355001153,Rheinland-Pfalz,Trier-Saarburg,Züsch,54422,567,8.06,49.649081,7.007401
072355003055,Rheinland-Pfalz,Trier-Saarburg,Kanzem,54441,628,4.29,49.66577,6.576779
072355003068,Rheinland-Pfalz,Trier-Saarburg,"Konz, Stadt",54329,18099,44.57,49.694664,6.576553
072355003095,Rheinland-Pfalz,Trier-Saarburg,Nittel,54453,2502,16.69,49.654488,6.444344
072355003096,Rheinland-Pfalz,Trier-Saarburg,Oberbillig,54331,959,5.36,49.709823,6.504809
072355003101,Rheinland-Pfalz,Trier-Saarburg,Onsdorf,54456,134,3.46,49.644324,6.481436
072355003106,Rheinland-Pfalz,Trier-Saarburg,Pellingen,54331,1237,7.21,49.674607,6.670546
072355003132,Rheinland-Pfalz,Trier-Saarburg,Tawern,54456,2700,10.23,49.673328,6.516142
072355003133,Rheinland-Pfalz,Trier-Saarburg,Temmels,54441,773,6.65,49.690213,6.463247
072355003143,Rheinland-Pfalz,Trier-Saarburg,Wasserliesch,54332,2213,7.58,49.706652,6.538584
072355003144,Rheinland-Pfalz,Trier-Saarburg,Wawern,54441,626,5.27,49.653906,6.550154
072355003146,Rheinland-Pfalz,Trier-Saarburg,Wellen,54441,789,3.09,49.668719,6.435928
072355003148,Rheinland-Pfalz,Trier-Saarburg,Wiltingen,54459,1358,16.01,49.65978,6.588791
072355004010,Rheinland-Pfalz,Trier-Saarburg,Bonerath,54316,226,4.24,49.68992,6.758464
072355004021,Rheinland-Pfalz,Trier-Saarburg,Farschweiler,54317,816,7.45,49.716966,6.827152
072355004037,Rheinland-Pfalz,Trier-Saarburg,Gusterath,54317,1901,4.4,49.698524,6.718916
072355004038,Rheinland-Pfalz,Trier-Saarburg,Gutweiler,54317,748,2.51,49.719197,6.725361
072355004044,Rheinland-Pfalz,Trier-Saarburg,Herl,54317,236,2.83,49.730854,6.821259
072355004046,Rheinland-Pfalz,Trier-Saarburg,Hinzenburg,54316,129,2.86,49.663962,6.727006
072355004050,Rheinland-Pfalz,Trier-Saarburg,Holzerath,54316,434,6.79,49.680445,6.760971
072355004056,Rheinland-Pfalz,Trier-Saarburg,Kasel,54317,1285,4.53,49.761893,6.731751
072355004070,Rheinland-Pfalz,Trier-Saarburg,Korlingen,54317,747,2.08,49.727635,6.725526
072355004080,Rheinland-Pfalz,Trier-Saarburg,Lorscheid,54317,528,5.09,49.738439,6.848289
072355004085,Rheinland-Pfalz,Trier-Saarburg,Mertesdorf,54318,1751,6.49,49.772837,6.734403
072355004090,Rheinland-Pfalz,Trier-Saarburg,Morscheid,54317,878,5.49,49.732095,6.751078
072355004100,Rheinland-Pfalz,Trier-Saarburg,Ollmuth,54316,150,3.92,49.67149,6.714342
072355004103,Rheinland-Pfalz,Trier-Saarburg,Osburg,54317,2296,32.92,49.715281,6.790912
072355004107,Rheinland-Pfalz,Trier-Saarburg,Pluwig,54316,1619,4.85,49.689842,6.712495
072355004116,Rheinland-Pfalz,Trier-Saarburg,Riveris,54317,400,2.1,49.72636,6.764008
072355004124,Rheinland-Pfalz,Trier-Saarburg,Schöndorf,54316,788,10.0,49.680028,6.742401
072355004129,Rheinland-Pfalz,Trier-Saarburg,Sommerau,54317,71,1.04,49.716173,6.736813
072355004135,Rheinland-Pfalz,Trier-Saarburg,Thomm,54317,1068,4.49,49.742679,6.806222
072355004141,Rheinland-Pfalz,Trier-Saarburg,Waldrach,54320,2114,12.46,49.749439,6.742469
072355006004,Rheinland-Pfalz,Trier-Saarburg,Bekond,54340,981,3.85,49.850106,6.800506
072355006015,Rheinland-Pfalz,Trier-Saarburg,Detzem,54340,601,5.56,49.822968,6.844914
072355006019,Rheinland-Pfalz,Trier-Saarburg,Ensch,54340,447,6.82,49.82541,6.831554
072355006022,Rheinland-Pfalz,Trier-Saarburg,Fell,54341,2332,15.73,49.771751,6.782587
072355006026,Rheinland-Pfalz,Trier-Saarburg,Föhren,54343,3041,9.79,49.85818,6.763505
072355006060,Rheinland-Pfalz,Trier-Saarburg,Kenn,54344,2924,3.91,49.800233,6.724969
072355006063,Rheinland-Pfalz,Trier-Saarburg,Klüsserath,54340,1141,11.71,49.844314,6.850181
072355006067,Rheinland-Pfalz,Trier-Saarburg,Köwerich,54340,384,2.31,49.839723,6.870799
072355006074,Rheinland-Pfalz,Trier-Saarburg,Leiwen,54340,1623,12.71,49.821518,6.880097
072355006077,Rheinland-Pfalz,Trier-Saarburg,Longen,54338,122,0.97,49.804046,6.79032
072355006078,Rheinland-Pfalz,Trier-Saarburg,Longuich,54340,1283,8.82,49.807532,6.770531
072355006083,Rheinland-Pfalz,Trier-Saarburg,Mehring,54346,2351,22.3,49.797249,6.824236
072355006091,Rheinland-Pfalz,Trier-Saarburg,Naurath (Eifel),54340,331,5.18,49.881865,6.748959
072355006108,Rheinland-Pfalz,Trier-Saarburg,Pölich,54340,438,3.21,49.797163,6.847245
072355006115,Rheinland-Pfalz,Trier-Saarburg,Riol,54340,1332,6.3,49.79356,6.791417
072355006120,Rheinland-Pfalz,Trier-Saarburg,Schleich,54340,238,1.59,49.812242,6.840519
072355006125,Rheinland-Pfalz,Trier-Saarburg,"Schweich, Stadt",54338,7663,31.08,49.822073,6.752517
072355006134,Rheinland-Pfalz,Trier-Saarburg,Thörnich,54340,228,2.49,49.834065,6.838668
072355006207,Rheinland-Pfalz,Trier-Saarburg,Trittenheim,54349,1065,10.09,49.82398,6.900015
072355007001,Rheinland-Pfalz,Trier-Saarburg,Aach,54298,1034,6.96,49.789601,6.590527
072355007027,Rheinland-Pfalz,Trier-Saarburg,Franzenheim,54316,358,6.45,49.684389,6.687549
072355007048,Rheinland-Pfalz,Trier-Saarburg,Hockweiler,54316,281,2.08,49.703335,6.69231
072355007051,Rheinland-Pfalz,Trier-Saarburg,Igel,54298,2079,7.31,49.709442,6.553829
072355007069,Rheinland-Pfalz,Trier-Saarburg,Kordel,54306,2004,16.57,49.839876,6.631439
072355007073,Rheinland-Pfalz,Trier-Saarburg,Langsur,54308,1707,11.91,49.724444,6.498107
072355007094,Rheinland-Pfalz,Trier-Saarburg,Newel,54309,2627,16.64,49.813085,6.583124
072355007111,Rheinland-Pfalz,Trier-Saarburg,Ralingen,54310,1953,27.64,49.805569,6.513956
072355007137,Rheinland-Pfalz,Trier-Saarburg,Trierweiler,54311,3725,18.41,49.761591,6.559574
072355007151,Rheinland-Pfalz,Trier-Saarburg,Zemmer,54313,2913,24.38,49.892331,6.696642
072355007501,Rheinland-Pfalz,Trier-Saarburg,Welschbillig,54298,2525,37.06,49.853071,6.568474
072355008002,Rheinland-Pfalz,Trier-Saarburg,Ayl,54441,1574,7.58,49.630723,6.554472
072355008003,Rheinland-Pfalz,Trier-Saarburg,Baldringen,54314,255,1.76,49.612664,6.683988
072355008025,Rheinland-Pfalz,Trier-Saarburg,Fisch,54439,424,6.86,49.62074,6.486112
072355008028,Rheinland-Pfalz,Trier-Saarburg,Freudenburg,54450,1799,11.11,49.54169,6.533509
072355008033,Rheinland-Pfalz,Trier-Saarburg,Greimerath,54314,964,12.26,49.562706,6.681385
072355008040,Rheinland-Pfalz,Trier-Saarburg,Heddert,54429,310,4.9,49.643008,6.763447
072355008043,Rheinland-Pfalz,Trier-Saarburg,Hentern,54314,443,6.15,49.61707,6.693105
072355008052,Rheinland-Pfalz,Trier-Saarburg,Irsch,54451,1645,15.22,49.603856,6.59358
072355008057,Rheinland-Pfalz,Trier-Saarburg,Kastel-Staadt,54441,425,5.31,49.564873,6.559328
072355008058,Rheinland-Pfalz,Trier-Saarburg,Kell am See,54427,1895,28.26,49.634125,6.82194
072355008062,Rheinland-Pfalz,Trier-Saarburg,Kirf,54441,834,19.16,49.550991,6.480615
072355008072,Rheinland-Pfalz,Trier-Saarburg,Lampaden,54316,563,8.13,49.649393,6.700376
072355008081,Rheinland-Pfalz,Trier-Saarburg,Mandern,54429,820,23.95,49.60761,6.76953
072355008082,Rheinland-Pfalz,Trier-Saarburg,Mannebach,54441,342,6.05,49.634217,6.508713
072355008098,Rheinland-Pfalz,Trier-Saarburg,Ockfen,54441,574,2.46,49.624189,6.585245
072355008104,Rheinland-Pfalz,Trier-Saarburg,Palzem,54439,1500,21.34,49.565599,6.376018
072355008105,Rheinland-Pfalz,Trier-Saarburg,Paschel,54314,227,4.3,49.638881,6.688591
072355008118,Rheinland-Pfalz,Trier-Saarburg,"Saarburg, Stadt",54439,7533,20.63,49.608359,6.54871
072355008119,Rheinland-Pfalz,Trier-Saarburg,Schillingen,54429,1165,19.55,49.634538,6.785774
072355008122,Rheinland-Pfalz,Trier-Saarburg,Schoden,54441,775,5.15,49.638919,6.577197
072355008123,Rheinland-Pfalz,Trier-Saarburg,Schömerich,54314,130,2.47,49.635187,6.697557
072355008126,Rheinland-Pfalz,Trier-Saarburg,Serrig,54455,1576,17.63,49.575252,6.574072
072355008131,Rheinland-Pfalz,Trier-Saarburg,Taben-Rodt,54441,779,16.28,49.546414,6.592764
072355008136,Rheinland-Pfalz,Trier-Saarburg,Trassem,54441,1122,7.62,49.575777,6.524181
072355008140,Rheinland-Pfalz,Trier-Saarburg,Vierherrenborn,54314,185,8.57,49.605199,6.652966
072355008142,Rheinland-Pfalz,Trier-Saarburg,Waldweiler,54429,841,11.11,49.61415,6.797231
072355008149,Rheinland-Pfalz,Trier-Saarburg,Wincheringen,54457,2548,18.75,49.609496,6.426176
072355008152,Rheinland-Pfalz,Trier-Saarburg,Zerf,54314,1513,28.81,49.601118,6.688611
072355008154,Rheinland-Pfalz,Trier-Saarburg,Merzkirchen,54439,779,18.47,49.5789,6.476831
073110000000,Rheinland-Pfalz,"Frankenthal (Pfalz), kreisfreie Stadt","Frankenthal (Pfalz), Stadt",67227,48134,43.88,49.535556,8.354282
073120000000,Rheinland-Pfalz,"Kaiserslautern, kreisfreie Stadt","Kaiserslautern, Stadt",67657,100247,139.7,49.445456,7.768864
073130000000,Rheinland-Pfalz,"Landau in der Pfalz, kreisfreie Stadt","Landau in der Pfalz, Stadt",76829,48280,82.95,49.196595,8.112414
073140000000,Rheinland-Pfalz,"Ludwigshafen am Rhein, kreisfreie Stadt","Ludwigshafen am Rhein, Stadt",67059,177355,77.43,49.483235,8.447899
073150000000,Rheinland-Pfalz,"Mainz, kreisfreie Stadt","Mainz, Stadt",55116,223888,97.73,50.001959,8.271855
073160000000,Rheinland-Pfalz,"Neustadt an der Weinstraße, kreisfreie Stadt","Neustadt an der Weinstraße, Stadt",67433,52882,117.09,49.351983,8.140755
073170000000,Rheinland-Pfalz,"Pirmasens, kreisfreie Stadt","Pirmasens, Stadt",66953,39389,61.35,49.19945,7.606009
073180000000,Rheinland-Pfalz,"Speyer, kreisfreie Stadt","Speyer, Stadt",67346,49035,42.71,49.316172,8.436572
073190000000,Rheinland-Pfalz,"Worms, kreisfreie Stadt","Worms, Stadt",67547,86921,108.73,49.629828,8.361704
073200000000,Rheinland-Pfalz,"Zweibrücken, kreisfreie Stadt","Zweibrücken, Stadt",66482,33178,70.64,49.249189,7.363114
073310003003,Rheinland-Pfalz,Alzey-Worms,"Alzey, Stadt",55232,19305,35.22,49.745225,8.112469
073315001001,Rheinland-Pfalz,Alzey-Worms,Albig,55234,1644,10.24,49.773804,8.12235
073315001005,Rheinland-Pfalz,Alzey-Worms,Bechenheim,55234,421,2.55,49.729069,8.002618
073315001007,Rheinland-Pfalz,Alzey-Worms,Bechtolsheim,55234,1799,10.65,49.804318,8.194786
073315001008,Rheinland-Pfalz,Alzey-Worms,Bermersheim vor der Höhe,55234,387,2.87,49.778293,8.098662
073315001010,Rheinland-Pfalz,Alzey-Worms,Biebelnheim,55234,668,6.2,49.796214,8.170386
073315001012,Rheinland-Pfalz,Alzey-Worms,Bornheim,55237,864,4.45,49.781158,8.063722
073315001014,Rheinland-Pfalz,Alzey-Worms,Dintesheim,55234,158,1.96,49.707617,8.143506
073315001020,Rheinland-Pfalz,Alzey-Worms,Eppelsheim,55234,1111,5.57,49.705144,8.166162
073315001021,Rheinland-Pfalz,Alzey-Worms,Erbes-Büdesheim,55234,1479,10.16,49.756689,8.032363
073315001022,Rheinland-Pfalz,Alzey-Worms,Esselborn,55234,391,4.1,49.714648,8.118915
073315001024,Rheinland-Pfalz,Alzey-Worms,Flomborn,55234,1056,7.94,49.69181,8.151622
073315001025,Rheinland-Pfalz,Alzey-Worms,Flonheim,55237,2644,14.95,49.785707,8.036795
073315001026,Rheinland-Pfalz,Alzey-Worms,Framersheim,55234,1557,9.31,49.758838,8.174174
073315001027,Rheinland-Pfalz,Alzey-Worms,Freimersheim,55234,679,6.41,49.708089,8.088388
073315001031,Rheinland-Pfalz,Alzey-Worms,Gau-Heppenheim,55234,569,5.53,49.741867,8.173988
073315001032,Rheinland-Pfalz,Alzey-Worms,Gau-Odernheim,55239,4025,18.27,49.784204,8.193147
073315001042,Rheinland-Pfalz,Alzey-Worms,Kettenheim,55234,314,3.47,49.721185,8.114743
073315001043,Rheinland-Pfalz,Alzey-Worms,Lonsheim,55237,582,4.56,49.779175,8.077502
073315001044,Rheinland-Pfalz,Alzey-Worms,Mauchenheim,67294,968,6.87,49.717387,8.046435
073315001050,Rheinland-Pfalz,Alzey-Worms,Nack,55234,567,5.56,49.746998,8.002122
073315001051,Rheinland-Pfalz,Alzey-Worms,Nieder-Wiesen,55234,588,4.89,49.730045,7.977195
073315001052,Rheinland-Pfalz,Alzey-Worms,Ober-Flörsheim,55234,1339,10.24,49.683754,8.155056
073315001053,Rheinland-Pfalz,Alzey-Worms,Offenheim,55234,645,13.86,49.725483,8.031502
073315001067,Rheinland-Pfalz,Alzey-Worms,Wahlheim,55234,574,3.26,49.717146,8.105047
073315002002,Rheinland-Pfalz,Alzey-Worms,Alsheim,67577,2700,15.54,49.767929,8.341322
073315002018,Rheinland-Pfalz,Alzey-Worms,Eich,67575,3886,21.02,49.749758,8.403861
073315002034,Rheinland-Pfalz,Alzey-Worms,Gimbsheim,67578,3130,17.62,49.779088,8.375592
073315002038,Rheinland-Pfalz,Alzey-Worms,Hamm am Rhein,67580,1864,7.89,49.733391,8.433477
073315002045,Rheinland-Pfalz,Alzey-Worms,Mettenheim,67582,1591,6.41,49.740082,8.326279
073315003023,Rheinland-Pfalz,Alzey-Worms,Flörsheim-Dalsheim,67592,3223,12.71,49.651778,8.211124
073315003041,Rheinland-Pfalz,Alzey-Worms,Hohen-Sülzen,67591,732,3.78,49.619342,8.226648
073315003046,Rheinland-Pfalz,Alzey-Worms,Mölsheim,67591,543,4.62,49.647101,8.170733
073315003047,Rheinland-Pfalz,Alzey-Worms,Mörstadt,67591,1029,5.62,49.661712,8.254616
073315003048,Rheinland-Pfalz,Alzey-Worms,Monsheim,67590,2327,9.61,49.635629,8.210623
073315003054,Rheinland-Pfalz,Alzey-Worms,Offstein,67591,1826,5.64,49.605463,8.237635
073315003066,Rheinland-Pfalz,Alzey-Worms,Wachenheim,67591,740,3.55,49.636666,8.166655
073315005017,Rheinland-Pfalz,Alzey-Worms,Eckelsheim,55599,413,4.92,49.794712,7.983959
073315005030,Rheinland-Pfalz,Alzey-Worms,Gau-Bickelheim,55599,2146,7.99,49.835596,8.020222
073315005035,Rheinland-Pfalz,Alzey-Worms,Gumbsheim,55597,612,3.34,49.811876,7.986293
073315005060,Rheinland-Pfalz,Alzey-Worms,Siefersheim,55599,1269,6.28,49.796519,7.957191
073315005062,Rheinland-Pfalz,Alzey-Worms,Stein-Bockenheim,55599,647,5.55,49.774295,7.956071
073315005070,Rheinland-Pfalz,Alzey-Worms,Wendelsheim,55234,1440,12.56,49.767363,7.996509
073315005072,Rheinland-Pfalz,Alzey-Worms,Wöllstein,55597,4475,12.0,49.813506,7.958787
073315005075,Rheinland-Pfalz,Alzey-Worms,Wonsheim,55599,971,8.78,49.782176,7.963894
073315006004,Rheinland-Pfalz,Alzey-Worms,Armsheim,55288,2503,10.05,49.808643,8.056736
073315006019,Rheinland-Pfalz,Alzey-Worms,Ensheim,55232,480,3.93,49.806914,8.116022
073315006029,Rheinland-Pfalz,Alzey-Worms,Gabsheim,55288,717,8.1,49.827822,8.174974
073315006033,Rheinland-Pfalz,Alzey-Worms,Gau-Weinheim,55578,589,3.91,49.846756,8.04777
073315006056,Rheinland-Pfalz,Alzey-Worms,Partenheim,55288,1604,8.41,49.882449,8.077527
073315006058,Rheinland-Pfalz,Alzey-Worms,Saulheim,55291,7869,18.94,49.876373,8.14903
073315006059,Rheinland-Pfalz,Alzey-Worms,Schornsheim,55288,1594,8.91,49.846568,8.174349
073315006061,Rheinland-Pfalz,Alzey-Worms,Spiesheim,55288,960,7.31,49.809846,8.127948
073315006063,Rheinland-Pfalz,Alzey-Worms,Sulzheim,55286,1276,6.07,49.844475,8.092437
073315006064,Rheinland-Pfalz,Alzey-Worms,Udenheim,55288,1345,7.97,49.864584,8.171921
073315006065,Rheinland-Pfalz,Alzey-Worms,Vendersheim,55578,533,4.17,49.866596,8.066819
073315006068,Rheinland-Pfalz,Alzey-Worms,Wallertheim,55578,1789,8.1,49.835395,8.05127
073315006073,Rheinland-Pfalz,Alzey-Worms,"Wörrstadt, Stadt",55286,8523,16.75,49.838016,8.11667
073315007006,Rheinland-Pfalz,Alzey-Worms,Bechtheim,67595,1855,13.34,49.727031,8.293205
073315007009,Rheinland-Pfalz,Alzey-Worms,Bermersheim,67593,327,2.32,49.681724,8.223253
073315007011,Rheinland-Pfalz,Alzey-Worms,Hochborn,55234,390,3.56,49.724196,8.200787
073315007015,Rheinland-Pfalz,Alzey-Worms,Dittelsheim-Heßloch,67596,2102,13.83,49.741199,8.245647
073315007028,Rheinland-Pfalz,Alzey-Worms,Frettenheim,67596,311,2.74,49.760106,8.243184
073315007036,Rheinland-Pfalz,Alzey-Worms,Gundersheim,67598,1498,8.63,49.696322,8.203102
073315007037,Rheinland-Pfalz,Alzey-Worms,Gundheim,67599,987,4.61,49.675599,8.237388
073315007039,Rheinland-Pfalz,Alzey-Worms,Hangen-Weisheim,55234,413,4.6,49.710099,8.183478
073315007049,Rheinland-Pfalz,Alzey-Worms,Monzernheim,55234,532,3.95,49.72214,8.227847
073315007055,Rheinland-Pfalz,Alzey-Worms,"Osthofen, Stadt",67574,9653,18.62,49.703765,8.322551
073315007071,Rheinland-Pfalz,Alzey-Worms,Westhofen,67593,3328,14.73,49.704202,8.246372
073320002002,Rheinland-Pfalz,Bad Dürkheim,"Bad Dürkheim, Stadt",67098,19002,102.55,49.460397,8.169191
073320024024,Rheinland-Pfalz,Bad Dürkheim,"Grünstadt, Stadt",67269,14379,18.09,49.564892,8.162374
073320025025,Rheinland-Pfalz,Bad Dürkheim,Haßloch,67454,20395,39.95,49.363164,8.255791
073325001009,Rheinland-Pfalz,Bad Dürkheim,"Deidesheim, Stadt",67146,3622,26.54,49.409358,8.186692
073325001017,Rheinland-Pfalz,Bad Dürkheim,Forst an der Weinstraße,67147,789,3.59,49.426125,8.188905
073325001035,Rheinland-Pfalz,Bad Dürkheim,Meckenheim,67149,3382,15.05,49.404701,8.238815
073325001039,Rheinland-Pfalz,Bad Dürkheim,Niederkirchen bei Deidesheim,67150,2247,3.78,49.413509,8.211501
073325001043,Rheinland-Pfalz,Bad Dürkheim,Ruppertsberg,67152,1374,8.06,49.399386,8.197281
073325002005,Rheinland-Pfalz,Bad Dürkheim,Bobenheim am Berg,67273,786,6.33,49.524001,8.152156
073325002008,Rheinland-Pfalz,Bad Dürkheim,Dackenheim,67273,459,3.33,49.521316,8.185566
073325002015,Rheinland-Pfalz,Bad Dürkheim,Erpolzheim,67167,1350,3.6,49.489142,8.225515
073325002019,Rheinland-Pfalz,Bad Dürkheim,"Freinsheim, Stadt",67251,4854,13.59,49.507066,8.21286
073325002026,Rheinland-Pfalz,Bad Dürkheim,Herxheim am Berg,67273,721,4.35,49.509464,8.17949
073325002028,Rheinland-Pfalz,Bad Dürkheim,Kallstadt,67169,1213,6.57,49.4913,8.175079
073325002049,Rheinland-Pfalz,Bad Dürkheim,Weisenheim am Berg,67273,1670,9.21,49.513132,8.154044
073325002050,Rheinland-Pfalz,Bad Dürkheim,Weisenheim am Sand,67256,4131,13.73,49.516774,8.247606
073325005014,Rheinland-Pfalz,Bad Dürkheim,Elmstein,67471,2424,75.63,49.352193,7.935266
073325005016,Rheinland-Pfalz,Bad Dürkheim,Esthal,67472,1325,15.5,49.377306,7.985522
073325005018,Rheinland-Pfalz,Bad Dürkheim,Frankeneck,67468,851,4.76,49.376384,8.052302
073325005032,Rheinland-Pfalz,Bad Dürkheim,"Lambrecht (Pfalz), Stadt",67466,3923,8.32,49.372252,8.070859
073325005034,Rheinland-Pfalz,Bad Dürkheim,Lindenberg,67473,1186,3.79,49.381314,8.096909
073325005037,Rheinland-Pfalz,Bad Dürkheim,Neidenfels,67468,779,6.64,49.388533,8.046029
073325005048,Rheinland-Pfalz,Bad Dürkheim,Weidenthal,67475,1662,14.48,49.422071,7.988018
073325006013,Rheinland-Pfalz,Bad Dürkheim,Ellerstadt,67158,2459,6.34,49.461405,8.258852
073325006020,Rheinland-Pfalz,Bad Dürkheim,Friedelsheim,67159,1429,4.16,49.447276,8.22256
073325006022,Rheinland-Pfalz,Bad Dürkheim,Gönnheim,67161,1601,6.54,49.448987,8.237788
073325006046,Rheinland-Pfalz,Bad Dürkheim,"Wachenheim an der Weinstraße, Stadt",67157,4393,24.97,49.439981,8.180798
073325007001,Rheinland-Pfalz,Bad Dürkheim,Altleiningen,67317,1712,11.47,49.508098,8.074275
073325007003,Rheinland-Pfalz,Bad Dürkheim,Battenberg (Pfalz),67271,375,5.45,49.532039,8.138375
073325007004,Rheinland-Pfalz,Bad Dürkheim,Bissersheim,67281,483,2.57,49.536556,8.203761
073325007006,Rheinland-Pfalz,Bad Dürkheim,Bockenheim an der Weinstraße,67278,2349,11.24,49.606505,8.181535
073325007007,Rheinland-Pfalz,Bad Dürkheim,Carlsberg,67316,3552,7.03,49.505112,8.038629
073325007010,Rheinland-Pfalz,Bad Dürkheim,Dirmstein,67246,3010,14.67,49.56387,8.249704
073325007012,Rheinland-Pfalz,Bad Dürkheim,Ebertsheim,67280,1324,5.29,49.56781,8.10893
073325007021,Rheinland-Pfalz,Bad Dürkheim,Gerolsheim,67229,1796,4.81,49.547125,8.262651
073325007023,Rheinland-Pfalz,Bad Dürkheim,Großkarlbach,67229,1127,5.26,49.538761,8.223336
073325007027,Rheinland-Pfalz,Bad Dürkheim,Hettenleidelheim,67310,2974,5.08,49.534527,8.069795
073325007029,Rheinland-Pfalz,Bad Dürkheim,Kindenheim,67271,1051,8.96,49.610384,8.161415
073325007030,Rheinland-Pfalz,Bad Dürkheim,Kirchheim an der Weinstraße,67281,1903,8.98,49.538079,8.180509
073325007031,Rheinland-Pfalz,Bad Dürkheim,Kleinkarlbach,67271,797,2.69,49.540002,8.154192
073325007033,Rheinland-Pfalz,Bad Dürkheim,Laumersheim,67229,907,4.86,49.55425,8.233583
073325007036,Rheinland-Pfalz,Bad Dürkheim,Mertesheim,67271,407,2.2,49.571468,8.132155
073325007038,Rheinland-Pfalz,Bad Dürkheim,Neuleiningen,67271,773,9.06,49.542779,8.139768
073325007040,Rheinland-Pfalz,Bad Dürkheim,Obersülzen,67271,779,3.52,49.5684,8.21131
073325007041,Rheinland-Pfalz,Bad Dürkheim,Obrigheim (Pfalz),67283,2801,10.81,49.59282,8.20564
073325007042,Rheinland-Pfalz,Bad Dürkheim,Quirnheim,67280,784,4.45,49.584989,8.126275
073325007044,Rheinland-Pfalz,Bad Dürkheim,Tiefenthal,67311,874,4.21,49.539877,8.105347
073325007047,Rheinland-Pfalz,Bad Dürkheim,Wattenheim,67319,1679,12.55,49.522923,8.065582
073335002019,Rheinland-Pfalz,Donnersbergkreis,"Eisenberg (Pfalz), Stadt",67304,9094,18.75,49.557834,8.07207
073335002038,Rheinland-Pfalz,Donnersbergkreis,Kerzenheim,67304,2061,17.89,49.576262,8.060919
073335002060,Rheinland-Pfalz,Donnersbergkreis,Ramsen,67305,1820,27.06,49.537284,8.011621
073335003001,Rheinland-Pfalz,Donnersbergkreis,Albisheim (Pfrimm),67308,1841,10.74,49.649493,8.095715
073335003006,Rheinland-Pfalz,Donnersbergkreis,Biedesheim,67308,623,6.32,49.604788,8.106913
073335003012,Rheinland-Pfalz,Donnersbergkreis,Bubenheim,67308,418,2.94,49.628173,8.11865
073335003017,Rheinland-Pfalz,Donnersbergkreis,Dreisen,67816,945,9.03,49.603055,8.011186
073335003018,Rheinland-Pfalz,Donnersbergkreis,Einselthum,67308,782,5.51,49.652447,8.125637
073335003026,Rheinland-Pfalz,Donnersbergkreis,Göllheim,67307,3807,18.02,49.59502,8.051428
073335003032,Rheinland-Pfalz,Donnersbergkreis,Immesheim,67308,129,2.99,49.636212,8.103536
073335003041,Rheinland-Pfalz,Donnersbergkreis,Lautersheim,67308,629,3.71,49.58789,8.098261
073335003058,Rheinland-Pfalz,Donnersbergkreis,Ottersheim,67308,354,2.74,49.625677,8.108515
073335003064,Rheinland-Pfalz,Donnersbergkreis,Rüssingen,67308,530,4.84,49.616298,8.086456
073335003074,Rheinland-Pfalz,Donnersbergkreis,Standenbühl,67816,187,1.25,49.594432,7.981905
073335003081,Rheinland-Pfalz,Donnersbergkreis,Weitersweiler,67808,511,4.52,49.614915,7.997144
073335003501,Rheinland-Pfalz,Donnersbergkreis,Zellertal,67308,1138,6.94,49.6427,8.134534
073335004005,Rheinland-Pfalz,Donnersbergkreis,Bennhausen,67808,154,1.48,49.622926,7.978061
073335004007,Rheinland-Pfalz,Donnersbergkreis,Bischheim,67294,758,6.61,49.670622,8.03307
073335004010,Rheinland-Pfalz,Donnersbergkreis,Bolanden,67295,2319,17.44,49.639149,8.011508
073335004013,Rheinland-Pfalz,Donnersbergkreis,Dannenfels,67814,887,15.78,49.628338,7.943643
073335004022,Rheinland-Pfalz,Donnersbergkreis,Gauersheim,67294,657,5.25,49.659769,8.07236
073335004031,Rheinland-Pfalz,Donnersbergkreis,Ilbesheim,67294,598,6.11,49.690394,8.074159
073335004035,Rheinland-Pfalz,Donnersbergkreis,Jakobsweiler,67814,255,2.41,49.612314,7.95719
073335004039,Rheinland-Pfalz,Donnersbergkreis,"Kirchheimbolanden, Stadt",67292,7921,26.36,49.664151,8.010665
073335004040,Rheinland-Pfalz,Donnersbergkreis,Kriegsfeld,67819,972,26.41,49.709175,7.915738
073335004045,Rheinland-Pfalz,Donnersbergkreis,Marnheim,67297,1844,9.95,49.6341,8.04114
073335004046,Rheinland-Pfalz,Donnersbergkreis,Mörsfeld,67808,473,5.25,49.744122,7.935081
073335004047,Rheinland-Pfalz,Donnersbergkreis,Morschheim,67294,768,6.51,49.697034,8.025694
073335004056,Rheinland-Pfalz,Donnersbergkreis,Oberwiesen,67294,527,1.61,49.698948,7.961243
073335004057,Rheinland-Pfalz,Donnersbergkreis,Orbis,67294,684,5.68,49.695819,7.994174
073335004062,Rheinland-Pfalz,Donnersbergkreis,Rittersheim,67294,188,3.95,49.668104,8.058511
073335004076,Rheinland-Pfalz,Donnersbergkreis,Stetten,67294,652,6.54,49.670488,8.092494
073335006009,Rheinland-Pfalz,Donnersbergkreis,Börrstadt,67725,896,15.09,49.576821,7.944003
073335006011,Rheinland-Pfalz,Donnersbergkreis,Breunigweiler,67725,449,3.24,49.569415,7.96332
073335006020,Rheinland-Pfalz,Donnersbergkreis,Falkenstein,67808,178,7.49,49.607632,7.874733
073335006027,Rheinland-Pfalz,Donnersbergkreis,Gonbach,67724,494,2.94,49.547874,7.906153
073335006030,Rheinland-Pfalz,Donnersbergkreis,Höringen,67724,654,10.73,49.555054,7.797746
073335006033,Rheinland-Pfalz,Donnersbergkreis,Imsbach,67817,869,8.91,49.582433,7.879713
073335006042,Rheinland-Pfalz,Donnersbergkreis,Lohnsfeld,67727,939,6.9,49.551112,7.853688
073335006048,Rheinland-Pfalz,Donnersbergkreis,Münchweiler an der Alsenz,67728,1192,7.09,49.550619,7.884288
073335006069,Rheinland-Pfalz,Donnersbergkreis,Schweisweiler,67808,330,4.86,49.588421,7.822944
073335006071,Rheinland-Pfalz,Donnersbergkreis,Sippersfeld,67729,1086,13.21,49.554727,7.938266
073335006075,Rheinland-Pfalz,Donnersbergkreis,Steinbach am Donnersberg,67808,675,4.43,49.597783,7.956675
073335006080,Rheinland-Pfalz,Donnersbergkreis,Wartenberg-Rohrbach,67681,447,4.48,49.525584,7.849541
073335006503,Rheinland-Pfalz,Donnersbergkreis,Winnweiler,67722,4745,21.8,49.567595,7.854076
073335007003,Rheinland-Pfalz,Donnersbergkreis,Alsenz,67821,1544,12.88,49.724272,7.8152
073335007004,Rheinland-Pfalz,Donnersbergkreis,Bayerfeld-Steckweiler,67808,393,8.59,49.67877,7.797604
073335007008,Rheinland-Pfalz,Donnersbergkreis,Bisterschied,67806,230,5.15,49.646631,7.749041
073335007014,Rheinland-Pfalz,Donnersbergkreis,Dielkirchen,67811,446,8.1,49.660387,7.818448
073335007016,Rheinland-Pfalz,Donnersbergkreis,Dörrmoschel,67806,132,2.87,49.619756,7.749328
073335007021,Rheinland-Pfalz,Donnersbergkreis,Finkenbach-Gersweiler,67822,284,7.73,49.683359,7.745964
073335007023,Rheinland-Pfalz,Donnersbergkreis,Gaugrehweiler,67822,506,9.92,49.707758,7.861787
073335007024,Rheinland-Pfalz,Donnersbergkreis,Gehrweiler,67724,291,4.09,49.576351,7.771429
073335007025,Rheinland-Pfalz,Donnersbergkreis,Gerbach,67813,479,7.32,49.673724,7.870869
073335007028,Rheinland-Pfalz,Donnersbergkreis,Gundersweiler,67724,510,10.44,49.592153,7.782996
073335007034,Rheinland-Pfalz,Donnersbergkreis,Imsweiler,67808,554,9.89,49.601854,7.798783
073335007036,Rheinland-Pfalz,Donnersbergkreis,Kalkofen,67822,163,1.83,49.733009,7.835687
073335007037,Rheinland-Pfalz,Donnersbergkreis,Katzenbach,67806,470,6.05,49.645269,7.812228
073335007043,Rheinland-Pfalz,Donnersbergkreis,Mannweiler-Cölln,67822,382,4.9,49.6962,7.803005
073335007049,Rheinland-Pfalz,Donnersbergkreis,Münsterappel,67822,479,6.33,49.734924,7.876047
073335007050,Rheinland-Pfalz,Donnersbergkreis,Niederhausen an der Appel,67822,224,5.46,49.74715,7.892653
073335007051,Rheinland-Pfalz,Donnersbergkreis,Niedermoschel,67822,497,6.61,49.73318,7.794614
073335007053,Rheinland-Pfalz,Donnersbergkreis,Oberhausen an der Appel,67822,133,3.33,49.720679,7.867992
073335007054,Rheinland-Pfalz,Donnersbergkreis,"Obermoschel, Stadt",67823,1077,10.15,49.727689,7.773886
073335007055,Rheinland-Pfalz,Donnersbergkreis,Oberndorf,67821,246,2.8,49.710168,7.809978
073335007061,Rheinland-Pfalz,Donnersbergkreis,Ransweiler,67808,239,4.79,49.664755,7.766567
073335007065,Rheinland-Pfalz,Donnersbergkreis,Ruppertsecken,67808,336,9.43,49.645819,7.881015
073335007066,Rheinland-Pfalz,Donnersbergkreis,Sankt Alban,67813,269,5.46,49.683295,7.86278
073335007067,Rheinland-Pfalz,Donnersbergkreis,Schiersfeld,67823,225,7.07,49.694578,7.762734
073335007068,Rheinland-Pfalz,Donnersbergkreis,Schönborn,67808,104,2.61,49.642132,7.772576
073335007072,Rheinland-Pfalz,Donnersbergkreis,Sitters,67823,93,2.63,49.70877,7.784214
073335007073,Rheinland-Pfalz,Donnersbergkreis,Stahlberg,67808,166,2.59,49.664741,7.786942
073335007077,Rheinland-Pfalz,Donnersbergkreis,Teschenmoschel,67806,125,3.73,49.631036,7.732266
073335007078,Rheinland-Pfalz,Donnersbergkreis,Unkenbach,67823,190,5.12,49.716572,7.744048
073335007079,Rheinland-Pfalz,Donnersbergkreis,Waldgrehweiler,67822,211,7.74,49.668498,7.741981
073335007083,Rheinland-Pfalz,Donnersbergkreis,Winterborn,67822,160,8.45,49.746367,7.864841
073335007084,Rheinland-Pfalz,Donnersbergkreis,Würzweiler,67808,210,2.32,49.654184,7.862517
073335007201,Rheinland-Pfalz,Donnersbergkreis,Rathskirchen,67744,172,5.12,49.614919,7.720482
073335007202,Rheinland-Pfalz,Donnersbergkreis,Reichsthal,67759,97,2.17,49.597757,7.729168
073335007203,Rheinland-Pfalz,Donnersbergkreis,Seelen,67744,160,3.16,49.599679,7.714437
073335007502,Rheinland-Pfalz,Donnersbergkreis,"Rockenhausen, Stadt",67806,5311,36.83,49.628859,7.823609
073340007007,Rheinland-Pfalz,Germersheim,"Germersheim, Stadt",76726,21532,21.68,49.21765,8.374177
073340501501,Rheinland-Pfalz,Germersheim,"Wörth am Rhein, Stadt",76744,18350,131.62,49.051938,8.268634
073345001001,Rheinland-Pfalz,Germersheim,Bellheim,76756,8715,20.43,49.190542,8.284042
073345001014,Rheinland-Pfalz,Germersheim,Knittelsheim,76879,1009,6.37,49.191462,8.251143
073345001023,Rheinland-Pfalz,Germersheim,Ottersheim bei Landau,76879,1851,7.89,49.191449,8.230383
073345001036,Rheinland-Pfalz,Germersheim,Zeiskam,67378,2197,8.85,49.23346,8.24837
073345002002,Rheinland-Pfalz,Germersheim,Berg (Pfalz),76768,1935,6.76,48.982445,8.205367
073345002008,Rheinland-Pfalz,Germersheim,"Hagenbach, Stadt",76767,5295,15.86,49.02038,8.247027
073345002021,Rheinland-Pfalz,Germersheim,Neuburg am Rhein,76776,2520,8.31,48.986655,8.251735
073345002027,Rheinland-Pfalz,Germersheim,Scheibenhardt,76779,611,2.88,48.981189,8.139887
073345003009,Rheinland-Pfalz,Germersheim,Hatzenbühl,76770,2847,7.76,49.110695,8.243475
073345003012,Rheinland-Pfalz,Germersheim,Jockgrim,76751,7484,12.61,49.094237,8.276512
073345003022,Rheinland-Pfalz,Germersheim,Neupotz,76777,1936,7.8,49.118317,8.317843
073345003024,Rheinland-Pfalz,Germersheim,Rheinzabern,76764,4958,12.77,49.117953,8.278355
073345004004,Rheinland-Pfalz,Germersheim,Erlenbach bei Kandel,76872,735,5.47,49.110993,8.186629
073345004005,Rheinland-Pfalz,Germersheim,Freckenfeld,76872,1516,11.14,49.065365,8.111546
073345004013,Rheinland-Pfalz,Germersheim,"Kandel, Stadt",76870,9285,26.69,49.081369,8.192761
073345004020,Rheinland-Pfalz,Germersheim,Minfeld,76872,1752,8.41,49.072241,8.143806
073345004030,Rheinland-Pfalz,Germersheim,Steinweiler,76872,2016,11.88,49.12241,8.139929
073345004031,Rheinland-Pfalz,Germersheim,Vollmersweiler,76744,207,2.18,49.065113,8.07554
073345004034,Rheinland-Pfalz,Germersheim,Winden,76872,1032,3.21,49.098548,8.114207
073345005006,Rheinland-Pfalz,Germersheim,Freisbach,67361,1190,4.97,49.272207,8.270735
073345005017,Rheinland-Pfalz,Germersheim,Lingenfeld,67360,5890,15.21,49.249151,8.342315
073345005018,Rheinland-Pfalz,Germersheim,Lustadt,67363,3379,23.52,49.244519,8.274533
073345005028,Rheinland-Pfalz,Germersheim,Schwegenheim,67365,3242,12.27,49.269476,8.329323
073345005032,Rheinland-Pfalz,Germersheim,Weingarten (Pfalz),67366,1859,6.67,49.259178,8.286793
073345005033,Rheinland-Pfalz,Germersheim,Westheim (Pfalz),67368,1710,7.13,49.249181,8.32364
073345006011,Rheinland-Pfalz,Germersheim,Hördt,76771,2730,18.47,49.166223,8.327028
073345006015,Rheinland-Pfalz,Germersheim,Kuhardt,76773,1917,4.88,49.144499,8.315402
073345006016,Rheinland-Pfalz,Germersheim,Leimersheim,76774,2609,12.97,49.123945,8.342259
073345006025,Rheinland-Pfalz,Germersheim,Rülzheim,76761,8456,16.66,49.155067,8.293548
073355001003,Rheinland-Pfalz,Kaiserslautern,Bruchmühlbach-Miesau,66892,8143,26.85,49.387344,7.46112
073355001011,Rheinland-Pfalz,Kaiserslautern,Gerhardsbrunn,66894,155,10.04,49.355605,7.521966
073355001201,Rheinland-Pfalz,Kaiserslautern,Lambsborn,66894,709,4.73,49.367433,7.428122
073355001202,Rheinland-Pfalz,Kaiserslautern,Langwieden,66894,275,7.02,49.374616,7.500691
073355001203,Rheinland-Pfalz,Kaiserslautern,Martinshöhe,66894,1361,10.93,49.364351,7.478836
073355002004,Rheinland-Pfalz,Kaiserslautern,Enkenbach-Alsenborn,67677,7231,30.06,49.490516,7.90659
073355002007,Rheinland-Pfalz,Kaiserslautern,Fischbach,67693,807,15.06,49.45412,7.911874
073355002010,Rheinland-Pfalz,Kaiserslautern,Frankenstein,67468,914,13.8,49.438664,7.979846
073355002015,Rheinland-Pfalz,Kaiserslautern,Hochspeyer,67691,4700,22.74,49.44412,7.89553
073355002026,Rheinland-Pfalz,Kaiserslautern,Mehlingen,67678,3864,21.95,49.493578,7.855085
073355002028,Rheinland-Pfalz,Kaiserslautern,Neuhemsbach,67680,959,6.66,49.522457,7.923664
073355002048,Rheinland-Pfalz,Kaiserslautern,Waldleiningen,67693,384,26.69,49.397765,7.885152
073355002205,Rheinland-Pfalz,Kaiserslautern,Sembach,67681,1139,5.5,49.51302,7.857688
073355008016,Rheinland-Pfalz,Kaiserslautern,Hütschenhausen,66882,3950,18.03,49.419652,7.481347
073355008020,Rheinland-Pfalz,Kaiserslautern,Kottweiler-Schwanden,66879,1318,7.61,49.473245,7.538939
073355008030,Rheinland-Pfalz,Kaiserslautern,Niedermohr,66879,1449,12.12,49.459844,7.464311
073355008038,Rheinland-Pfalz,Kaiserslautern,"Ramstein-Miesenbach, Stadt",66877,7607,43.01,49.445736,7.551119
073355008044,Rheinland-Pfalz,Kaiserslautern,Steinwenden,66879,2405,11.84,49.456174,7.52831
073355009005,Rheinland-Pfalz,Kaiserslautern,Erzenhausen,67685,760,5.63,49.499657,7.617397
073355009006,Rheinland-Pfalz,Kaiserslautern,Eulenbis,67685,482,3.97,49.506579,7.637496
073355009019,Rheinland-Pfalz,Kaiserslautern,Kollweiler,66879,530,5.57,49.514656,7.577818
073355009024,Rheinland-Pfalz,Kaiserslautern,Mackenbach,67686,2071,3.54,49.475043,7.586909
073355009040,Rheinland-Pfalz,Kaiserslautern,Rodenbach,67688,3338,13.73,49.473468,7.653207
073355009043,Rheinland-Pfalz,Kaiserslautern,Schwedelbach,67685,1091,8.41,49.495823,7.593578
073355009049,Rheinland-Pfalz,Kaiserslautern,Weilerbach,67685,4501,15.99,49.481334,7.631074
073355009501,Rheinland-Pfalz,Kaiserslautern,Reichenbach-Steegen,66879,1442,15.12,49.504593,7.527253
073355010009,Rheinland-Pfalz,Kaiserslautern,Frankelbach,67737,318,5.29,49.534422,7.633563
073355010013,Rheinland-Pfalz,Kaiserslautern,Heiligenmoschel,67699,618,8.68,49.555985,7.757549
073355010014,Rheinland-Pfalz,Kaiserslautern,Hirschhorn/ Pfalz,67732,727,3.32,49.519289,7.678926
073355010017,Rheinland-Pfalz,Kaiserslautern,Katzweiler,67734,1886,9.42,49.504075,7.69771
073355010025,Rheinland-Pfalz,Kaiserslautern,Mehlbach,67735,1109,9.03,49.521821,7.717068
073355010029,Rheinland-Pfalz,Kaiserslautern,Niederkirchen,67700,1807,23.86,49.578322,7.696361
073355010033,Rheinland-Pfalz,Kaiserslautern,Olsbrücken,67737,1019,7.23,49.539192,7.657665
073355010034,Rheinland-Pfalz,Kaiserslautern,Otterbach,67731,3939,6.2,49.48706,7.739678
073355010035,Rheinland-Pfalz,Kaiserslautern,"Otterberg, Stadt",67697,5404,32.11,49.502037,7.772375
073355010041,Rheinland-Pfalz,Kaiserslautern,Schallodenbach,67701,844,7.45,49.544365,7.714968
073355010042,Rheinland-Pfalz,Kaiserslautern,Schneckenhausen,67699,565,3.72,49.538595,7.744368
073355010046,Rheinland-Pfalz,Kaiserslautern,Sulzbachtal,67734,425,6.7,49.522147,7.65734
073355011002,Rheinland-Pfalz,Kaiserslautern,Bann,66851,2214,12.94,49.390185,7.611963
073355011012,Rheinland-Pfalz,Kaiserslautern,Hauptstuhl,66851,1182,5.0,49.400211,7.492518
073355011018,Rheinland-Pfalz,Kaiserslautern,Kindsbach,66862,2533,8.81,49.416087,7.615011
073355011021,Rheinland-Pfalz,Kaiserslautern,Krickenbach,67706,1189,10.03,49.362893,7.666436
073355011022,Rheinland-Pfalz,Kaiserslautern,"Landstuhl, Sickingenstadt, Stadt",66849,8353,15.34,49.410247,7.568755
073355011023,Rheinland-Pfalz,Kaiserslautern,Linden,66851,1197,5.09,49.351256,7.645916
073355011027,Rheinland-Pfalz,Kaiserslautern,Mittelbrunn,66851,713,8.96,49.372679,7.550494
073355011031,Rheinland-Pfalz,Kaiserslautern,Oberarnbach,66851,452,5.08,49.385184,7.587841
073355011037,Rheinland-Pfalz,Kaiserslautern,Queidersbach,66851,2715,14.79,49.37327,7.629494
073355011045,Rheinland-Pfalz,Kaiserslautern,Stelzenberg,67705,1229,9.24,49.380053,7.739726
073355011047,Rheinland-Pfalz,Kaiserslautern,Trippstadt,67705,2789,43.72,49.356549,7.771394
073355011204,Rheinland-Pfalz,Kaiserslautern,Schopp,67707,1505,11.35,49.351081,7.687583
073365008001,Rheinland-Pfalz,Kusel,Adenbach,67742,144,2.94,49.669273,7.647541
073365008005,Rheinland-Pfalz,Kusel,Aschbach,67753,299,4.45,49.600926,7.575961
073365008012,Rheinland-Pfalz,Kusel,Buborn,67742,115,2.85,49.636702,7.541333
073365008013,Rheinland-Pfalz,Kusel,Cronenberg,67744,150,2.65,49.652553,7.624401
073365008014,Rheinland-Pfalz,Kusel,Deimberg,67742,98,2.12,49.627476,7.517794
073365008019,Rheinland-Pfalz,Kusel,Einöllen,67753,387,4.89,49.609109,7.636962
073365008023,Rheinland-Pfalz,Kusel,Eßweiler,67754,379,8.09,49.558454,7.565245
073365008029,Rheinland-Pfalz,Kusel,Ginsweiler,67742,255,3.99,49.652768,7.647781
073365008030,Rheinland-Pfalz,Kusel,Glanbrücken,66887,469,4.66,49.61327,7.527457
073365008033,Rheinland-Pfalz,Kusel,Grumbach,67745,480,3.34,49.659034,7.556339
073365008035,Rheinland-Pfalz,Kusel,Hausweiler,67742,43,1.56,49.647845,7.564799
073365008036,Rheinland-Pfalz,Kusel,Hefersweiler,67753,534,7.2,49.603087,7.687967
073365008038,Rheinland-Pfalz,Kusel,Heinzenhausen,67742,242,2.21,49.628652,7.606073
073365008040,Rheinland-Pfalz,Kusel,Herren-Sulzbach,67742,155,2.92,49.648863,7.528804
073365008042,Rheinland-Pfalz,Kusel,Hinzweiler,67756,292,5.32,49.591813,7.548683
073365008043,Rheinland-Pfalz,Kusel,Hohenöllen,67744,351,5.16,49.621112,7.626777
073365008044,Rheinland-Pfalz,Kusel,Homberg,67744,212,10.98,49.651671,7.516083
073365008045,Rheinland-Pfalz,Kusel,Hoppstädten,67744,282,6.23,49.692111,7.535879
073365008048,Rheinland-Pfalz,Kusel,Jettenbach,66887,749,10.24,49.53576,7.55688
073365008049,Rheinland-Pfalz,Kusel,Kappeln,67744,205,7.68,49.676018,7.569651
073365008050,Rheinland-Pfalz,Kusel,Kirrweiler,67744,159,6.36,49.634749,7.501388
073365008053,Rheinland-Pfalz,Kusel,Kreimbach-Kaulbach,67757,722,9.03,49.553828,7.632979
073365008057,Rheinland-Pfalz,Kusel,Langweiler,67746,204,4.16,49.666211,7.525365
073365008058,Rheinland-Pfalz,Kusel,"Lauterecken, Stadt",67742,1986,8.89,49.649246,7.592206
073365008060,Rheinland-Pfalz,Kusel,Lohnweiler,67744,359,4.94,49.635552,7.594648
073365008061,Rheinland-Pfalz,Kusel,Medard,67744,466,5.98,49.666689,7.612366
073365008062,Rheinland-Pfalz,Kusel,Merzweiler,67746,163,2.27,49.666726,7.539205
073365008065,Rheinland-Pfalz,Kusel,Nerzweiler,67749,100,2.13,49.604397,7.55447
073365008069,Rheinland-Pfalz,Kusel,Nußbach,67759,543,8.11,49.629137,7.695774
073365008072,Rheinland-Pfalz,Kusel,Oberweiler im Tal,67756,160,4.71,49.581168,7.549484
073365008073,Rheinland-Pfalz,Kusel,Oberweiler-Tiefenbach,67752,257,3.21,49.603527,7.613261
073365008074,Rheinland-Pfalz,Kusel,Odenbach,67748,755,7.94,49.685129,7.650783
073365008075,Rheinland-Pfalz,Kusel,Offenbach-Hundheim,67749,977,7.85,49.624849,7.548454
073365008085,Rheinland-Pfalz,Kusel,Reipoltskirchen,67753,318,7.49,49.634727,7.66179
073365008086,Rheinland-Pfalz,Kusel,Relsberg,67753,176,3.81,49.594073,7.669482
073365008087,Rheinland-Pfalz,Kusel,Rothselberg,67753,618,8.75,49.546078,7.591146
073365008090,Rheinland-Pfalz,Kusel,Rutsweiler an der Lauter,67752,370,4.31,49.565865,7.620574
073365008095,Rheinland-Pfalz,Kusel,Sankt Julian,66887,1040,14.09,49.608283,7.510407
073365008100,Rheinland-Pfalz,Kusel,Unterjeckenbach,67746,63,7.54,49.664218,7.491518
073365008104,Rheinland-Pfalz,Kusel,Wiesweiler,67744,374,3.33,49.639241,7.569746
073365008105,Rheinland-Pfalz,Kusel,"Wolfstein, Stadt",67752,1796,13.77,49.583693,7.606193
073365009004,Rheinland-Pfalz,Kusel,Altenkirchen,66903,1281,6.44,49.442401,7.320514
073365009008,Rheinland-Pfalz,Kusel,Börsborn,66904,419,3.9,49.440416,7.398232
073365009010,Rheinland-Pfalz,Kusel,Breitenbach,66916,1751,8.89,49.433957,7.271826
073365009011,Rheinland-Pfalz,Kusel,Brücken (Pfalz),66904,2058,8.12,49.432211,7.359882
073365009016,Rheinland-Pfalz,Kusel,Dittweiler,66903,864,5.63,49.431184,7.336886
073365009017,Rheinland-Pfalz,Kusel,Dunzweiler,66916,849,5.52,49.415923,7.305681
073365009027,Rheinland-Pfalz,Kusel,Frohnhofen,66903,448,3.87,49.453407,7.299935
073365009031,Rheinland-Pfalz,Kusel,Glan-Münchweiler,66907,1153,5.99,49.472149,7.440223
073365009032,Rheinland-Pfalz,Kusel,Gries,66903,1055,4.03,49.418642,7.400731
073365009037,Rheinland-Pfalz,Kusel,Henschtal,66909,317,3.46,49.464774,7.408479
073365009041,Rheinland-Pfalz,Kusel,Herschweiler-Pettersheim,66909,1268,7.47,49.476474,7.34879
073365009047,Rheinland-Pfalz,Kusel,Hüffler,66909,473,3.65,49.495123,7.391341
073365009054,Rheinland-Pfalz,Kusel,Krottelbach,66909,613,5.56,49.467013,7.331176
073365009056,Rheinland-Pfalz,Kusel,Langenbach,66909,464,6.59,49.49298,7.329208
073365009064,Rheinland-Pfalz,Kusel,Nanzdietschweiler,66909,1104,9.81,49.445076,7.444893
073365009076,Rheinland-Pfalz,Kusel,Ohmbach,66903,778,3.9,49.448712,7.350284
073365009082,Rheinland-Pfalz,Kusel,Rehweiler,66907,419,6.74,49.487649,7.439371
073365009092,Rheinland-Pfalz,Kusel,Schönenberg-Kübelberg,66901,5663,18.68,49.409605,7.376049
073365009096,Rheinland-Pfalz,Kusel,Steinbach am Glan,66909,843,6.85,49.452455,7.382937
073365009101,Rheinland-Pfalz,Kusel,Wahnwegen,66909,642,4.64,49.484789,7.375483
073365009102,Rheinland-Pfalz,Kusel,"Waldmohr, Stadt",66914,5118,13.03,49.387069,7.332884
073365009107,Rheinland-Pfalz,Kusel,Matzenbach,66909,590,7.05,49.495326,7.458909
073365009501,Rheinland-Pfalz,Kusel,Quirnbach/ Pfalz,66909,474,6.1,49.473015,7.421073
073365010002,Rheinland-Pfalz,Kusel,Albessen,66871,141,4.43,49.516477,7.330666
073365010003,Rheinland-Pfalz,Kusel,Altenglan,66885,2730,13.6,49.552743,7.463616
073365010006,Rheinland-Pfalz,Kusel,Blaubach,66869,417,3.13,49.557294,7.396821
073365010009,Rheinland-Pfalz,Kusel,Bosenbach,66887,717,8.14,49.539629,7.529129
073365010015,Rheinland-Pfalz,Kusel,Dennweiler-Frohnbach,66871,277,6.11,49.576336,7.383572
073365010018,Rheinland-Pfalz,Kusel,Ehweiler,66871,171,3.57,49.522178,7.362519
073365010021,Rheinland-Pfalz,Kusel,Elzweiler,66887,109,2.09,49.579251,7.512731
073365010022,Rheinland-Pfalz,Kusel,Erdesbach,66887,588,3.93,49.573682,7.442763
073365010024,Rheinland-Pfalz,Kusel,Etschberg,66871,645,3.45,49.512923,7.424781
073365010025,Rheinland-Pfalz,Kusel,Föckelberg,66887,347,3.97,49.523816,7.489905
073365010034,Rheinland-Pfalz,Kusel,Haschbach am Remigiusberg,66871,681,4.02,49.525166,7.43105
073365010039,Rheinland-Pfalz,Kusel,Herchweiler,66871,462,2.85,49.514034,7.29075
073365010046,Rheinland-Pfalz,Kusel,Horschbach,66887,237,7.04,49.589464,7.527443
073365010051,Rheinland-Pfalz,Kusel,Körborn,66871,339,5.86,49.563144,7.369655
073365010052,Rheinland-Pfalz,Kusel,Konken,66871,830,7.04,49.508296,7.351078
073365010055,Rheinland-Pfalz,Kusel,"Kusel, Stadt",66869,5108,14.37,49.537633,7.400548
073365010066,Rheinland-Pfalz,Kusel,Neunkirchen am Potzberg,66887,436,5.01,49.508395,7.488303
073365010067,Rheinland-Pfalz,Kusel,Niederalben,66887,325,8.85,49.606426,7.467407
073365010068,Rheinland-Pfalz,Kusel,Niederstaufenbach,66879,245,2.02,49.528398,7.518056
073365010070,Rheinland-Pfalz,Kusel,Oberalben,66871,202,5.62,49.579012,7.400133
073365010071,Rheinland-Pfalz,Kusel,Oberstaufenbach,66879,262,2.68,49.515551,7.5089
073365010077,Rheinland-Pfalz,Kusel,Pfeffelbach,66871,881,11.28,49.540856,7.32696
073365010079,Rheinland-Pfalz,Kusel,Rammelsbach,66887,1462,2.64,49.544395,7.444525
073365010081,Rheinland-Pfalz,Kusel,Rathsweiler,66887,147,4.23,49.597587,7.457759
073365010084,Rheinland-Pfalz,Kusel,Reichweiler,66871,519,3.87,49.543178,7.290911
073365010088,Rheinland-Pfalz,Kusel,Ruthweiler,66869,466,3.31,49.55285,7.366647
073365010089,Rheinland-Pfalz,Kusel,Rutsweiler am Glan,66887,284,1.59,49.529294,7.456141
073365010091,Rheinland-Pfalz,Kusel,Schellweiler,66869,485,4.31,49.515369,7.389569
073365010094,Rheinland-Pfalz,Kusel,Selchenbach,66871,321,4.8,49.493705,7.292403
073365010097,Rheinland-Pfalz,Kusel,Thallichtenberg,66871,515,5.72,49.558013,7.351221
073365010098,Rheinland-Pfalz,Kusel,Theisbergstegen,66871,674,5.0,49.518188,7.449974
073365010099,Rheinland-Pfalz,Kusel,Ulmet,66887,676,7.1,49.58774,7.45624
073365010103,Rheinland-Pfalz,Kusel,Welchweiler,66887,178,3.48,49.577024,7.505024
073365010106,Rheinland-Pfalz,Kusel,Bedesbach,66885,770,4.43,49.567802,7.459448
073375001001,Rheinland-Pfalz,Südliche Weinstraße,Albersweiler,76857,1959,10.85,49.219042,8.028507
073375001017,Rheinland-Pfalz,Südliche Weinstraße,Dernbach,76857,445,3.86,49.247262,8.005928
073375001024,Rheinland-Pfalz,Südliche Weinstraße,Eußerthal,76857,914,12.51,49.24392,7.970015
073375001033,Rheinland-Pfalz,Südliche Weinstraße,Gossersweiler-Stein,76857,1382,8.61,49.162934,7.927631
073375001054,Rheinland-Pfalz,Südliche Weinstraße,Münchweiler am Klingbach,76857,215,2.14,49.148323,7.96658
073375001064,Rheinland-Pfalz,Südliche Weinstraße,Ramberg,76857,933,7.75,49.260612,8.009292
073375001067,Rheinland-Pfalz,Südliche Weinstraße,Rinnthal,76857,671,13.81,49.218764,7.92414
073375001074,Rheinland-Pfalz,Südliche Weinstraße,Silz,76857,697,8.5,49.147437,7.949765
073375001078,Rheinland-Pfalz,Südliche Weinstraße,Völkersweiler,76857,571,4.1,49.169034,7.931465
073375001080,Rheinland-Pfalz,Südliche Weinstraße,Waldhambach,76857,382,3.92,49.164838,7.988989
073375001081,Rheinland-Pfalz,Südliche Weinstraße,Waldrohrbach,76857,406,5.9,49.170357,7.965477
073375001083,Rheinland-Pfalz,Südliche Weinstraße,Wernersberg,76857,1110,8.03,49.190214,7.92763
073375001501,Rheinland-Pfalz,Südliche Weinstraße,"Annweiler am Trifels, Stadt",76855,7233,39.87,49.203001,7.966259
073375002005,Rheinland-Pfalz,Südliche Weinstraße,"Bad Bergzabern, Stadt",76887,8664,10.71,49.100366,7.999155
073375002006,Rheinland-Pfalz,Südliche Weinstraße,Barbelroth,76889,658,4.05,49.101569,8.07179
073375002008,Rheinland-Pfalz,Südliche Weinstraße,Birkenhördt,76889,629,8.58,49.114678,7.931301
073375002013,Rheinland-Pfalz,Südliche Weinstraße,Böllenborn,76887,226,4.11,49.097934,7.936235
073375002018,Rheinland-Pfalz,Südliche Weinstraße,Dierbach,76889,565,5.48,49.080809,8.068135
073375002019,Rheinland-Pfalz,Südliche Weinstraße,Dörrenbach,76889,869,10.14,49.089921,7.961354
073375002029,Rheinland-Pfalz,Südliche Weinstraße,Gleiszellen-Gleishorbach,76889,768,5.32,49.125009,8.004089
073375002037,Rheinland-Pfalz,Südliche Weinstraße,Hergersweiler,76872,228,1.8,49.09667,8.09162
073375002045,Rheinland-Pfalz,Südliche Weinstraße,Kapellen-Drusweiler,76889,986,5.77,49.102769,8.031227
073375002046,Rheinland-Pfalz,Südliche Weinstraße,Kapsweyer,76889,881,8.26,49.044923,8.020328
073375002049,Rheinland-Pfalz,Südliche Weinstraße,Klingenmünster,76889,2197,10.73,49.140095,8.018384
073375002055,Rheinland-Pfalz,Südliche Weinstraße,Niederhorbach,76889,460,4.32,49.116141,8.03153
073375002056,Rheinland-Pfalz,Südliche Weinstraße,Niederotterbach,76889,331,3.58,49.060803,8.045067
073375002058,Rheinland-Pfalz,Südliche Weinstraße,Oberhausen,76887,438,4.5,49.097988,8.057771
073375002059,Rheinland-Pfalz,Südliche Weinstraße,Oberotterbach,76889,1123,15.38,49.069276,7.970507
073375002060,Rheinland-Pfalz,Südliche Weinstraße,Oberschlettenbach,76889,118,4.58,49.145525,7.871295
073375002062,Rheinland-Pfalz,Südliche Weinstraße,Pleisweiler-Oberhofen,76889,831,5.05,49.117909,8.005348
073375002071,Rheinland-Pfalz,Südliche Weinstraße,Schweigen-Rechtenbach,76889,1339,16.01,49.055708,7.961961
073375002072,Rheinland-Pfalz,Südliche Weinstraße,Schweighofen,76889,607,11.23,49.039667,7.996095
073375002076,Rheinland-Pfalz,Südliche Weinstraße,Steinfeld,76889,1841,14.89,49.04917,8.035787
073375002079,Rheinland-Pfalz,Südliche Weinstraße,Vorderweidenthal,76889,634,10.12,49.127223,7.878793
073375003002,Rheinland-Pfalz,Südliche Weinstraße,Altdorf,67482,937,6.37,49.286213,8.215757
073375003011,Rheinland-Pfalz,Südliche Weinstraße,Böbingen,67482,761,6.91,49.284163,8.237219
073375003015,Rheinland-Pfalz,Südliche Weinstraße,Burrweiler,76835,768,6.3,49.248524,8.075454
073375003020,Rheinland-Pfalz,Südliche Weinstraße,"Edenkoben, Stadt",67480,6904,17.89,49.282672,8.127001
073375003021,Rheinland-Pfalz,Südliche Weinstraße,Edesheim,67483,2501,16.32,49.263816,8.134188
073375003025,Rheinland-Pfalz,Südliche Weinstraße,Flemlingen,76835,388,3.87,49.243097,8.095563
073375003027,Rheinland-Pfalz,Südliche Weinstraße,Freimersheim (Pfalz),67482,1028,5.37,49.2689,8.22076
073375003028,Rheinland-Pfalz,Südliche Weinstraße,Gleisweiler,76835,586,3.73,49.242242,8.067564
073375003032,Rheinland-Pfalz,Südliche Weinstraße,Gommersheim,67377,1602,11.3,49.290626,8.264281
073375003035,Rheinland-Pfalz,Südliche Weinstraße,Großfischlingen,67483,600,4.31,49.268817,8.175008
073375003036,Rheinland-Pfalz,Südliche Weinstraße,Hainfeld,76835,882,6.24,49.257384,8.100789
073375003048,Rheinland-Pfalz,Südliche Weinstraße,Kleinfischlingen,67483,324,2.53,49.262905,8.185484
073375003066,Rheinland-Pfalz,Südliche Weinstraße,Rhodt unter Rietburg,76835,1130,10.06,49.269952,8.106888
073375003069,Rheinland-Pfalz,Südliche Weinstraße,Roschbach,76835,850,3.45,49.246363,8.11789
073375003077,Rheinland-Pfalz,Südliche Weinstraße,Venningen,67482,925,9.86,49.281787,8.173749
073375003084,Rheinland-Pfalz,Südliche Weinstraße,Weyher in der Pfalz,76835,542,5.16,49.267871,8.084106
073375004038,Rheinland-Pfalz,Südliche Weinstraße,Herxheim bei Landau/ Pfalz,76863,11041,29.13,49.146625,8.217143
073375004039,Rheinland-Pfalz,Südliche Weinstraße,Herxheimweyher,76863,576,3.57,49.152162,8.254224
073375004044,Rheinland-Pfalz,Südliche Weinstraße,Insheim,76865,2193,8.0,49.158327,8.146376
073375004068,Rheinland-Pfalz,Südliche Weinstraße,Rohrbach,76865,1811,9.25,49.137175,8.128289
073375005007,Rheinland-Pfalz,Südliche Weinstraße,Billigheim-Ingenheim,76831,3846,22.95,49.137881,8.097229
073375005009,Rheinland-Pfalz,Südliche Weinstraße,Birkweiler,76831,721,4.94,49.204087,8.038079
073375005012,Rheinland-Pfalz,Südliche Weinstraße,Böchingen,76833,750,5.35,49.2373,8.092554
073375005022,Rheinland-Pfalz,Südliche Weinstraße,Eschbach,76831,649,3.66,49.175016,8.019262
073375005026,Rheinland-Pfalz,Südliche Weinstraße,Frankweiler,76833,896,7.0,49.227496,8.057838
073375005031,Rheinland-Pfalz,Südliche Weinstraße,Göcklingen,76831,868,7.27,49.162018,8.0416
073375005040,Rheinland-Pfalz,Südliche Weinstraße,Heuchelheim-Klingen,76831,822,7.38,49.146644,8.053527
073375005042,Rheinland-Pfalz,Südliche Weinstraße,Ilbesheim bei Landau in der Pfalz,76831,1172,6.07,49.182621,8.053633
073375005043,Rheinland-Pfalz,Südliche Weinstraße,Impflingen,76831,1015,5.18,49.162213,8.112662
073375005050,Rheinland-Pfalz,Südliche Weinstraße,Knöringen,76833,435,2.52,49.236203,8.143643
073375005051,Rheinland-Pfalz,Südliche Weinstraße,Leinsweiler,76829,512,5.8,49.182902,8.019337
073375005065,Rheinland-Pfalz,Südliche Weinstraße,Ranschbach,76829,625,1.19,49.19656,8.028919
073375005073,Rheinland-Pfalz,Südliche Weinstraße,Siebeldingen,76833,1066,6.06,49.209801,8.051552
073375005082,Rheinland-Pfalz,Südliche Weinstraße,Walsheim,76833,630,5.15,49.237563,8.123906
073375006047,Rheinland-Pfalz,Südliche Weinstraße,Kirrweiler (Pfalz),67489,2132,14.85,49.302153,8.165496
073375006052,Rheinland-Pfalz,Südliche Weinstraße,Maikammer,67487,4382,13.67,49.305833,8.131032
073375006070,Rheinland-Pfalz,Südliche Weinstraße,Sankt Martin,67487,1651,11.2,49.301132,8.104579
073375007014,Rheinland-Pfalz,Südliche Weinstraße,Bornheim,76879,1521,3.55,49.222241,8.164013
073375007023,Rheinland-Pfalz,Südliche Weinstraße,Essingen,76879,2255,11.39,49.235839,8.174389
073375007041,Rheinland-Pfalz,Südliche Weinstraße,Hochstadt (Pfalz),76879,2721,15.44,49.239511,8.208647
073375007061,Rheinland-Pfalz,Südliche Weinstraße,Offenbach an der Queich,76877,6268,15.24,49.193975,8.190128
073380004004,Rheinland-Pfalz,Rhein-Pfalz-Kreis,Bobenheim-Roxheim,67240,10103,20.51,49.578035,8.364735
073380005005,Rheinland-Pfalz,Rhein-Pfalz-Kreis,Böhl-Iggelheim,67459,10643,32.83,49.365618,8.308577
073380017017,Rheinland-Pfalz,Rhein-Pfalz-Kreis,Limburgerhof,67117,11619,9.0,49.42064,8.39107
073380019019,Rheinland-Pfalz,Rhein-Pfalz-Kreis,Mutterstadt,67112,13357,20.47,49.442195,8.354887
073380025025,Rheinland-Pfalz,Rhein-Pfalz-Kreis,"Schifferstadt, Stadt",67105,21392,28.06,49.385557,8.374595
073385001006,Rheinland-Pfalz,Rhein-Pfalz-Kreis,Dannstadt-Schauernheim,67125,7460,15.24,49.425951,8.315975
073385001014,Rheinland-Pfalz,Rhein-Pfalz-Kreis,Hochdorf-Assenheim,67126,3017,9.71,49.41743,8.276523
073385001022,Rheinland-Pfalz,Rhein-Pfalz-Kreis,Rödersheim-Gronau,67127,2946,8.24,49.429578,8.257346
073385004003,Rheinland-Pfalz,Rhein-Pfalz-Kreis,Birkenheide,67134,3159,2.93,49.479592,8.258775
073385004008,Rheinland-Pfalz,Rhein-Pfalz-Kreis,Fußgönheim,67136,2543,6.65,49.46116,8.291146
073385004018,Rheinland-Pfalz,Rhein-Pfalz-Kreis,Maxdorf,67133,7122,7.35,49.481815,8.287513
073385006002,Rheinland-Pfalz,Rhein-Pfalz-Kreis,Beindersheim,67259,3470,5.73,49.561101,8.319653
073385006009,Rheinland-Pfalz,Rhein-Pfalz-Kreis,Großniedesheim,67259,1392,3.78,49.57554,8.312351
073385006012,Rheinland-Pfalz,Rhein-Pfalz-Kreis,Heßheim,67258,3079,5.78,49.545778,8.309203
073385006013,Rheinland-Pfalz,Rhein-Pfalz-Kreis,Heuchelheim bei Frankenthal,67259,1275,5.76,49.56327,8.289569
073385006015,Rheinland-Pfalz,Rhein-Pfalz-Kreis,Kleinniedesheim,67259,938,3.88,49.587855,8.322793
073385006016,Rheinland-Pfalz,Rhein-Pfalz-Kreis,Lambsheim,67245,6863,12.75,49.513201,8.287168
073385007007,Rheinland-Pfalz,Rhein-Pfalz-Kreis,Dudenhofen,67373,6061,12.95,49.316716,8.38956
073385007010,Rheinland-Pfalz,Rhein-Pfalz-Kreis,Hanhofen,67374,2573,5.8,49.316223,8.343154
073385007011,Rheinland-Pfalz,Rhein-Pfalz-Kreis,Harthausen,67376,3253,8.37,49.294399,8.345933
073385007023,Rheinland-Pfalz,Rhein-Pfalz-Kreis,Römerberg,67354,9603,27.85,49.265731,8.398865
073385008001,Rheinland-Pfalz,Rhein-Pfalz-Kreis,Altrip,67122,7610,10.47,49.431382,8.494911
073385008020,Rheinland-Pfalz,Rhein-Pfalz-Kreis,Neuhofen,67141,6971,12.3,49.421961,8.428302
073385008021,Rheinland-Pfalz,Rhein-Pfalz-Kreis,Otterstadt,67166,3263,15.66,49.371486,8.451027
073385008026,Rheinland-Pfalz,Rhein-Pfalz-Kreis,Waldsee,67165,5998,12.94,49.394745,8.441403
073390005005,Rheinland-Pfalz,Mainz-Bingen,"Bingen am Rhein, Stadt",55411,25424,37.68,49.96663,7.895132
073390009009,Rheinland-Pfalz,Mainz-Bingen,Budenheim,55257,8077,10.61,50.02422,8.172555
073390030030,Rheinland-Pfalz,Mainz-Bingen,"Ingelheim am Rhein, Stadt",55218,34903,73.31,49.974439,8.056342
073395001003,Rheinland-Pfalz,Mainz-Bingen,"Bacharach, Stadt",55422,1525,23.35,50.060158,7.765023
073395001007,Rheinland-Pfalz,Mainz-Bingen,Breitscheid,55422,151,5.31,50.056082,7.70967
073395001036,Rheinland-Pfalz,Mainz-Bingen,Manubach,55413,289,7.67,50.030873,7.758398
073395001038,Rheinland-Pfalz,Mainz-Bingen,Münster-Sarmsheim,55424,2973,6.92,49.944635,7.894732
073395001040,Rheinland-Pfalz,Mainz-Bingen,Niederheimbach,55413,812,7.55,50.033522,7.804203
073395001044,Rheinland-Pfalz,Mainz-Bingen,Oberdiebach,55413,851,8.36,50.03253,7.777213
073395001045,Rheinland-Pfalz,Mainz-Bingen,Oberheimbach,55413,512,8.73,50.022174,7.784279
073395001058,Rheinland-Pfalz,Mainz-Bingen,Trechtingshausen,55413,968,7.67,50.010655,7.847667
073395001062,Rheinland-Pfalz,Mainz-Bingen,Waldalgesheim,55425,3968,16.0,49.951626,7.835411
073395001063,Rheinland-Pfalz,Mainz-Bingen,Weiler bei Bingen,55413,2436,22.79,49.95677,7.866534
073395002006,Rheinland-Pfalz,Mainz-Bingen,Bodenheim,55294,7605,13.43,49.928263,8.306769
073395002020,Rheinland-Pfalz,Mainz-Bingen,Gau-Bischofsheim,55296,2105,2.84,49.914648,8.272606
073395002026,Rheinland-Pfalz,Mainz-Bingen,Harxheim,55296,2228,3.51,49.904189,8.264358
073395002034,Rheinland-Pfalz,Mainz-Bingen,Lörzweiler,55296,2266,5.76,49.897854,8.294435
073395002039,Rheinland-Pfalz,Mainz-Bingen,Nackenheim,55299,5387,8.62,49.916661,8.342085
073395003001,Rheinland-Pfalz,Mainz-Bingen,Appenheim,55437,1435,6.98,49.929855,8.033495
073395003008,Rheinland-Pfalz,Mainz-Bingen,Bubenheim,55270,823,4.38,49.921709,8.080934
073395003016,Rheinland-Pfalz,Mainz-Bingen,Engelstadt,55270,721,7.76,49.903044,8.065522
073395003019,Rheinland-Pfalz,Mainz-Bingen,"Gau-Algesheim, Stadt",55435,6585,13.99,49.957647,8.01497
073395003041,Rheinland-Pfalz,Mainz-Bingen,Nieder-Hilbersheim,55437,630,4.59,49.913509,8.042252
073395003046,Rheinland-Pfalz,Mainz-Bingen,Ober-Hilbersheim,55437,993,7.38,49.899138,8.02967
073395003048,Rheinland-Pfalz,Mainz-Bingen,Ockenheim,55437,2699,6.03,49.942405,7.972373
073395003051,Rheinland-Pfalz,Mainz-Bingen,Schwabenheim an der Selz,55270,2425,9.49,49.931179,8.097088
073395006017,Rheinland-Pfalz,Mainz-Bingen,Essenheim,55270,3413,10.51,49.931289,8.156349
073395006031,Rheinland-Pfalz,Mainz-Bingen,Jugenheim in Rheinhessen,55270,1656,6.17,49.895146,8.084809
073395006032,Rheinland-Pfalz,Mainz-Bingen,Klein-Winternheim,55270,3565,5.51,49.938328,8.210813
073395006042,Rheinland-Pfalz,Mainz-Bingen,"Nieder-Olm, Stadt",55268,9755,11.22,49.909864,8.203097
073395006047,Rheinland-Pfalz,Mainz-Bingen,Ober-Olm,55270,4532,17.08,49.938606,8.193338
073395006054,Rheinland-Pfalz,Mainz-Bingen,Sörgenloch,55270,1299,2.43,49.88327,8.200996
073395006057,Rheinland-Pfalz,Mainz-Bingen,Stadecken-Elsheim,55271,4860,14.52,49.915146,8.139304
073395006067,Rheinland-Pfalz,Mainz-Bingen,Zornheim,55270,3577,5.58,49.88967,8.223956
073395007010,Rheinland-Pfalz,Mainz-Bingen,Dalheim,55278,1016,6.34,49.826595,8.294943
073395007011,Rheinland-Pfalz,Mainz-Bingen,Dexheim,55278,1443,5.69,49.846169,8.316737
073395007012,Rheinland-Pfalz,Mainz-Bingen,Dienheim,55276,2211,9.91,49.839373,8.350227
073395007013,Rheinland-Pfalz,Mainz-Bingen,Dolgesheim,55278,948,6.55,49.794126,8.255764
073395007015,Rheinland-Pfalz,Mainz-Bingen,Eimsheim,55278,480,4.61,49.79574,8.289365
073395007018,Rheinland-Pfalz,Mainz-Bingen,Friesenheim,55278,727,3.47,49.83616,8.257524
073395007024,Rheinland-Pfalz,Mainz-Bingen,Guntersblum,67583,3942,16.71,49.797475,8.345919
073395007025,Rheinland-Pfalz,Mainz-Bingen,Hahnheim,55278,1650,6.39,49.862106,8.237836
073395007028,Rheinland-Pfalz,Mainz-Bingen,Hillesheim,67586,685,5.54,49.77799,8.256303
073395007033,Rheinland-Pfalz,Mainz-Bingen,Köngernheim,55278,1260,3.63,49.845416,8.246313
073395007035,Rheinland-Pfalz,Mainz-Bingen,Ludwigshöhe,55278,538,2.99,49.817338,8.343016
073395007037,Rheinland-Pfalz,Mainz-Bingen,Mommenheim,55278,3162,7.8,49.881218,8.265704
073395007043,Rheinland-Pfalz,Mainz-Bingen,"Nierstein, Stadt",55283,8080,19.34,49.872587,8.337848
073395007049,Rheinland-Pfalz,Mainz-Bingen,"Oppenheim, Stadt",55276,7153,7.1,49.849137,8.356356
073395007053,Rheinland-Pfalz,Mainz-Bingen,Selzen,55278,1514,6.66,49.862938,8.253907
073395007059,Rheinland-Pfalz,Mainz-Bingen,Uelversheim,55278,1116,7.5,49.808851,8.288784
073395007060,Rheinland-Pfalz,Mainz-Bingen,Undenheim,55278,2920,9.97,49.839818,8.218368
073395007064,Rheinland-Pfalz,Mainz-Bingen,Weinolsheim,55278,712,5.93,49.816134,8.272267
073395007066,Rheinland-Pfalz,Mainz-Bingen,Wintersheim,67587,302,3.83,49.77782,8.282011
073395007201,Rheinland-Pfalz,Mainz-Bingen,Dorn-Dürkheim,67585,914,5.6,49.768504,8.269173
073395008002,Rheinland-Pfalz,Mainz-Bingen,Aspisheim,55459,839,5.81,49.906281,7.980973
073395008004,Rheinland-Pfalz,Mainz-Bingen,Badenheim,55576,625,4.33,49.841585,7.968923
073395008021,Rheinland-Pfalz,Mainz-Bingen,Gensingen,55457,3902,8.72,49.895634,7.926739
073395008022,Rheinland-Pfalz,Mainz-Bingen,Grolsheim,55459,1307,3.91,49.909885,7.914483
073395008029,Rheinland-Pfalz,Mainz-Bingen,Horrweiler,55457,871,4.39,49.898103,7.964195
073395008050,Rheinland-Pfalz,Mainz-Bingen,Sankt Johann,55578,858,5.66,49.867897,8.016253
073395008056,Rheinland-Pfalz,Mainz-Bingen,Sprendlingen,55576,3961,13.03,49.860417,7.986371
073395008065,Rheinland-Pfalz,Mainz-Bingen,Welgesheim,55576,574,2.03,49.881123,7.961555
073395008068,Rheinland-Pfalz,Mainz-Bingen,Zotzenheim,55576,634,3.18,49.873661,7.968293
073395008202,Rheinland-Pfalz,Mainz-Bingen,Wolfsheim,55578,811,4.99,49.873147,8.041189
073405001001,Rheinland-Pfalz,Südwestpfalz,Bobenthal,76891,259,21.27,49.063515,7.856817
073405001002,Rheinland-Pfalz,Südwestpfalz,Busenberg,76891,1155,9.64,49.130274,7.830034
073405001004,Rheinland-Pfalz,Südwestpfalz,"Dahn, Stadt",66994,4250,40.76,49.151331,7.778207
073405001009,Rheinland-Pfalz,Südwestpfalz,Erfweiler,66996,1089,8.84,49.156482,7.81096
073405001010,Rheinland-Pfalz,Südwestpfalz,Erlenbach bei Dahn,76891,338,12.99,49.112493,7.86055
073405001011,Rheinland-Pfalz,Südwestpfalz,Fischbach bei Dahn,66996,1314,32.87,49.087476,7.71156
073405001021,Rheinland-Pfalz,Südwestpfalz,Hirschthal,66996,80,1.58,49.049044,7.756748
073405001029,Rheinland-Pfalz,Südwestpfalz,Ludwigswinkel,66996,737,21.28,49.075556,7.662747
073405001033,Rheinland-Pfalz,Südwestpfalz,Niederschlettenbach,76891,264,7.64,49.085916,7.845011
073405001034,Rheinland-Pfalz,Südwestpfalz,Nothweiler,76891,127,3.67,49.068736,7.79919
073405001039,Rheinland-Pfalz,Südwestpfalz,Rumbach,76891,384,14.8,49.096417,7.787471
073405001043,Rheinland-Pfalz,Südwestpfalz,Schindhard,66996,509,4.35,49.141842,7.820682
073405001045,Rheinland-Pfalz,Südwestpfalz,Schönau (Pfalz),66996,381,16.35,49.059822,7.74811
073405001501,Rheinland-Pfalz,Südwestpfalz,Bruchweiler-Bärenbach,76891,1522,9.37,49.113006,7.80391
073405001502,Rheinland-Pfalz,Südwestpfalz,Bundenthal,76891,1018,10.21,49.096101,7.807569
073405002005,Rheinland-Pfalz,Südwestpfalz,Darstein,76848,176,2.39,49.156922,7.883724
073405002006,Rheinland-Pfalz,Südwestpfalz,Dimbach,76848,178,2.19,49.167104,7.897336
073405002014,Rheinland-Pfalz,Südwestpfalz,Hauenstein,76846,3550,13.91,49.192059,7.852592
073405002020,Rheinland-Pfalz,Südwestpfalz,Hinterweidenthal,66999,1465,16.9,49.194296,7.756935
073405002030,Rheinland-Pfalz,Südwestpfalz,Lug,76848,556,2.31,49.182002,7.897053
073405002047,Rheinland-Pfalz,Südwestpfalz,Schwanheim,76848,565,6.96,49.167601,7.881223
073405002049,Rheinland-Pfalz,Südwestpfalz,Spirkelbach,76848,635,6.88,49.197168,7.884118
073405002057,Rheinland-Pfalz,Südwestpfalz,Wilgartswiesen,76848,937,58.34,49.209601,7.87865
073405003008,Rheinland-Pfalz,Südwestpfalz,Eppenbrunn,66957,1238,34.03,49.116242,7.559521
073405003019,Rheinland-Pfalz,Südwestpfalz,Hilst,66957,309,3.37,49.124989,7.529388
073405003026,Rheinland-Pfalz,Südwestpfalz,Kröppen,66957,700,10.48,49.15136,7.529534
073405003028,Rheinland-Pfalz,Südwestpfalz,Lemberg,66969,3451,58.18,49.171169,7.656708
073405003036,Rheinland-Pfalz,Südwestpfalz,Obersimten,66957,610,2.26,49.167249,7.581641
073405003040,Rheinland-Pfalz,Südwestpfalz,Ruppertsweiler,66957,1453,4.8,49.197464,7.688957
073405003048,Rheinland-Pfalz,Südwestpfalz,Schweix,66957,279,3.73,49.126556,7.513161
073405003052,Rheinland-Pfalz,Südwestpfalz,Trulben,66957,1096,7.36,49.139863,7.54377
073405003053,Rheinland-Pfalz,Südwestpfalz,Vinningen,66957,1706,12.65,49.155475,7.552777
073405003205,Rheinland-Pfalz,Südwestpfalz,Bottenbach,66504,712,6.15,49.182046,7.496015
073405004003,Rheinland-Pfalz,Südwestpfalz,Clausen,66978,1367,12.45,49.260092,7.677124
073405004007,Rheinland-Pfalz,Südwestpfalz,Donsieders,66978,897,9.02,49.265789,7.64162
073405004027,Rheinland-Pfalz,Südwestpfalz,Leimen,66978,911,29.23,49.273504,7.768609
073405004031,Rheinland-Pfalz,Südwestpfalz,Merzalben,66978,1173,30.0,49.244632,7.73204
073405004032,Rheinland-Pfalz,Südwestpfalz,Münchweiler an der Rodalb,66981,2760,27.18,49.218848,7.702467
073405004038,Rheinland-Pfalz,Südwestpfalz,"Rodalben, Stadt",66976,6339,15.69,49.239307,7.638519
073405006012,Rheinland-Pfalz,Südwestpfalz,Geiselberg,67715,778,6.33,49.327329,7.695681
073405006015,Rheinland-Pfalz,Südwestpfalz,Heltersberg,67716,1847,28.15,49.312475,7.713758
073405006016,Rheinland-Pfalz,Südwestpfalz,Hermersberg,66919,1684,13.02,49.322729,7.629693
073405006022,Rheinland-Pfalz,Südwestpfalz,Höheinöd,66989,1152,10.88,49.289761,7.609229
073405006025,Rheinland-Pfalz,Südwestpfalz,Horbach,66851,500,5.31,49.331443,7.653301
073405006044,Rheinland-Pfalz,Südwestpfalz,Schmalenberg,67718,748,10.39,49.333977,7.730362
073405006050,Rheinland-Pfalz,Südwestpfalz,Steinalben,66851,374,2.53,49.314206,7.655635
073405006054,Rheinland-Pfalz,Südwestpfalz,Waldfischbach-Burgalben,67714,4185,17.6,49.283319,7.65343
073405008201,Rheinland-Pfalz,Südwestpfalz,Althornbach,66484,640,5.58,49.20325,7.37523
073405008202,Rheinland-Pfalz,Südwestpfalz,Battweiler,66484,625,5.67,49.277614,7.461753
073405008203,Rheinland-Pfalz,Südwestpfalz,Bechhofen,66894,2024,6.59,49.351317,7.40316
073405008206,Rheinland-Pfalz,Südwestpfalz,Contwig,66497,4303,24.73,49.248157,7.429027
073405008207,Rheinland-Pfalz,Südwestpfalz,Dellfeld,66503,1376,7.25,49.236746,7.480612
073405008208,Rheinland-Pfalz,Südwestpfalz,Dietrichingen,66484,352,9.39,49.189761,7.414455
073405008209,Rheinland-Pfalz,Südwestpfalz,Großbundenbach,66501,328,6.9,49.306547,7.422611
073405008210,Rheinland-Pfalz,Südwestpfalz,Großsteinhausen,66484,571,4.85,49.19186,7.454333
073405008211,Rheinland-Pfalz,Südwestpfalz,"Hornbach, Stadt",66500,1381,13.34,49.186042,7.369616
073405008212,Rheinland-Pfalz,Südwestpfalz,Käshofen,66894,611,8.8,49.327954,7.414971
073405008213,Rheinland-Pfalz,Südwestpfalz,Kleinbundenbach,66501,425,5.0,49.310593,7.438586
073405008214,Rheinland-Pfalz,Südwestpfalz,Kleinsteinhausen,66484,744,5.74,49.200141,7.469911
073405008218,Rheinland-Pfalz,Südwestpfalz,Mauschbach,66500,296,4.45,49.185714,7.393082
073405008221,Rheinland-Pfalz,Südwestpfalz,Riedelberg,66484,448,5.21,49.177576,7.446201
073405008223,Rheinland-Pfalz,Südwestpfalz,Rosenkopf,66894,368,2.48,49.345351,7.434224
073405008226,Rheinland-Pfalz,Südwestpfalz,Walshausen,66484,307,4.63,49.210179,7.476184
073405008227,Rheinland-Pfalz,Südwestpfalz,Wiesbach,66894,466,4.07,49.333828,7.45343
073405009017,Rheinland-Pfalz,Südwestpfalz,Herschberg,66919,802,11.55,49.305887,7.546333
073405009018,Rheinland-Pfalz,Südwestpfalz,Hettenhausen,66919,186,4.4,49.336202,7.555393
073405009023,Rheinland-Pfalz,Südwestpfalz,Höheischweiler,66989,777,4.37,49.231392,7.550352
073405009024,Rheinland-Pfalz,Südwestpfalz,Höhfröschen,66989,879,4.17,49.245712,7.562003
073405009035,Rheinland-Pfalz,Südwestpfalz,Nünschweiler,66989,760,9.97,49.223401,7.503186
073405009037,Rheinland-Pfalz,Südwestpfalz,Petersberg,66989,836,3.84,49.238948,7.565751
073405009041,Rheinland-Pfalz,Südwestpfalz,Saalstadt,66919,308,5.29,49.323801,7.547655
073405009042,Rheinland-Pfalz,Südwestpfalz,Schauerberg,66919,187,4.08,49.313936,7.574934
073405009051,Rheinland-Pfalz,Südwestpfalz,Thaleischweiler-Fröschen,66987,2696,12.27,49.262312,7.580288
073405009055,Rheinland-Pfalz,Südwestpfalz,Weselberg,66919,1329,14.64,49.335593,7.607173
073405009204,Rheinland-Pfalz,Südwestpfalz,Biedershausen,66917,181,3.65,49.320705,7.487395
073405009215,Rheinland-Pfalz,Südwestpfalz,Knopp-Labach,66917,420,5.96,49.333843,7.506229
073405009216,Rheinland-Pfalz,Südwestpfalz,Krähenberg,66894,157,4.4,49.330029,7.463886
073405009217,Rheinland-Pfalz,Südwestpfalz,Maßweiler,66506,906,10.86,49.271061,7.528069
073405009219,Rheinland-Pfalz,Südwestpfalz,Obernheim-Kirchenarnbach,66919,1499,8.61,49.352699,7.573495
073405009220,Rheinland-Pfalz,Südwestpfalz,Reifenberg,66507,779,7.73,49.282721,7.507453
073405009222,Rheinland-Pfalz,Südwestpfalz,Rieschweiler-Mühlbach,66509,1985,10.43,49.24708,7.504427
073405009224,Rheinland-Pfalz,Südwestpfalz,Schmitshausen,66484,389,4.49,49.307094,7.511618
073405009225,Rheinland-Pfalz,Südwestpfalz,Wallhalben,66917,800,4.88,49.316276,7.524156
073405009228,Rheinland-Pfalz,Südwestpfalz,Winterbach (Pfalz),66484,503,7.03,49.303332,7.474195
081110000000,Baden-Württemberg,"Stuttgart, Stadtkreis","Stuttgart, Landeshauptstadt",70173,609365,207.33,48.775817,9.177734
081150003003,Baden-Württemberg,Böblingen,"Böblingen, Stadt",71032,51204,39.04,48.685296,9.009663
081150028028,Baden-Württemberg,Böblingen,"Leonberg, Stadt",71229,49514,48.73,48.800497,9.016776
081150029029,Baden-Württemberg,Böblingen,Magstadt,71106,9427,19.12,48.742432,8.962269
081150041041,Baden-Württemberg,Böblingen,"Renningen, Stadt",71272,18728,31.15,48.765313,8.936373
081150042042,Baden-Württemberg,Böblingen,"Rutesheim, Stadt",71277,11047,16.22,48.809882,8.945152
081150044044,Baden-Württemberg,Böblingen,Schönaich,71101,10483,14.15,48.656516,9.062322
081150045045,Baden-Württemberg,Böblingen,"Sindelfingen, Stadt",71063,61428,50.83,48.709831,9.002211
081150050050,Baden-Württemberg,Böblingen,"Weil der Stadt, Stadt",71263,19311,43.17,48.751993,8.870105
081150051051,Baden-Württemberg,Böblingen,Weil im Schönbuch,71093,9987,26.12,48.622879,9.061727
081150052052,Baden-Württemberg,Böblingen,Weissach,71287,7749,22.19,48.846812,8.927545
081155001001,Baden-Württemberg,Böblingen,Aidlingen,71134,9313,26.56,48.677969,8.896991
081155001054,Baden-Württemberg,Böblingen,Grafenau,71120,6582,13.04,48.711098,8.91395
081155002013,Baden-Württemberg,Böblingen,Ehningen,71139,9275,17.81,48.65926,8.940525
081155002015,Baden-Württemberg,Böblingen,Gärtringen,71116,12895,20.21,48.641924,8.901692
081155003010,Baden-Württemberg,Böblingen,Deckenpfronn,75392,3241,11.41,48.65171,8.822512
081155003021,Baden-Württemberg,Böblingen,"Herrenberg, Stadt",71083,34167,65.7,48.595705,8.867369
081155003037,Baden-Württemberg,Böblingen,Nufringen,71154,5804,10.04,48.622489,8.888193
081155004002,Baden-Württemberg,Böblingen,Altdorf,71155,4514,17.45,48.630941,8.995571
081155004022,Baden-Württemberg,Böblingen,Hildrizhausen,71157,3659,12.16,48.624078,8.965976
081155004024,Baden-Württemberg,Böblingen,"Holzgerlingen, Stadt",71088,14153,13.39,48.637131,9.011719
081155005004,Baden-Württemberg,Böblingen,Bondorf,71149,6196,17.54,48.521605,8.836174
081155005016,Baden-Württemberg,Böblingen,Gäufelden,71126,9199,20.07,48.55375,8.829578
081155005034,Baden-Württemberg,Böblingen,Mötzingen,71159,3734,8.15,48.535282,8.773708
081155005053,Baden-Württemberg,Böblingen,Jettingen,71131,8064,21.11,48.577417,8.774656
081155006046,Baden-Württemberg,Böblingen,Steinenbronn,71144,6315,9.72,48.66012,9.119496
081155006048,Baden-Württemberg,Böblingen,"Waldenbuch, Stadt",71111,8740,22.7,48.638166,9.12974
081160015015,Baden-Württemberg,Esslingen,Denkendorf,73770,11123,13.05,48.694154,9.31755
081160019019,Baden-Württemberg,Esslingen,"Esslingen am Neckar, Stadt",73728,95419,46.43,48.741347,9.309565
081160047047,Baden-Württemberg,Esslingen,Neuhausen auf den Fildern,73765,12449,12.46,48.684669,9.278797
081160072072,Baden-Württemberg,Esslingen,"Wernau (Neckar), Stadt",73249,12210,10.89,48.689366,9.421663
081160076076,Baden-Württemberg,Esslingen,Aichwald,73773,7291,14.67,48.75899,9.379855
081160077077,Baden-Württemberg,Esslingen,"Filderstadt, Stadt",70794,46274,38.55,48.67876,9.21973
081160078078,Baden-Württemberg,Esslingen,"Leinfelden-Echterdingen, Stadt",70771,41448,29.89,48.693719,9.138976
081160080080,Baden-Württemberg,Esslingen,"Ostfildern, Stadt",73760,39794,22.81,48.712327,9.301248
081160081081,Baden-Württemberg,Esslingen,"Aichtal, Stadt",72631,9643,23.6,48.621,9.236006
081165001016,Baden-Württemberg,Esslingen,Dettingen unter Teck,73265,6150,15.14,48.617753,9.452957
081165001033,Baden-Württemberg,Esslingen,"Kirchheim unter Teck, Stadt",73230,42382,40.47,48.646093,9.453784
081165001048,Baden-Württemberg,Esslingen,Notzingen,73274,3695,7.7,48.671109,9.462005
081165002018,Baden-Württemberg,Esslingen,Erkenbrechtsweiler,73268,1968,6.93,48.557932,9.432874
081165002054,Baden-Württemberg,Esslingen,"Owen, Stadt",73277,3421,9.7,48.58688,9.451611
081165002079,Baden-Württemberg,Esslingen,Lenningen,73252,7884,41.43,48.551225,9.472018
081165003005,Baden-Württemberg,Esslingen,Altdorf,72655,1704,3.24,48.594688,9.271505
081165003006,Baden-Württemberg,Esslingen,Altenriet,72657,1928,3.35,48.591482,9.221764
081165003008,Baden-Württemberg,Esslingen,Bempflingen,72658,3304,6.27,48.573217,9.26546
081165003041,Baden-Württemberg,Esslingen,Neckartailfingen,72666,3854,8.23,48.611753,9.262931
081165003042,Baden-Württemberg,Esslingen,Neckartenzlingen,72654,6222,9.03,48.590722,9.233903
081165003063,Baden-Württemberg,Esslingen,Schlaitdorf,72667,1900,7.31,48.604296,9.222445
081165004011,Baden-Württemberg,Esslingen,Beuren,72660,3552,11.69,48.570156,9.400911
081165004036,Baden-Württemberg,Esslingen,Kohlberg,72664,2253,4.38,48.558667,9.332295
081165004046,Baden-Württemberg,Esslingen,"Neuffen, Stadt",72639,6176,17.43,48.555671,9.37432
081165005020,Baden-Württemberg,Esslingen,Frickenhausen,72636,9202,11.34,48.593654,9.359845
081165005022,Baden-Württemberg,Esslingen,Großbettlingen,72663,4221,4.23,48.590744,9.30894
081165005049,Baden-Württemberg,Esslingen,"Nürtingen, Stadt",72622,40898,46.88,48.625847,9.343281
081165005050,Baden-Württemberg,Esslingen,Oberboihingen,72644,5610,6.31,48.647727,9.366724
081165005068,Baden-Württemberg,Esslingen,Unterensingen,72669,4938,7.56,48.658098,9.356151
081165005073,Baden-Württemberg,Esslingen,Wolfschlugen,72649,6224,7.11,48.653445,9.288023
081165006004,Baden-Württemberg,Esslingen,Altbach,73776,6084,3.34,48.723629,9.380166
081165006014,Baden-Württemberg,Esslingen,Deizisau,73779,6685,5.17,48.712039,9.384075
081165006056,Baden-Württemberg,Esslingen,"Plochingen, Stadt",73207,14503,10.64,48.713282,9.41695
081165007007,Baden-Württemberg,Esslingen,Baltmannsweiler,73666,5588,18.55,48.742625,9.448403
081165007027,Baden-Württemberg,Esslingen,Hochdorf,73269,4699,7.75,48.692863,9.46184
081165007037,Baden-Württemberg,Esslingen,Lichtenwald,73669,2547,10.8,48.752691,9.484433
081165007058,Baden-Württemberg,Esslingen,Reichenbach an der Fils,73262,8390,7.43,48.709743,9.459835
081165008012,Baden-Württemberg,Esslingen,Bissingen an der Teck,73266,3377,17.06,48.599972,9.491179
081165008029,Baden-Württemberg,Esslingen,Holzmaden,73271,2249,3.1,48.633843,9.51855
081165008043,Baden-Württemberg,Esslingen,Neidlingen,73272,1692,12.63,48.579286,9.563641
081165008053,Baden-Württemberg,Esslingen,Ohmden,73275,1712,5.55,48.645302,9.525906
081165008070,Baden-Württemberg,Esslingen,"Weilheim an der Teck, Stadt",73235,10007,26.51,48.615689,9.537362
081165009035,Baden-Württemberg,Esslingen,Köngen,73257,9656,12.51,48.684568,9.363326
081165009071,Baden-Württemberg,Esslingen,"Wendlingen am Neckar, Stadt",73240,16002,12.15,48.672462,9.379528
081170010010,Baden-Württemberg,Göppingen,Böhmenkirch,89558,5621,51.08,48.684616,9.931883
081175001006,Baden-Württemberg,Göppingen,Bad Ditzenbach,73342,3822,25.44,48.58863,9.704166
081175001014,Baden-Württemberg,Göppingen,Deggingen,73326,5061,22.71,48.59776,9.722279
081175002018,Baden-Württemberg,Göppingen,"Ebersbach an der Fils, Stadt",73061,15550,26.26,48.714242,9.523452
081175002044,Baden-Württemberg,Göppingen,Schlierbach,73278,3876,10.97,48.673712,9.517788
081175003019,Baden-Württemberg,Göppingen,"Eislingen/Fils, Stadt",73054,22168,16.41,48.700842,9.707697
081175003037,Baden-Württemberg,Göppingen,Ottenbach,73113,2355,11.9,48.735288,9.747979
081175003042,Baden-Württemberg,Göppingen,Salach,73084,8071,8.31,48.690404,9.737615
081175004007,Baden-Württemberg,Göppingen,Bad Überkingen,73337,3783,24.04,48.602392,9.799193
081175004024,Baden-Württemberg,Göppingen,"Geislingen an der Steige, Stadt",73312,27781,75.83,48.623045,9.835836
081175004033,Baden-Württemberg,Göppingen,Kuchen,73329,5481,8.95,48.635851,9.800136
081175005026,Baden-Württemberg,Göppingen,"Göppingen, Stadt",73033,58678,59.21,48.703267,9.653964
081175005043,Baden-Württemberg,Göppingen,Schlat,73114,1670,9.68,48.654497,9.707148
081175005053,Baden-Württemberg,Göppingen,Wäschenbeuren,73116,3916,12.95,48.759779,9.686958
081175005055,Baden-Württemberg,Göppingen,Wangen,73117,3174,9.68,48.725495,9.608282
081175006015,Baden-Württemberg,Göppingen,"Donzdorf, Stadt",73072,10550,39.82,48.686613,9.811046
081175006025,Baden-Württemberg,Göppingen,Gingen an der Fils,73333,4436,10.02,48.65686,9.779621
081175006049,Baden-Württemberg,Göppingen,"Süßen, Stadt",73079,10115,12.79,48.680177,9.757236
081175006061,Baden-Württemberg,Göppingen,"Lauterstein, Stadt",73111,2515,23.31,48.710289,9.861873
081175007016,Baden-Württemberg,Göppingen,Drackenstein,73345,430,5.68,48.556609,9.679776
081175007028,Baden-Württemberg,Göppingen,Gruibingen,73344,2226,23.05,48.595838,9.640912
081175007031,Baden-Württemberg,Göppingen,Hohenstadt,73345,748,11.64,48.54445,9.663973
081175007035,Baden-Württemberg,Göppingen,Mühlhausen im Täle,73347,1111,6.33,48.577165,9.654452
081175007058,Baden-Württemberg,Göppingen,"Wiesensteig, Stadt",73349,2030,23.41,48.561947,9.625129
081175008001,Baden-Württemberg,Göppingen,Adelberg,73099,1954,9.49,48.762533,9.598555
081175008009,Baden-Württemberg,Göppingen,Birenbach,73102,1931,2.5,48.745909,9.660006
081175008011,Baden-Württemberg,Göppingen,Börtlingen,73104,1718,8.26,48.75464,9.631645
081175008038,Baden-Württemberg,Göppingen,Rechberghausen,73098,5427,6.4,48.731398,9.64174
081175009002,Baden-Württemberg,Göppingen,Aichelberg,73101,1285,4.01,48.638498,9.567184
081175009012,Baden-Württemberg,Göppingen,Bad Boll,73087,5048,10.95,48.639235,9.616604
081175009017,Baden-Württemberg,Göppingen,Dürnau,73105,2180,5.37,48.642386,9.641001
081175009023,Baden-Württemberg,Göppingen,Gammelshausen,73108,1530,3.3,48.64031,9.650617
081175009029,Baden-Württemberg,Göppingen,Hattenhofen,73110,2934,7.64,48.666458,9.574768
081175009060,Baden-Württemberg,Göppingen,Zell unter Aichelberg,73119,3102,6.39,48.651705,9.573107
081175010003,Baden-Württemberg,Göppingen,Albershausen,73095,4408,6.5,48.691161,9.564885
081175010051,Baden-Württemberg,Göppingen,"Uhingen, Stadt",73066,14203,24.79,48.70652,9.585162
081175011020,Baden-Württemberg,Göppingen,Eschenbach,73107,2100,4.8,48.657638,9.671831
081175011030,Baden-Württemberg,Göppingen,Heiningen,73092,5060,12.45,48.660666,9.651131
081180003003,Baden-Württemberg,Ludwigsburg,"Asperg, Stadt",71679,13695,5.8,48.905309,9.135236
081180011011,Baden-Württemberg,Ludwigsburg,"Ditzingen, Stadt",71254,22551,30.38,48.827632,9.068779
081180019019,Baden-Württemberg,Ludwigsburg,"Gerlingen, Stadt",70839,18307,17.01,48.800587,9.062047
081180021021,Baden-Württemberg,Ludwigsburg,"Großbottwar, Stadt",71723,7951,25.51,48.999692,9.292335
081180046046,Baden-Württemberg,Ludwigsburg,"Kornwestheim, Stadt",70806,34149,14.65,48.86536,9.18586
081180048048,Baden-Württemberg,Ludwigsburg,"Ludwigsburg, Stadt",71638,93002,43.34,48.896233,9.190393
081180050050,Baden-Württemberg,Ludwigsburg,"Markgröningen, Stadt",71706,14052,28.17,48.905178,9.081072
081180051051,Baden-Württemberg,Ludwigsburg,Möglingen,71696,10730,9.95,48.887185,9.126384
081180060060,Baden-Württemberg,Ludwigsburg,Oberstenfeld,71720,7505,21.1,49.024346,9.321661
081180076076,Baden-Württemberg,Ludwigsburg,"Sachsenheim, Stadt",74343,18549,57.92,48.959506,9.063337
081180080080,Baden-Württemberg,Ludwigsburg,"Korntal-Münchingen, Stadt",70825,19666,20.71,48.826004,9.12377
081180081081,Baden-Württemberg,Ludwigsburg,"Remseck am Neckar, Stadt",71686,26089,22.82,48.87067,9.279445
081185001007,Baden-Württemberg,Ludwigsburg,"Besigheim, Stadt",74354,12159,16.83,49.000174,9.140825
081185001016,Baden-Württemberg,Ludwigsburg,Freudental,74392,2554,3.07,49.009612,9.059852
081185001018,Baden-Württemberg,Ludwigsburg,Gemmrigheim,74376,4597,8.23,49.027251,9.154976
081185001028,Baden-Württemberg,Ludwigsburg,Hessigheim,74394,2514,5.03,48.992263,9.187949
081185001047,Baden-Württemberg,Ludwigsburg,Löchgau,74369,5837,10.95,49.001831,9.10601
081185001053,Baden-Württemberg,Ludwigsburg,Mundelsheim,74395,3515,10.2,49.001061,9.206537
081185001074,Baden-Württemberg,Ludwigsburg,Walheim,74399,3305,6.13,49.013703,9.152281
081185002071,Baden-Württemberg,Ludwigsburg,"Tamm, Stadt",71732,12245,8.78,48.920183,9.117204
081185002077,Baden-Württemberg,Ludwigsburg,Ingersheim,74379,6277,11.55,48.961199,9.184679
081185002079,Baden-Württemberg,Ludwigsburg,"Bietigheim-Bissingen, Stadt",74321,43354,31.29,48.948358,9.132652
081185003010,Baden-Württemberg,Ludwigsburg,"Bönnigheim, Stadt",74357,8193,20.13,49.041614,9.093322
081185003015,Baden-Württemberg,Ludwigsburg,Erligheim,74391,3074,6.19,49.020305,9.098502
081185003040,Baden-Württemberg,Ludwigsburg,Kirchheim am Neckar,74366,6031,8.52,49.044258,9.145033
081185004063,Baden-Württemberg,Ludwigsburg,Pleidelsheim,74385,6096,10.18,48.95908,9.205009
081185004078,Baden-Württemberg,Ludwigsburg,"Freiberg am Neckar, Stadt",71691,15482,13.14,48.933909,9.195537
081185005001,Baden-Württemberg,Ludwigsburg,Affalterbach,71563,4362,10.15,48.923115,9.323455
081185005006,Baden-Württemberg,Ludwigsburg,Benningen am Neckar,71726,6260,4.87,48.947824,9.242498
081185005014,Baden-Württemberg,Ludwigsburg,Erdmannhausen,71729,5191,8.7,48.941641,9.296924
081185005049,Baden-Württemberg,Ludwigsburg,"Marbach am Neckar, Stadt",71672,15348,18.06,48.939832,9.259828
081185006027,Baden-Württemberg,Ludwigsburg,Hemmingen,71282,7871,12.34,48.865398,9.032461
081185006067,Baden-Württemberg,Ludwigsburg,Schwieberdingen,71701,11258,14.85,48.876494,9.073065
081185007054,Baden-Württemberg,Ludwigsburg,Murr,71711,6593,7.79,48.962627,9.259995
081185007070,Baden-Württemberg,Ludwigsburg,"Steinheim an der Murr, Stadt",71711,11962,23.18,48.965777,9.278099
081185008012,Baden-Württemberg,Ludwigsburg,Eberdingen,71735,6820,26.2,48.880949,8.964232
081185008059,Baden-Württemberg,Ludwigsburg,"Oberriexingen, Stadt",71739,3347,8.16,48.927122,9.029526
081185008068,Baden-Württemberg,Ludwigsburg,Sersheim,74372,5405,11.48,48.961021,9.01213
081185008073,Baden-Württemberg,Ludwigsburg,"Vaihingen an der Enz, Stadt",71665,28558,73.4,48.933224,8.960417
081190001001,Baden-Württemberg,Rems-Murr-Kreis,Alfdorf,73553,7237,68.52,48.843821,9.718908
081190020020,Baden-Württemberg,Rems-Murr-Kreis,"Fellbach, Stadt",70734,46659,27.71,48.80685,9.278375
081190041041,Baden-Württemberg,Rems-Murr-Kreis,Korb,71404,11558,8.45,48.841999,9.361341
081190044044,Baden-Württemberg,Rems-Murr-Kreis,"Murrhardt, Stadt",71540,14490,71.15,48.980867,9.579648
081190061061,Baden-Württemberg,Rems-Murr-Kreis,Rudersberg,73635,11543,39.37,48.883356,9.529647
081190079079,Baden-Württemberg,Rems-Murr-Kreis,"Waiblingen, Stadt",71332,57186,42.75,48.83001,9.314525
081190089089,Baden-Württemberg,Rems-Murr-Kreis,Berglen,73663,6861,25.86,48.861445,9.469424
081190090090,Baden-Württemberg,Rems-Murr-Kreis,Remshalden,73630,14291,15.14,48.810023,9.442436
081190091091,Baden-Württemberg,Rems-Murr-Kreis,"Weinstadt, Stadt",71384,26926,31.71,48.803451,9.385556
081190093093,Baden-Württemberg,Rems-Murr-Kreis,Kernen im Remstal,71394,15907,15.04,48.808537,9.317937
081195001003,Baden-Württemberg,Rems-Murr-Kreis,Allmersbach im Tal,71573,4914,7.96,48.906963,9.467228
081195001004,Baden-Württemberg,Rems-Murr-Kreis,Althütte,71566,4156,18.16,48.913413,9.575989
081195001006,Baden-Württemberg,Rems-Murr-Kreis,Auenwald,71549,6806,19.75,48.937414,9.499196
081195001008,Baden-Württemberg,Rems-Murr-Kreis,"Backnang, Stadt",71522,38615,39.38,48.94691,9.424452
081195001018,Baden-Württemberg,Rems-Murr-Kreis,Burgstetten,71576,3668,10.29,48.928176,9.372776
081195001038,Baden-Württemberg,Rems-Murr-Kreis,Kirchberg an der Murr,71737,4062,13.21,48.943006,9.34086
081195001053,Baden-Württemberg,Rems-Murr-Kreis,Oppenweiler,71570,4485,19.8,48.984096,9.458817
081195001083,Baden-Württemberg,Rems-Murr-Kreis,Weissach im Tal,71554,7598,14.13,48.929826,9.47773
081195001087,Baden-Württemberg,Rems-Murr-Kreis,Aspach,71546,8228,35.45,48.96663,9.397127
081195002055,Baden-Württemberg,Rems-Murr-Kreis,Plüderhausen,73655,9755,26.12,48.795519,9.599182
081195002076,Baden-Württemberg,Rems-Murr-Kreis,Urbach,73660,9176,20.77,48.81022,9.576727
081195003067,Baden-Württemberg,Rems-Murr-Kreis,"Schorndorf, Stadt",73614,41469,56.83,48.805051,9.528152
081195003086,Baden-Württemberg,Rems-Murr-Kreis,Winterbach,73650,7567,17.12,48.799784,9.479554
081195004024,Baden-Württemberg,Rems-Murr-Kreis,Großerlach,71577,2764,27.15,49.053922,9.516108
081195004069,Baden-Württemberg,Rems-Murr-Kreis,Spiegelberg,71579,2126,28.22,49.039689,9.445716
081195004075,Baden-Württemberg,Rems-Murr-Kreis,Sulzbach an der Murr,71560,5355,40.12,49.002908,9.501017
081195005037,Baden-Württemberg,Rems-Murr-Kreis,Kaisersbach,73667,2389,27.94,48.928912,9.639182
081195005084,Baden-Württemberg,Rems-Murr-Kreis,"Welzheim, Stadt",73642,11268,37.99,48.874336,9.63467
081195006042,Baden-Württemberg,Rems-Murr-Kreis,Leutenbach,71397,12036,14.73,48.887529,9.392571
081195006068,Baden-Württemberg,Rems-Murr-Kreis,Schwaikheim,71409,9934,9.22,48.877358,9.34922
081195006085,Baden-Württemberg,Rems-Murr-Kreis,"Winnenden, Stadt",71364,29844,28.05,48.877185,9.396202
081210000000,Baden-Württemberg,"Heilbronn, Stadtkreis","Heilbronn, Universitätsstadt",74072,132516,99.89,49.140428,9.217953
081250007007,Baden-Württemberg,Heilbronn,"Bad Wimpfen, Stadt",74206,7725,19.38,49.228198,9.163305
081250039039,Baden-Württemberg,Heilbronn,"Gundelsheim, Stadt",74831,7313,38.44,49.284163,9.160815
081250058058,Baden-Württemberg,Heilbronn,"Leingarten, Stadt",74211,11595,23.47,49.143857,9.127562
081250068068,Baden-Württemberg,Heilbronn,"Neudenau, Stadt",74861,5608,32.91,49.292642,9.270659
081250107107,Baden-Württemberg,Heilbronn,Wüstenrot,71543,6674,30.02,49.080263,9.460742
081255001005,Baden-Württemberg,Heilbronn,"Bad Friedrichshall, Stadt",74177,19910,24.71,49.229477,9.215882
081255001078,Baden-Württemberg,Heilbronn,Oedheim,74229,6692,21.24,49.239986,9.257536
081255001079,Baden-Württemberg,Heilbronn,Offenau,74254,2847,5.66,49.243887,9.163268
081255002006,Baden-Württemberg,Heilbronn,"Bad Rappenau, Stadt",74906,22728,73.56,49.240303,9.103117
081255002049,Baden-Württemberg,Heilbronn,Kirchardt,74912,5944,21.5,49.205097,8.990394
081255002087,Baden-Württemberg,Heilbronn,Siegelsbach,74936,1663,7.68,49.271185,9.089791
081255003013,Baden-Württemberg,Heilbronn,"Brackenheim, Stadt",74336,16712,45.75,49.078235,9.064886
081255003017,Baden-Württemberg,Heilbronn,Cleebronn,74389,3037,17.09,49.044478,9.036794
081255004026,Baden-Württemberg,Heilbronn,"Eppingen, Stadt",75031,22796,88.58,49.137701,8.909012
081255004034,Baden-Württemberg,Heilbronn,Gemmingen,75050,5582,19.08,49.156795,8.982537
081255004047,Baden-Württemberg,Heilbronn,Ittlingen,74930,2613,14.11,49.192169,8.933835
081255005030,Baden-Württemberg,Heilbronn,Flein,74223,7422,8.48,49.100989,9.213902
081255005094,Baden-Württemberg,Heilbronn,Talheim,74388,5095,11.62,49.083283,9.193502
081255006056,Baden-Württemberg,Heilbronn,"Lauffen am Neckar, Stadt",74348,12218,22.63,49.076213,9.150312
081255006066,Baden-Württemberg,Heilbronn,Neckarwestheim,74382,3979,13.98,49.047055,9.193304
081255006074,Baden-Württemberg,Heilbronn,Nordheim,74226,8531,12.71,49.109167,9.126068
081255007048,Baden-Württemberg,Heilbronn,Jagsthausen,74249,1730,17.68,49.309857,9.469854
081255007063,Baden-Württemberg,Heilbronn,"Möckmühl, Stadt",74219,8489,49.6,49.323117,9.359823
081255007084,Baden-Württemberg,Heilbronn,Roigheim,74255,1482,14.01,49.363701,9.340511
081255007103,Baden-Württemberg,Heilbronn,"Widdern, Stadt",74259,1801,25.23,49.318041,9.421596
081255008027,Baden-Württemberg,Heilbronn,Erlenbach,74235,5179,12.73,49.170228,9.268814
081255008065,Baden-Württemberg,Heilbronn,"Neckarsulm, Stadt",74172,26470,24.94,49.190147,9.223944
081255008096,Baden-Württemberg,Heilbronn,Untereisesheim,74257,4330,3.67,49.210623,9.202008
081255009069,Baden-Württemberg,Heilbronn,"Neuenstadt am Kocher, Stadt",74196,10218,41.17,49.237185,9.330987
081255009111,Baden-Württemberg,Heilbronn,Hardthausen am Kocher,74239,4499,35.56,49.241418,9.40273
081255009113,Baden-Württemberg,Heilbronn,Langenbrettach,74243,3889,23.97,49.224779,9.381284
081255010038,Baden-Württemberg,Heilbronn,"Güglingen, Stadt",74363,6344,16.27,49.066703,8.99847
081255010081,Baden-Württemberg,Heilbronn,Pfaffenhofen,74397,2575,12.04,49.063969,8.975253
081255010108,Baden-Württemberg,Heilbronn,Zaberfeld,74374,4157,22.18,49.055967,8.928773
081255011059,Baden-Württemberg,Heilbronn,"Löwenstein, Stadt",74245,3406,23.46,49.095993,9.380173
081255011110,Baden-Württemberg,Heilbronn,Obersulm,74182,13741,31.08,49.135333,9.384003
081255012001,Baden-Württemberg,Heilbronn,Abstatt,74232,5000,9.66,49.068456,9.290986
081255012008,Baden-Württemberg,Heilbronn,"Beilstein, Stadt",71717,6326,25.24,49.040994,9.313798
081255012046,Baden-Württemberg,Heilbronn,Ilsfeld,74360,9806,26.51,49.05512,9.24477
081255012098,Baden-Württemberg,Heilbronn,Untergruppenbach,74199,8798,27.27,49.091469,9.276206
081255013061,Baden-Württemberg,Heilbronn,Massenbachhausen,74252,3725,8.78,49.176257,9.046815
081255013086,Baden-Württemberg,Heilbronn,"Schwaigern, Stadt",74193,11784,49.49,49.141683,9.056965
081255014021,Baden-Württemberg,Heilbronn,Eberstadt,74246,3212,12.5,49.180243,9.320938
081255014024,Baden-Württemberg,Heilbronn,Ellhofen,74248,3962,5.86,49.146658,9.321498
081255014057,Baden-Württemberg,Heilbronn,Lehrensteinsfeld,74251,2691,6.22,49.130481,9.32639
081255014102,Baden-Württemberg,Heilbronn,"Weinsberg, Stadt",74189,13406,22.22,49.150258,9.285758
081260011011,Baden-Württemberg,Hohenlohekreis,Bretzfeld,74626,12624,64.68,49.177232,9.440237
081260072072,Baden-Württemberg,Hohenlohekreis,Schöntal,74214,5599,81.67,49.344441,9.52668
081265001047,Baden-Württemberg,Hohenlohekreis,Kupferzell,74635,6663,54.27,49.227563,9.68958
081265001058,Baden-Württemberg,Hohenlohekreis,"Neuenstein, Stadt",74632,6556,47.86,49.205319,9.582072
081265001085,Baden-Württemberg,Hohenlohekreis,"Waldenburg, Stadt",74638,2987,31.54,49.18656,9.642224
081265002020,Baden-Württemberg,Hohenlohekreis,Dörzbach,74677,2547,32.35,49.383492,9.706625
081265002045,Baden-Württemberg,Hohenlohekreis,"Krautheim, Stadt",74238,4502,52.9,49.384904,9.634435
081265002056,Baden-Württemberg,Hohenlohekreis,Mulfingen,74673,3633,80.09,49.340479,9.801118
081265003039,Baden-Württemberg,Hohenlohekreis,"Ingelfingen, Stadt",74653,5468,46.48,49.299402,9.654049
081265003046,Baden-Württemberg,Hohenlohekreis,"Künzelsau, Stadt",74653,16457,75.18,49.277894,9.687069
081265004028,Baden-Württemberg,Hohenlohekreis,"Forchtenberg, Stadt",74670,5375,38.09,49.287249,9.562246
081265004060,Baden-Württemberg,Hohenlohekreis,"Niedernhall, Stadt",74676,4132,17.69,49.294782,9.617131
081265004086,Baden-Württemberg,Hohenlohekreis,Weißbach,74679,2070,12.77,49.299966,9.595907
081265005066,Baden-Württemberg,Hohenlohekreis,"Öhringen, Stadt",74613,25871,67.79,49.200104,9.501119
081265005069,Baden-Württemberg,Hohenlohekreis,Pfedelbach,74629,9300,41.29,49.17696,9.503745
081265005094,Baden-Württemberg,Hohenlohekreis,Zweiflingen,74639,1817,32.1,49.25588,9.518026
081270008008,Baden-Württemberg,Schwäbisch Hall,Blaufelden,74572,5348,90.17,49.297785,9.974402
081270052052,Baden-Württemberg,Schwäbisch Hall,Mainhardt,74535,5963,58.7,49.075798,9.55678
081270075075,Baden-Württemberg,Schwäbisch Hall,"Schrozberg, Stadt",74575,5768,105.21,49.344875,9.979876
081275001009,Baden-Württemberg,Schwäbisch Hall,Braunsbach,74542,2462,52.87,49.198935,9.791297
081275001086,Baden-Württemberg,Schwäbisch Hall,Untermünkheim,74547,3102,27.19,49.152884,9.733211
081275002014,Baden-Württemberg,Schwäbisch Hall,"Crailsheim, Stadt",74564,35905,109.08,49.135752,10.071139
081275002073,Baden-Württemberg,Schwäbisch Hall,Satteldorf,74589,5666,46.21,49.170293,10.081515
081275002103,Baden-Württemberg,Schwäbisch Hall,Frankenhardt,74586,5020,69.86,49.081875,9.980093
081275002104,Baden-Württemberg,Schwäbisch Hall,Stimpfach,74597,2956,33.35,49.062419,10.090569
081275003101,Baden-Württemberg,Schwäbisch Hall,Kreßberg,74594,4059,48.46,49.130659,10.184266
081275003102,Baden-Württemberg,Schwäbisch Hall,Fichtenau,74579,4591,31.28,49.070628,10.207151
081275004032,Baden-Württemberg,Schwäbisch Hall,"Gerabronn, Stadt",74582,4389,40.38,49.251834,9.922672
081275004047,Baden-Württemberg,Schwäbisch Hall,"Langenburg, Stadt",74595,1751,31.4,49.253622,9.849831
081275005043,Baden-Württemberg,Schwäbisch Hall,"Ilshofen, Stadt",74532,7080,54.87,49.169825,9.921075
081275005089,Baden-Württemberg,Schwäbisch Hall,"Vellberg, Stadt",74541,4728,31.89,49.086487,9.880771
081275005099,Baden-Württemberg,Schwäbisch Hall,Wolpertshausen,74549,2358,27.42,49.167105,9.845223
081275006023,Baden-Württemberg,Schwäbisch Hall,Fichtenberg,74427,2831,24.19,48.986058,9.712826
081275006025,Baden-Württemberg,Schwäbisch Hall,"Gaildorf, Stadt",74405,12054,62.59,49.00045,9.76983
081275006062,Baden-Württemberg,Schwäbisch Hall,Oberrot,74420,3537,37.94,49.013928,9.66391
081275006079,Baden-Württemberg,Schwäbisch Hall,Sulzbach-Laufen,74429,2587,43.97,48.965928,9.845198
081275007012,Baden-Württemberg,Schwäbisch Hall,Bühlertann,74424,3052,23.59,49.041125,9.908566
081275007013,Baden-Württemberg,Schwäbisch Hall,Bühlerzell,74426,2076,49.3,49.003231,9.918872
081275007063,Baden-Württemberg,Schwäbisch Hall,Obersontheim,74423,5350,54.84,49.057122,9.89935
081275008046,Baden-Württemberg,Schwäbisch Hall,"Kirchberg an der Jagst, Stadt",74592,4149,40.93,49.20226,9.981388
081275008071,Baden-Württemberg,Schwäbisch Hall,Rot am See,74585,5543,74.8,49.248906,10.02557
081275008091,Baden-Württemberg,Schwäbisch Hall,Wallhausen,74599,3652,25.47,49.211863,10.063061
081275009056,Baden-Württemberg,Schwäbisch Hall,Michelbach an der Bilz,74544,3398,17.68,49.069624,9.762378
081275009059,Baden-Württemberg,Schwäbisch Hall,Michelfeld,74545,3683,35.23,49.097131,9.679757
081275009076,Baden-Württemberg,Schwäbisch Hall,"Schwäbisch Hall, Stadt",74523,42705,104.19,49.112856,9.735145
081275009100,Baden-Württemberg,Schwäbisch Hall,Rosengarten,74538,5301,31.01,49.066934,9.726334
081280020020,Baden-Württemberg,Main-Tauber-Kreis,"Creglingen, Stadt",97993,4417,117.23,49.470427,10.032709
081280039039,Baden-Württemberg,Main-Tauber-Kreis,"Freudenberg, Stadt",97896,3570,34.76,49.742099,9.324222
081280064064,Baden-Württemberg,Main-Tauber-Kreis,"Külsheim, Stadt",97900,5309,81.43,49.670835,9.517596
081280082082,Baden-Württemberg,Main-Tauber-Kreis,"Niederstetten, Stadt",97996,4874,104.05,49.401781,9.917243
081280126126,Baden-Württemberg,Main-Tauber-Kreis,"Weikersheim, Stadt",97990,7860,80.93,49.482875,9.902462
081280131131,Baden-Württemberg,Main-Tauber-Kreis,"Wertheim, Stadt",97877,22808,138.59,49.759581,9.516823
081280139139,Baden-Württemberg,Main-Tauber-Kreis,"Lauda-Königshofen, Stadt",97922,14150,94.44,49.57011,9.70108
081285001006,Baden-Württemberg,Main-Tauber-Kreis,Assamstadt,97959,2284,17.23,49.427324,9.686743
081285001007,Baden-Württemberg,Main-Tauber-Kreis,"Bad Mergentheim, Stadt",97980,24084,129.96,49.490973,9.773085
081285001058,Baden-Württemberg,Main-Tauber-Kreis,Igersheim,97999,5479,42.83,49.496624,9.815731
081285002014,Baden-Württemberg,Main-Tauber-Kreis,"Boxberg, Stadt",97944,6784,101.71,49.481118,9.641258
081285002138,Baden-Württemberg,Main-Tauber-Kreis,Ahorn,74744,2217,53.93,49.501528,9.540368
081285003047,Baden-Württemberg,Main-Tauber-Kreis,"Grünsfeld, Stadt",97947,3647,44.72,49.607521,9.744701
081285003137,Baden-Württemberg,Main-Tauber-Kreis,Wittighausen,97957,1756,32.36,49.612832,9.838518
081285004045,Baden-Württemberg,Main-Tauber-Kreis,Großrinderfeld,97950,4101,56.28,49.665421,9.733541
081285004061,Baden-Württemberg,Main-Tauber-Kreis,Königheim,97953,3005,61.21,49.618084,9.592932
081285004115,Baden-Württemberg,Main-Tauber-Kreis,"Tauberbischofsheim, Stadt",97941,13341,69.29,49.622047,9.662778
081285004128,Baden-Württemberg,Main-Tauber-Kreis,Werbach,97956,3190,43.17,49.670749,9.638538
081350010010,Baden-Württemberg,Heidenheim,Dischingen,89561,4414,78.06,48.696067,10.364184
081350015015,Baden-Württemberg,Heidenheim,Gerstetten,89547,11530,92.43,48.622994,10.018422
081350020020,Baden-Württemberg,Heidenheim,"Herbrechtingen, Stadt",89542,13281,58.63,48.621668,10.175775
081350025025,Baden-Württemberg,Heidenheim,Königsbronn,89551,6966,45.44,48.743064,10.11239
081350032032,Baden-Württemberg,Heidenheim,Steinheim am Albuch,89555,8790,82.43,48.692172,10.063541
081355001016,Baden-Württemberg,Heidenheim,"Giengen an der Brenz, Stadt",89537,19857,44.07,48.623783,10.24167
081355001021,Baden-Württemberg,Heidenheim,Hermaringen,89568,2339,15.25,48.596078,10.261636
081355002019,Baden-Württemberg,Heidenheim,"Heidenheim an der Brenz, Stadt",89522,50612,107.09,48.677736,10.154639
081355002026,Baden-Württemberg,Heidenheim,Nattheim,89564,6531,44.99,48.699582,10.241784
081355003027,Baden-Württemberg,Heidenheim,"Niederstotzingen, Stadt",89168,4909,29.81,48.541085,10.234998
081355003031,Baden-Württemberg,Heidenheim,Sontheim an der Brenz,89567,5846,28.92,48.556231,10.2867
081360002002,Baden-Württemberg,Ostalbkreis,Abtsgmünd,73453,7560,71.57,48.894913,10.002231
081360027027,Baden-Württemberg,Ostalbkreis,Gschwend,74417,4563,54.52,48.93413,9.74354
081360042042,Baden-Württemberg,Ostalbkreis,"Lorch, Stadt",73547,10704,34.28,48.797029,9.689403
081360045045,Baden-Württemberg,Ostalbkreis,"Neresheim, Stadt",73450,7921,118.51,48.752577,10.336826
081360050050,Baden-Württemberg,Ostalbkreis,"Oberkochen, Stadt",73447,7679,23.55,48.784042,10.105585
081365001021,Baden-Württemberg,Ostalbkreis,Essingen,73457,6421,58.49,48.808719,10.027392
081365001033,Baden-Württemberg,Ostalbkreis,Hüttlingen,73460,6079,18.7,48.892987,10.097961
081365001088,Baden-Württemberg,Ostalbkreis,"Aalen, Stadt",73430,67675,146.58,48.835057,10.092337
081365002010,Baden-Württemberg,Ostalbkreis,"Bopfingen, Stadt",73441,11531,76.96,48.857911,10.351593
081365002037,Baden-Württemberg,Ostalbkreis,Kirchheim am Ries,73467,1716,21.05,48.877758,10.400463
081365002087,Baden-Württemberg,Ostalbkreis,Riesbürg,73469,2190,17.97,48.850164,10.434643
081365003003,Baden-Württemberg,Ostalbkreis,Adelmannsfelden,73486,1721,22.9,48.954324,10.003628
081365003018,Baden-Württemberg,Ostalbkreis,Ellenberg,73488,1819,30.19,49.01335,10.216727
081365003019,Baden-Württemberg,Ostalbkreis,"Ellwangen (Jagst), Stadt",73479,24589,127.38,48.962988,10.131979
081365003035,Baden-Württemberg,Ostalbkreis,Jagstzell,73489,2339,37.95,49.030777,10.097352
081365003046,Baden-Württemberg,Ostalbkreis,Neuler,73491,3281,36.27,48.928632,10.069574
081365003060,Baden-Württemberg,Ostalbkreis,Rosenberg,73494,2585,41.02,49.01992,10.033041
081365003084,Baden-Württemberg,Ostalbkreis,Wört,73499,1505,18.17,49.030785,10.273842
081365003089,Baden-Württemberg,Ostalbkreis,Rainau,73492,3332,25.47,48.928166,10.138467
081365004038,Baden-Württemberg,Ostalbkreis,"Lauchheim, Stadt",73466,4975,40.87,48.871764,10.245244
081365004082,Baden-Württemberg,Ostalbkreis,Westhausen,73463,6131,38.45,48.884017,10.186554
081365005020,Baden-Württemberg,Ostalbkreis,Eschach,73569,1881,20.28,48.887766,9.869562
081365005024,Baden-Württemberg,Ostalbkreis,Göggingen,73571,2558,11.38,48.8635,9.887271
081365005034,Baden-Württemberg,Ostalbkreis,Iggingen,73574,2629,11.39,48.831329,9.879122
081365005040,Baden-Württemberg,Ostalbkreis,Leinzell,73575,2013,2.11,48.849263,9.877571
081365005049,Baden-Württemberg,Ostalbkreis,Obergröningen,73569,427,5.86,48.893895,9.909802
081365005062,Baden-Württemberg,Ostalbkreis,Schechingen,73579,2239,11.87,48.87361,9.917603
081365006007,Baden-Württemberg,Ostalbkreis,Bartholomä,73566,2043,20.75,48.752118,9.987345
081365006009,Baden-Württemberg,Ostalbkreis,Böbingen an der Rems,73560,4523,12.22,48.82016,9.920981
081365006028,Baden-Württemberg,Ostalbkreis,"Heubach, Stadt",73540,10241,25.78,48.78878,9.934626
081365006029,Baden-Württemberg,Ostalbkreis,Heuchlingen,73572,1855,9.03,48.853843,9.942563
081365006043,Baden-Württemberg,Ostalbkreis,Mögglingen,73563,4300,10.27,48.82339,9.962526
081365007065,Baden-Württemberg,Ostalbkreis,"Schwäbisch Gmünd, Stadt",73525,63930,113.81,48.802384,9.796508
081365007079,Baden-Württemberg,Ostalbkreis,Waldstetten,73550,7018,20.96,48.766084,9.819633
081365008015,Baden-Württemberg,Ostalbkreis,Durlangen,73568,2711,10.43,48.855882,9.793078
081365008044,Baden-Württemberg,Ostalbkreis,Mutlangen,73557,6724,8.79,48.823598,9.797933
081365008061,Baden-Württemberg,Ostalbkreis,Ruppertshofen,73577,1944,14.21,48.884049,9.814323
081365008066,Baden-Württemberg,Ostalbkreis,Spraitbach,73565,3400,12.39,48.880569,9.762281
081365008070,Baden-Württemberg,Ostalbkreis,Täferrot,73527,982,12.01,48.849433,9.83689
081365009068,Baden-Württemberg,Ostalbkreis,Stödtlen,73495,1783,31.18,49.000185,10.301188
081365009071,Baden-Württemberg,Ostalbkreis,Tannhausen,73497,1776,17.74,48.978945,10.357201
081365009075,Baden-Württemberg,Ostalbkreis,Unterschneidheim,73485,5035,68.07,48.942,10.365761
082110000000,Baden-Württemberg,"Baden-Baden, Stadtkreis","Baden-Baden, Stadt",76530,56952,140.19,48.761794,8.239951
082120000000,Baden-Württemberg,"Karlsruhe, Stadtkreis","Karlsruhe, Stadt",76133,309247,173.42,49.009626,8.405282
082150017017,Baden-Württemberg,Karlsruhe,"Ettlingen, Stadt",76275,38557,56.75,48.942,8.405904
082150046046,Baden-Württemberg,Karlsruhe,Malsch,76316,14728,51.24,48.879543,8.334952
082150047047,Baden-Württemberg,Karlsruhe,Marxzell,76359,4978,34.92,48.863172,8.448322
082150064064,Baden-Württemberg,Karlsruhe,"Östringen, Stadt",76684,13447,53.28,49.218783,8.712417
082150084084,Baden-Württemberg,Karlsruhe,Ubstadt-Weiher,76698,13077,36.49,49.160402,8.631072
082150089089,Baden-Württemberg,Karlsruhe,Walzbachtal,75045,9940,36.68,49.010197,8.611602
082150090090,Baden-Württemberg,Karlsruhe,Weingarten (Baden),76356,10582,29.38,49.050225,8.531712
082150096096,Baden-Württemberg,Karlsruhe,Karlsbad,76307,16137,38.01,48.916735,8.50601
082150097097,Baden-Württemberg,Karlsruhe,"Kraichtal, Stadt",76703,14546,80.59,49.122597,8.714528
082150101101,Baden-Württemberg,Karlsruhe,Pfinztal,76327,18291,31.05,48.986457,8.541756
082150102102,Baden-Württemberg,Karlsruhe,Eggenstein-Leopoldshafen,76344,16850,26.11,49.08108,8.392996
082150105105,Baden-Württemberg,Karlsruhe,Linkenheim-Hochstetten,76351,12601,23.6,49.124733,8.408502
082150106106,Baden-Württemberg,Karlsruhe,"Waghäusel, Stadt",68753,22301,42.84,49.250734,8.514287
082150108108,Baden-Württemberg,Karlsruhe,"Rheinstetten, Stadt",76287,21233,32.31,48.959096,8.292901
082150109109,Baden-Württemberg,Karlsruhe,"Stutensee, Stadt",76297,25422,45.68,49.063748,8.470789
082150110110,Baden-Württemberg,Karlsruhe,Waldbronn,76337,13799,11.35,48.931426,8.461134
082155001039,Baden-Württemberg,Karlsruhe,Kronau,76709,6077,10.9,49.219296,8.634487
082155001100,Baden-Württemberg,Karlsruhe,Bad Schönborn,76669,13529,24.1,49.219375,8.652877
082155002007,Baden-Württemberg,Karlsruhe,"Bretten, Stadt",75015,30312,71.1,49.036665,8.707641
082155002025,Baden-Württemberg,Karlsruhe,Gondelsheim,75053,4139,14.86,49.05879,8.657949
082155003009,Baden-Württemberg,Karlsruhe,"Bruchsal, Stadt",76646,47578,93.04,49.125785,8.5977
082155003021,Baden-Württemberg,Karlsruhe,Forst,76694,7998,11.46,49.152909,8.586918
082155003029,Baden-Württemberg,Karlsruhe,Hambrücken,76707,5687,10.98,49.186033,8.544792
082155003103,Baden-Württemberg,Karlsruhe,Karlsdorf-Neuthard,76689,10673,14.02,49.136151,8.545484
082155004099,Baden-Württemberg,Karlsruhe,Graben-Neudorf,76676,12496,28.8,49.172696,8.496271
082155004111,Baden-Württemberg,Karlsruhe,Dettenheim,76706,6753,30.89,49.161291,8.415615
082155005040,Baden-Württemberg,Karlsruhe,Kürnbach,75057,2463,12.66,49.076664,8.844275
082155005059,Baden-Württemberg,Karlsruhe,"Oberderdingen, Stadt",75038,11753,33.57,49.062716,8.80201
082155006066,Baden-Württemberg,Karlsruhe,"Philippsburg, Stadt",76661,13765,50.54,49.236173,8.453544
082155006107,Baden-Württemberg,Karlsruhe,Oberhausen-Rheinhausen,68794,9515,18.92,49.260511,8.482728
082155007082,Baden-Württemberg,Karlsruhe,Sulzfeld,75056,5112,18.75,49.103766,8.856733
082155007094,Baden-Württemberg,Karlsruhe,Zaisenhausen,75059,1885,10.1,49.105526,8.812919
082160008008,Baden-Württemberg,Rastatt,Bühlertal,77830,7660,17.67,48.682789,8.191679
082160013013,Baden-Württemberg,Rastatt,Forbach,76596,4571,131.86,48.680136,8.358737
082160015015,Baden-Württemberg,Rastatt,"Gaggenau, Stadt",76571,29394,65.01,48.807364,8.317525
082165001006,Baden-Württemberg,Rastatt,Bischweier,76476,3046,4.6,48.838747,8.28315
082165001024,Baden-Württemberg,Rastatt,"Kuppenheim, Stadt",76456,8161,18.08,48.827747,8.254177
082165002007,Baden-Württemberg,Rastatt,"Bühl, Stadt",77815,28433,73.18,48.696265,8.136444
082165002041,Baden-Württemberg,Rastatt,Ottersweier,77833,6351,29.21,48.669485,8.11188
082165003002,Baden-Württemberg,Rastatt,Au am Rhein,76474,3389,13.29,48.951487,8.236454
082165003005,Baden-Württemberg,Rastatt,Bietigheim,76467,6473,13.9,48.91379,8.246052
082165003009,Baden-Württemberg,Rastatt,Durmersheim,76448,11747,25.97,48.931418,8.268461
082165003012,Baden-Württemberg,Rastatt,Elchesheim-Illingen,76477,3252,10.13,48.933733,8.208194
082165004017,Baden-Württemberg,Rastatt,"Gernsbach, Stadt",76593,14264,82.03,48.763758,8.337715
082165004029,Baden-Württemberg,Rastatt,Loffenau,76597,2492,17.06,48.773965,8.387066
082165004059,Baden-Württemberg,Rastatt,Weisenbach,76599,2387,9.07,48.728726,8.354952
082165005023,Baden-Württemberg,Rastatt,Iffezheim,76473,5186,19.91,48.822716,8.140588
082165005033,Baden-Württemberg,Rastatt,Muggensturm,76461,6103,11.56,48.869678,8.276717
082165005039,Baden-Württemberg,Rastatt,Ötigheim,76470,5004,10.98,48.893206,8.231643
082165005043,Baden-Württemberg,Rastatt,"Rastatt, Stadt",76437,50753,58.98,48.857703,8.202529
082165005052,Baden-Württemberg,Rastatt,Steinmauern,76479,3198,12.42,48.900452,8.198767
082165006028,Baden-Württemberg,Rastatt,"Lichtenau, Stadt",77839,4969,27.62,48.726111,8.007707
082165006063,Baden-Württemberg,Rastatt,Rheinmünster,77836,6433,42.5,48.746539,8.046134
082165007022,Baden-Württemberg,Rastatt,Hügelsheim,76549,4950,14.91,48.797453,8.111634
082165007049,Baden-Württemberg,Rastatt,Sinzheim,76547,11547,28.5,48.760234,8.163518
082210000000,Baden-Württemberg,"Heidelberg, Stadtkreis","Heidelberg, Stadt",69117,156092,108.83,49.410524,8.705543
082220000000,Baden-Württemberg,"Mannheim, Stadtkreis","Mannheim, Universitätsstadt",68159,319536,144.97,49.48778,8.466275
082250014014,Baden-Württemberg,Neckar-Odenwald-Kreis,"Buchen (Odenwald), Stadt",74722,18293,138.93,49.521795,9.323179
082250060060,Baden-Württemberg,Neckar-Odenwald-Kreis,Mudau,69427,4951,107.49,49.532775,9.205835
082255001032,Baden-Württemberg,Neckar-Odenwald-Kreis,Hardheim,74736,6650,87.08,49.608193,9.474484
082255001039,Baden-Württemberg,Neckar-Odenwald-Kreis,Höpfingen,74746,3083,30.48,49.601552,9.428764
082255001109,Baden-Württemberg,Neckar-Odenwald-Kreis,"Walldürn, Stadt",74731,11562,105.91,49.582516,9.368531
082255002033,Baden-Württemberg,Neckar-Odenwald-Kreis,Haßmersheim,74855,5129,19.15,49.301027,9.14612
082255002042,Baden-Württemberg,Neckar-Odenwald-Kreis,Hüffenhardt,74928,2062,17.62,49.291052,9.082798
082255003002,Baden-Württemberg,Neckar-Odenwald-Kreis,Aglasterhausen,74858,4840,22.84,49.35493,8.989348
082255003068,Baden-Württemberg,Neckar-Odenwald-Kreis,Neunkirchen,74867,1829,15.92,49.387558,9.009215
082255003116,Baden-Württemberg,Neckar-Odenwald-Kreis,Schwarzach,74869,2883,8.36,49.373813,8.983173
082255004024,Baden-Württemberg,Neckar-Odenwald-Kreis,Fahrenbach,74864,2617,16.41,49.430872,9.149875
082255004052,Baden-Württemberg,Neckar-Odenwald-Kreis,Limbach,74838,4466,43.59,49.461025,9.211652
082255005058,Baden-Württemberg,Neckar-Odenwald-Kreis,"Mosbach, Stadt",74821,24393,62.16,49.352037,9.146596
082255005067,Baden-Württemberg,Neckar-Odenwald-Kreis,Neckarzimmern,74865,1415,8.17,49.318459,9.133187
082255005074,Baden-Württemberg,Neckar-Odenwald-Kreis,Obrigheim,74847,5377,24.25,49.353176,9.089945
082255005117,Baden-Württemberg,Neckar-Odenwald-Kreis,Elztal,74834,5800,46.62,49.384876,9.191576
082255006010,Baden-Württemberg,Neckar-Odenwald-Kreis,Binau,74862,1328,4.83,49.367567,9.059764
082255006064,Baden-Württemberg,Neckar-Odenwald-Kreis,Neckargerach,69437,2246,15.31,49.400962,9.070811
082255006113,Baden-Württemberg,Neckar-Odenwald-Kreis,Zwingenberg,69439,620,4.72,49.412627,9.047849
082255006118,Baden-Württemberg,Neckar-Odenwald-Kreis,Waldbrunn,69429,4689,44.29,49.463217,9.076699
082255007075,Baden-Württemberg,Neckar-Odenwald-Kreis,"Osterburken, Stadt",74706,6572,47.32,49.428346,9.426233
082255007082,Baden-Württemberg,Neckar-Odenwald-Kreis,Rosenberg,74749,1995,40.94,49.456285,9.474974
082255007114,Baden-Württemberg,Neckar-Odenwald-Kreis,"Ravenstein, Stadt",74747,2971,55.97,49.401829,9.508202
082255008009,Baden-Württemberg,Neckar-Odenwald-Kreis,Billigheim,74842,6072,48.94,49.347877,9.254676
082255008115,Baden-Württemberg,Neckar-Odenwald-Kreis,Schefflenz,74850,3964,36.96,49.401352,9.279178
082255009001,Baden-Württemberg,Neckar-Odenwald-Kreis,"Adelsheim, Stadt",74740,5112,43.84,49.401957,9.391601
082255009091,Baden-Württemberg,Neckar-Odenwald-Kreis,Seckach,74743,3990,27.85,49.442654,9.335898
082260009009,Baden-Württemberg,Rhein-Neckar-Kreis,Brühl,68782,14567,10.19,49.395199,8.534338
082260012012,Baden-Württemberg,Rhein-Neckar-Kreis,Dossenheim,69221,12702,14.15,49.451501,8.677836
082260018018,Baden-Württemberg,Rhein-Neckar-Kreis,"Eppelheim, Stadt",69214,15706,5.7,49.401236,8.631011
082260028028,Baden-Württemberg,Rhein-Neckar-Kreis,Heddesheim,68542,12382,14.71,49.504679,8.603136
082260036036,Baden-Württemberg,Rhein-Neckar-Kreis,Ilvesheim,68549,9231,5.89,49.472324,8.567892
082260037037,Baden-Württemberg,Rhein-Neckar-Kreis,Ketsch,68775,13154,16.52,49.366957,8.526937
082260038038,Baden-Württemberg,Rhein-Neckar-Kreis,"Ladenburg, Stadt",68526,12820,19.0,49.471947,8.610298
082260041041,Baden-Württemberg,Rhein-Neckar-Kreis,"Leimen, Stadt",69181,26815,20.64,49.349054,8.688782
082260060060,Baden-Württemberg,Rhein-Neckar-Kreis,Nußloch,69226,11392,13.58,49.322794,8.69587
082260062062,Baden-Württemberg,Rhein-Neckar-Kreis,Oftersheim,68723,12165,12.78,49.368098,8.585149
082260063063,Baden-Württemberg,Rhein-Neckar-Kreis,Plankstadt,68723,10714,8.5,49.392183,8.593962
082260076076,Baden-Württemberg,Rhein-Neckar-Kreis,Sandhausen,69207,15331,14.55,49.342601,8.658493
082260082082,Baden-Württemberg,Rhein-Neckar-Kreis,"Schriesheim, Stadt",69198,15114,31.61,49.47608,8.664038
082260084084,Baden-Württemberg,Rhein-Neckar-Kreis,"Schwetzingen, Stadt",68723,21864,21.5,49.384642,8.574386
082260095095,Baden-Württemberg,Rhein-Neckar-Kreis,"Walldorf, Stadt",69190,16219,19.91,49.303151,8.642764
082260096096,Baden-Württemberg,Rhein-Neckar-Kreis,"Weinheim, Stadt",69469,45919,58.11,49.550558,8.670732
082260103103,Baden-Württemberg,Rhein-Neckar-Kreis,St. Leon-Rot,68789,13978,25.56,49.267197,8.599891
082260105105,Baden-Württemberg,Rhein-Neckar-Kreis,Edingen-Neckarhausen,68535,14714,12.04,49.448784,8.611007
082260107107,Baden-Württemberg,Rhein-Neckar-Kreis,Hirschberg an der Bergstraße,69493,9592,12.35,49.49855,8.656323
082265001013,Baden-Württemberg,Rhein-Neckar-Kreis,"Eberbach, Stadt",69412,14729,81.15,49.461538,8.989557
082265001081,Baden-Württemberg,Rhein-Neckar-Kreis,Schönbrunn,69436,2868,34.47,49.410744,8.92908
082265002020,Baden-Württemberg,Rhein-Neckar-Kreis,Eschelbronn,74927,2761,8.23,49.32007,8.868014
082265002048,Baden-Württemberg,Rhein-Neckar-Kreis,Mauer,69256,4081,6.29,49.339572,8.799892
082265002049,Baden-Württemberg,Rhein-Neckar-Kreis,Meckesheim,74909,5356,16.33,49.32267,8.81789
082265002086,Baden-Württemberg,Rhein-Neckar-Kreis,Spechbach,74937,1761,8.52,49.346244,8.884229
082265002104,Baden-Württemberg,Rhein-Neckar-Kreis,Lobbach,74931,2338,14.91,49.376151,8.888514
082265003031,Baden-Württemberg,Rhein-Neckar-Kreis,"Hemsbach, Stadt",69502,11822,12.85,49.592797,8.656453
082265003040,Baden-Württemberg,Rhein-Neckar-Kreis,Laudenbach,69514,6627,10.29,49.611097,8.6545
082265004003,Baden-Württemberg,Rhein-Neckar-Kreis,Altlußheim,68804,6307,15.96,49.301347,8.498339
082265004032,Baden-Württemberg,Rhein-Neckar-Kreis,"Hockenheim, Stadt",68766,21599,34.84,49.318938,8.547437
082265004059,Baden-Württemberg,Rhein-Neckar-Kreis,Neulußheim,68809,7220,3.38,49.293561,8.522135
082265004068,Baden-Württemberg,Rhein-Neckar-Kreis,Reilingen,68799,8299,16.35,49.29268,8.566677
082265005006,Baden-Württemberg,Rhein-Neckar-Kreis,Bammental,69245,6266,12.16,49.357303,8.77808
082265005022,Baden-Württemberg,Rhein-Neckar-Kreis,Gaiberg,69251,2473,4.15,49.366268,8.750258
082265005056,Baden-Württemberg,Rhein-Neckar-Kreis,"Neckargemünd, Stadt",69151,13323,26.16,49.394478,8.7973
082265005097,Baden-Württemberg,Rhein-Neckar-Kreis,Wiesenbach,69257,3201,11.13,49.361319,8.803146
082265006046,Baden-Württemberg,Rhein-Neckar-Kreis,Malsch,69254,3451,6.77,49.245462,8.684476
082265006054,Baden-Württemberg,Rhein-Neckar-Kreis,Mühlhausen,69242,8727,15.3,49.248138,8.726913
082265006065,Baden-Württemberg,Rhein-Neckar-Kreis,"Rauenberg, Stadt",69231,8701,11.12,49.266186,8.70473
082265007027,Baden-Württemberg,Rhein-Neckar-Kreis,Heddesbach,69434,469,8.21,49.480066,8.827181
082265007029,Baden-Württemberg,Rhein-Neckar-Kreis,Heiligkreuzsteinach,69253,2588,19.6,49.485877,8.797006
082265007080,Baden-Württemberg,Rhein-Neckar-Kreis,"Schönau, Stadt",69250,4328,22.49,49.435936,8.808894
082265007099,Baden-Württemberg,Rhein-Neckar-Kreis,Wilhelmsfeld,69259,3365,4.75,49.470322,8.753624
082265008085,Baden-Württemberg,Rhein-Neckar-Kreis,"Sinsheim, Stadt",74889,37105,126.99,49.252996,8.878701
082265008101,Baden-Württemberg,Rhein-Neckar-Kreis,Zuzenhausen,74939,2407,11.64,49.295599,8.824093
082265008102,Baden-Württemberg,Rhein-Neckar-Kreis,Angelbachtal,74918,5241,17.92,49.233855,8.773413
082265009017,Baden-Württemberg,Rhein-Neckar-Kreis,Epfenbach,74925,2451,12.97,49.336931,8.910056
082265009055,Baden-Württemberg,Rhein-Neckar-Kreis,"Neckarbischofsheim, Stadt",74924,4205,26.41,49.294478,8.960914
082265009058,Baden-Württemberg,Rhein-Neckar-Kreis,Neidenstein,74933,1759,6.48,49.317522,8.887375
082265009066,Baden-Württemberg,Rhein-Neckar-Kreis,Reichartshausen,74934,2158,10.0,49.355552,8.94521
082265009091,Baden-Württemberg,Rhein-Neckar-Kreis,"Waibstadt, Stadt",74915,5849,25.57,49.299852,8.920252
082265009106,Baden-Württemberg,Rhein-Neckar-Kreis,Helmstadt-Bargen,74921,3914,27.95,49.326395,8.975061
082265010010,Baden-Württemberg,Rhein-Neckar-Kreis,Dielheim,69234,9058,22.67,49.282607,8.734802
082265010098,Baden-Württemberg,Rhein-Neckar-Kreis,"Wiesloch, Stadt",69168,27911,30.24,49.293493,8.701276
082310000000,Baden-Württemberg,"Pforzheim, Stadtkreis","Pforzheim, Stadt",75175,134422,97.99,48.891285,8.699166
082350065065,Baden-Württemberg,Calw,Schömberg,75328,7636,37.21,48.78717,8.645825
082350080080,Baden-Württemberg,Calw,"Wildberg, Stadt",72218,10045,56.68,48.625146,8.746753
082355001006,Baden-Württemberg,Calw,"Altensteig, Stadt",72213,10849,53.19,48.584389,8.601974
082355001022,Baden-Württemberg,Calw,Egenhausen,72227,2090,10.02,48.564672,8.618855
082355001066,Baden-Württemberg,Calw,Simmersfeld,72226,2189,44.16,48.621363,8.516832
082355002007,Baden-Württemberg,Calw,Althengstett,75382,7925,19.16,48.723525,8.795915
082355002029,Baden-Württemberg,Calw,Gechingen,75391,3636,14.68,48.695245,8.829001
082355002057,Baden-Württemberg,Calw,Ostelsheim,75395,2510,9.23,48.727607,8.851153
082355002067,Baden-Württemberg,Calw,Simmozheim,75397,2823,9.51,48.752475,8.812573
082355003018,Baden-Württemberg,Calw,Dobel,75335,2253,18.41,48.79707,8.493574
082355003033,Baden-Württemberg,Calw,"Bad Herrenalb, Stadt",76332,7681,33.01,48.797568,8.438156
082355004008,Baden-Württemberg,Calw,"Bad Liebenzell, Stadt",75378,9215,33.78,48.771372,8.73361
082355004073,Baden-Württemberg,Calw,Unterreichenbach,75399,2430,6.3,48.825928,8.708148
082355005047,Baden-Württemberg,Calw,"Neubulach, Stadt",75387,5676,24.69,48.661372,8.692017
082355005050,Baden-Württemberg,Calw,Neuweiler,75389,3120,51.29,48.657642,8.596988
082355005084,Baden-Württemberg,Calw,"Bad Teinach-Zavelstein, Stadt",75385,3217,25.17,48.688772,8.688173
082355006055,Baden-Württemberg,Calw,Oberreichenbach,75394,3006,35.98,48.734376,8.661125
082355006085,Baden-Württemberg,Calw,"Calw, Stadt",75365,24750,59.88,48.713372,8.741194
082355007020,Baden-Württemberg,Calw,Ebhausen,72224,4834,24.56,48.583976,8.679186
082355007032,Baden-Württemberg,Calw,"Haiterbach, Stadt",72221,5859,28.92,48.524432,8.649992
082355007046,Baden-Württemberg,Calw,"Nagold, Stadt",72202,23813,63.1,48.550906,8.723706
082355007060,Baden-Württemberg,Calw,Rohrdorf,72229,1972,3.92,48.570536,8.693404
082355008025,Baden-Württemberg,Calw,Enzklösterle,75337,1209,20.18,48.668044,8.474621
082355008035,Baden-Württemberg,Calw,Höfen an der Enz,75339,1669,9.07,48.802725,8.585296
082355008079,Baden-Württemberg,Calw,"Bad Wildbad, Stadt",75323,10359,105.22,48.752251,8.549762
082360004004,Baden-Württemberg,Enzkreis,Birkenfeld,75217,10134,19.04,48.870121,8.636435
082360028028,Baden-Württemberg,Enzkreis,Illingen,75428,7639,29.39,48.954066,8.918461
082360030030,Baden-Württemberg,Enzkreis,Ispringen,75228,5891,8.22,48.918096,8.667748
082360033033,Baden-Württemberg,Enzkreis,"Knittlingen, Stadt",75438,8138,26.33,49.024124,8.758013
082360046046,Baden-Württemberg,Enzkreis,Niefern-Öschelbronn,75223,12583,22.02,48.908786,8.798354
082360070070,Baden-Württemberg,Enzkreis,Keltern,75210,8687,29.82,48.901298,8.576844
082360071071,Baden-Württemberg,Enzkreis,Remchingen,75196,11757,24.06,48.94645,8.574545
082360072072,Baden-Württemberg,Enzkreis,Straubenhardt,75334,11317,33.08,48.854542,8.531485
082365001019,Baden-Württemberg,Enzkreis,Friolzheim,71292,4023,8.54,48.835823,8.832922
082365001025,Baden-Württemberg,Enzkreis,"Heimsheim, Stadt",71296,5531,14.3,48.805183,8.863456
082365001039,Baden-Württemberg,Enzkreis,Mönsheim,71297,2875,16.79,48.864021,8.863818
082365001065,Baden-Württemberg,Enzkreis,Wiernsheim,75446,6722,24.62,48.890993,8.852211
082365001067,Baden-Württemberg,Enzkreis,Wimsheim,71299,2862,8.06,48.851899,8.825364
082365001068,Baden-Württemberg,Enzkreis,Wurmberg,75449,3300,7.35,48.870876,8.819731
082365002011,Baden-Württemberg,Enzkreis,Eisingen,75239,4677,8.04,48.947631,8.668775
082365002074,Baden-Württemberg,Enzkreis,Kämpfelbach,75236,6252,13.62,48.934316,8.635617
082365002076,Baden-Württemberg,Enzkreis,Königsbach-Stein,75203,10133,33.71,48.966057,8.610536
082365003038,Baden-Württemberg,Enzkreis,"Maulbronn, Stadt",75433,6371,25.4,49.000362,8.814618
082365003061,Baden-Württemberg,Enzkreis,Sternenfels,75447,2797,17.32,49.050912,8.850112
082365004040,Baden-Württemberg,Enzkreis,"Mühlacker, Stadt",75417,26793,54.32,48.945605,8.8419
082365004050,Baden-Württemberg,Enzkreis,Ötisheim,75443,4681,14.26,48.961011,8.805085
082365005013,Baden-Württemberg,Enzkreis,Engelsbrand,75331,4493,15.18,48.831746,8.643673
082365005043,Baden-Württemberg,Enzkreis,"Neuenbürg, Stadt",75305,8012,28.15,48.848189,8.589759
082365006031,Baden-Württemberg,Enzkreis,Kieselbronn,75249,2904,8.63,48.934399,8.753077
082365006073,Baden-Württemberg,Enzkreis,Neulingen,75245,6555,23.19,48.970506,8.728215
082365006075,Baden-Württemberg,Enzkreis,Ölbronn-Dürrn,75248,3530,15.64,48.956479,8.755586
082365007044,Baden-Württemberg,Enzkreis,Neuhausen,75242,5147,29.75,48.792915,8.778275
082365007062,Baden-Württemberg,Enzkreis,Tiefenbronn,75233,5346,14.78,48.824167,8.800599
082370002002,Baden-Württemberg,Freudenstadt,"Alpirsbach, Stadt",72275,6042,64.56,48.345111,8.402938
082370004004,Baden-Württemberg,Freudenstadt,Baiersbronn,72270,15256,189.58,48.505528,8.371955
082370045045,Baden-Württemberg,Freudenstadt,Loßburg,72290,7916,79.25,48.411512,8.453275
082375001019,Baden-Württemberg,Freudenstadt,"Dornstetten, Stadt",72280,8192,24.2,48.470329,8.499599
082375001030,Baden-Württemberg,Freudenstadt,Glatten,72293,2517,15.52,48.443793,8.51346
082375001061,Baden-Württemberg,Freudenstadt,Schopfloch,72296,2593,17.03,48.457702,8.550542
082375001074,Baden-Württemberg,Freudenstadt,Waldachtal,72178,6314,29.87,48.476598,8.575573
082375002028,Baden-Württemberg,Freudenstadt,"Freudenstadt, Stadt",72250,24537,87.54,48.463876,8.411368
082375002073,Baden-Württemberg,Freudenstadt,Seewald,72297,2092,58.49,48.595387,8.418402
082375002075,Baden-Württemberg,Freudenstadt,Bad Rippoldsau-Schapbach,77776,2025,73.15,48.378284,8.291422
082375003024,Baden-Württemberg,Freudenstadt,Empfingen,72186,4293,18.29,48.392671,8.709744
082375003027,Baden-Württemberg,Freudenstadt,Eutingen im Gäu,72184,6112,32.82,48.47781,8.748033
082375003040,Baden-Württemberg,Freudenstadt,"Horb am Neckar, Stadt",72160,25687,119.76,48.445165,8.692721
082375005032,Baden-Württemberg,Freudenstadt,Grömbach,72294,638,12.18,48.57075,8.545469
082375005054,Baden-Württemberg,Freudenstadt,Pfalzgrafenweiler,72285,7222,44.69,48.528061,8.567546
082375005072,Baden-Württemberg,Freudenstadt,Wörnersberg,72299,210,3.48,48.561911,8.564592
083110000000,Baden-Württemberg,"Freiburg im Breisgau, Stadtkreis","Freiburg im Breisgau, Stadt",79098,238299,153.04,47.994786,7.849877
083150068068,Baden-Württemberg,Breisgau-Hochschwarzwald,Lenzkirch,79853,5107,57.92,47.869062,8.200446
083150076076,Baden-Württemberg,Breisgau-Hochschwarzwald,"Neuenburg am Rhein, Stadt",79395,12738,44.1,47.813974,7.559796
083150133133,Baden-Württemberg,Breisgau-Hochschwarzwald,"Vogtsburg im Kaiserstuhl, Stadt",79235,6328,37.36,48.088977,7.629966
083155001006,Baden-Württemberg,Breisgau-Hochschwarzwald,"Bad Krozingen, Stadt",79189,21620,35.69,47.916377,7.699949
083155001048,Baden-Württemberg,Breisgau-Hochschwarzwald,Hartheim am Rhein,79258,4932,26.05,47.936423,7.624495
083155002015,Baden-Württemberg,Breisgau-Hochschwarzwald,"Breisach am Rhein, Stadt",79206,16617,54.59,48.031142,7.583227
083155002059,Baden-Württemberg,Breisgau-Hochschwarzwald,Ihringen,79241,6283,23.0,48.045815,7.64615
083155002072,Baden-Württemberg,Breisgau-Hochschwarzwald,Merdingen,79291,2661,14.4,48.017737,7.686737
083155003020,Baden-Württemberg,Breisgau-Hochschwarzwald,Buchenbach,79256,3153,38.98,47.960986,8.009933
083155003064,Baden-Württemberg,Breisgau-Hochschwarzwald,Kirchzarten,79199,10364,21.13,47.965089,7.955318
083155003084,Baden-Württemberg,Breisgau-Hochschwarzwald,Oberried,79254,2755,66.32,47.932544,7.945766
083155003109,Baden-Württemberg,Breisgau-Hochschwarzwald,Stegen,79252,4490,26.32,47.983828,7.964023
083155004014,Baden-Württemberg,Breisgau-Hochschwarzwald,Bollschweil,79283,2351,16.43,47.91996,7.77976
083155004131,Baden-Württemberg,Breisgau-Hochschwarzwald,Ehrenkirchen,79238,7855,37.76,47.921491,7.739988
083155005047,Baden-Württemberg,Breisgau-Hochschwarzwald,Gundelfingen,79194,12146,14.29,48.042406,7.8668
083155005051,Baden-Württemberg,Breisgau-Hochschwarzwald,Heuweiler,79194,1149,4.03,48.052008,7.903166
083155006008,Baden-Württemberg,Breisgau-Hochschwarzwald,Ballrechten-Dottingen,79282,2488,6.61,47.85776,7.691108
083155006033,Baden-Württemberg,Breisgau-Hochschwarzwald,Eschbach,79427,2464,10.03,47.891226,7.652386
083155006050,Baden-Württemberg,Breisgau-Hochschwarzwald,"Heitersheim, Stadt",79423,6598,11.71,47.871917,7.664915
083155007003,Baden-Württemberg,Breisgau-Hochschwarzwald,Au,79280,1497,4.0,47.955421,7.828914
083155007056,Baden-Württemberg,Breisgau-Hochschwarzwald,Horben,79289,1202,8.75,47.935189,7.858704
083155007073,Baden-Württemberg,Breisgau-Hochschwarzwald,Merzhausen,79249,5381,2.76,47.966362,7.828697
083155007107,Baden-Württemberg,Breisgau-Hochschwarzwald,Sölden,79294,1282,3.8,47.932118,7.809109
083155007125,Baden-Württemberg,Breisgau-Hochschwarzwald,Wittnau,79299,1483,5.04,47.946229,7.816038
083155008016,Baden-Württemberg,Breisgau-Hochschwarzwald,Breitnau,79874,1894,39.9,47.940646,8.075349
083155008052,Baden-Württemberg,Breisgau-Hochschwarzwald,Hinterzarten,79856,2521,33.37,47.903858,8.105627
083155009013,Baden-Württemberg,Breisgau-Hochschwarzwald,Bötzingen,79268,5517,13.0,48.069628,7.720789
083155009030,Baden-Württemberg,Breisgau-Hochschwarzwald,Eichstetten am Kaiserstuhl,79356,3757,12.3,48.094289,7.745233
083155009043,Baden-Württemberg,Breisgau-Hochschwarzwald,Gottenheim,79288,3173,8.75,48.050063,7.728669
083155010039,Baden-Württemberg,Breisgau-Hochschwarzwald,Friedenweiler,79877,2064,27.06,47.916528,8.255208
083155010070,Baden-Württemberg,Breisgau-Hochschwarzwald,"Löffingen, Stadt",79843,7589,88.02,47.883793,8.343862
083155011115,Baden-Württemberg,Breisgau-Hochschwarzwald,Umkirch,79224,5683,8.72,48.032065,7.761774
083155011132,Baden-Württemberg,Breisgau-Hochschwarzwald,March,79232,9337,17.79,48.053089,7.78046
083155012004,Baden-Württemberg,Breisgau-Hochschwarzwald,Auggen,79424,2794,14.15,47.787301,7.596879
083155012007,Baden-Württemberg,Breisgau-Hochschwarzwald,Badenweiler,79410,4688,13.03,47.801935,7.672322
083155012022,Baden-Württemberg,Breisgau-Hochschwarzwald,Buggingen,79426,4439,15.31,47.847351,7.637582
083155012074,Baden-Württemberg,Breisgau-Hochschwarzwald,"Müllheim im Markgräflerland, Stadt",79379,20241,57.91,47.808248,7.630871
083155012111,Baden-Württemberg,Breisgau-Hochschwarzwald,"Sulzburg, Stadt",79295,2766,22.74,47.839883,7.710087
083155013041,Baden-Württemberg,Breisgau-Hochschwarzwald,Glottertal,79286,3215,30.74,48.049481,7.936459
083155013094,Baden-Württemberg,Breisgau-Hochschwarzwald,St. Märgen,79274,1958,33.32,48.007889,8.092884
083155013095,Baden-Württemberg,Breisgau-Hochschwarzwald,St. Peter,79271,2718,35.93,48.015753,8.033628
083155014028,Baden-Württemberg,Breisgau-Hochschwarzwald,Ebringen,79285,2852,8.18,47.957718,7.77867
083155014089,Baden-Württemberg,Breisgau-Hochschwarzwald,Pfaffenweiler,79292,2623,3.61,47.935869,7.75878
083155014098,Baden-Württemberg,Breisgau-Hochschwarzwald,Schallstadt,79227,6966,19.56,47.957208,7.760755
083155015037,Baden-Württemberg,Breisgau-Hochschwarzwald,Feldberg (Schwarzwald),79868,1968,24.97,47.856404,8.109674
083155015102,Baden-Württemberg,Breisgau-Hochschwarzwald,Schluchsee,79859,2610,69.43,47.818958,8.179958
083155016108,Baden-Württemberg,Breisgau-Hochschwarzwald,"Staufen im Breisgau, Stadt",79219,8392,23.32,47.880529,7.729921
083155016130,Baden-Württemberg,Breisgau-Hochschwarzwald,Münstertal/Schwarzwald,79244,5022,67.74,47.854495,7.784148
083155017031,Baden-Württemberg,Breisgau-Hochschwarzwald,Eisenbach (Hochschwarzwald),79871,2103,28.77,47.962172,8.270993
083155017113,Baden-Württemberg,Breisgau-Hochschwarzwald,"Titisee-Neustadt, Stadt",79822,12873,89.64,47.916511,8.208431
083165001009,Baden-Württemberg,Emmendingen,Denzlingen,79211,13734,16.94,48.066785,7.883854
083165001036,Baden-Württemberg,Emmendingen,Reute,79276,3005,4.79,48.082424,7.821489
083165001045,Baden-Württemberg,Emmendingen,Vörstetten,79279,3180,7.88,48.065026,7.849274
083165002003,Baden-Württemberg,Emmendingen,Biederbach,79215,1728,31.35,48.193856,8.034739
083165002010,Baden-Württemberg,Emmendingen,"Elzach, Stadt",79215,7576,75.28,48.172277,8.069355
083165002055,Baden-Württemberg,Emmendingen,Winden im Elztal,79297,2858,21.95,48.145109,8.035037
083165003011,Baden-Württemberg,Emmendingen,"Emmendingen, Stadt",79312,29530,33.78,48.122053,7.847625
083165003024,Baden-Württemberg,Emmendingen,Malterdingen,79364,3479,11.13,48.161274,7.792722
083165003039,Baden-Württemberg,Emmendingen,Sexau,79350,3593,16.29,48.102953,7.90734
083165003043,Baden-Württemberg,Emmendingen,Teningen,79331,12072,40.26,48.126973,7.810263
083165003054,Baden-Württemberg,Emmendingen,Freiamt,79348,4210,52.9,48.186707,7.898241
083165004017,Baden-Württemberg,Emmendingen,"Herbolzheim, Stadt",79336,10741,35.48,48.222221,7.777447
083165004020,Baden-Württemberg,Emmendingen,"Kenzingen, Stadt",79341,10829,36.93,48.193031,7.769903
083165004049,Baden-Württemberg,Emmendingen,Weisweil,79367,2217,19.09,48.197178,7.677646
083165004053,Baden-Württemberg,Emmendingen,Rheinhausen im Breisgau,79365,4347,22.0,48.224065,7.710299
083165005002,Baden-Württemberg,Emmendingen,Bahlingen am Kaiserstuhl,79353,4556,12.66,48.1229,7.738996
083165005012,Baden-Württemberg,Emmendingen,"Endingen am Kaiserstuhl, Stadt",79346,10517,26.7,48.142314,7.701325
083165005013,Baden-Württemberg,Emmendingen,Forchheim,79362,1393,10.78,48.161908,7.702799
083165005037,Baden-Württemberg,Emmendingen,Riegel am Kaiserstuhl,79359,3982,18.33,48.151551,7.747913
083165005038,Baden-Württemberg,Emmendingen,Sasbach am Kaiserstuhl,79361,3485,20.78,48.13972,7.616064
083165005051,Baden-Württemberg,Emmendingen,Wyhl am Kaiserstuhl,79369,4051,16.95,48.165834,7.64869
083165006014,Baden-Württemberg,Emmendingen,Gutach im Breisgau,79261,4679,24.78,48.117019,7.986537
083165006042,Baden-Württemberg,Emmendingen,Simonswald,79263,2976,74.31,48.10043,8.056469
083165006056,Baden-Württemberg,Emmendingen,"Waldkirch, Stadt",79183,21725,48.47,48.093941,7.961225
083170005005,Baden-Württemberg,Ortenaukreis,Appenweier,77767,10367,38.02,48.537224,7.978133
083170031031,Baden-Württemberg,Ortenaukreis,Friesenheim,77948,13884,46.57,48.373236,7.881795
083170051051,Baden-Württemberg,Ortenaukreis,"Hornberg, Stadt",78132,4157,54.45,48.212461,8.229573
083170057057,Baden-Württemberg,Ortenaukreis,"Kehl, Stadt",77694,39708,75.07,48.572447,7.813177
083170141141,Baden-Württemberg,Ortenaukreis,Willstätt,77731,9999,55.27,48.541564,7.893251
083170151151,Baden-Württemberg,Ortenaukreis,Neuried,77743,9980,57.84,48.467234,7.807163
083170153153,Baden-Württemberg,Ortenaukreis,"Rheinau, Stadt",77866,11374,73.5,48.664363,7.939856
083175001001,Baden-Württemberg,Ortenaukreis,"Achern, Stadt",77855,26873,65.24,48.628851,8.074429
083175001068,Baden-Württemberg,Ortenaukreis,Lauf,77886,3965,15.0,48.649219,8.131381
083175001116,Baden-Württemberg,Ortenaukreis,Sasbach,77880,5340,16.73,48.638758,8.091829
083175001118,Baden-Württemberg,Ortenaukreis,Sasbachwalden,77887,2601,18.13,48.618538,8.125871
083175002026,Baden-Württemberg,Ortenaukreis,"Ettenheim, Stadt",77955,13670,48.8,48.254555,7.812984
083175002073,Baden-Württemberg,Ortenaukreis,"Mahlberg, Stadt",77972,5239,16.59,48.288279,7.809923
083175002113,Baden-Württemberg,Ortenaukreis,Ringsheim,77975,2810,11.31,48.24673,7.778635
083175002114,Baden-Württemberg,Ortenaukreis,Rust,77977,4874,13.27,48.269294,7.726081
083175002152,Baden-Württemberg,Ortenaukreis,Kappel-Grafenhausen,77966,5280,25.72,48.291847,7.743559
083175003009,Baden-Württemberg,Ortenaukreis,Berghaupten,77791,2537,9.68,48.407309,7.987138
083175003034,Baden-Württemberg,Ortenaukreis,"Gengenbach, Stadt",77723,11135,61.9,48.405617,8.013343
083175003097,Baden-Württemberg,Ortenaukreis,Ohlsbach,77797,3356,11.14,48.43135,7.993608
083175004029,Baden-Württemberg,Ortenaukreis,Fischerbach,77716,1717,20.29,48.287203,8.110824
083175004040,Baden-Württemberg,Ortenaukreis,"Haslach im Kinzigtal, Stadt",77716,7189,18.67,48.276357,8.087753
083175004046,Baden-Württemberg,Ortenaukreis,Hofstetten,77716,1752,18.16,48.257209,8.068304
083175004078,Baden-Württemberg,Ortenaukreis,Mühlenbach,77796,1635,31.22,48.253642,8.111663
083175004129,Baden-Württemberg,Ortenaukreis,Steinach,77790,3884,33.32,48.303005,8.0571
083175005039,Baden-Württemberg,Ortenaukreis,Gutach (Schwarzwaldbahn),77793,2268,31.74,48.251539,8.209934
083175005041,Baden-Württemberg,Ortenaukreis,"Hausach, Stadt",77756,5815,36.07,48.28416,8.171188
083175006056,Baden-Württemberg,Ortenaukreis,Kappelrodeck,77876,6221,17.93,48.591492,8.117423
083175006102,Baden-Württemberg,Ortenaukreis,Ottenhöfen im Schwarzwald,77883,3040,25.26,48.567952,8.152611
083175006126,Baden-Württemberg,Ortenaukreis,Seebach,77889,1417,19.04,48.57575,8.169128
083175007059,Baden-Württemberg,Ortenaukreis,Kippenheim,77971,5534,20.85,48.294627,7.82454
083175007065,Baden-Württemberg,Ortenaukreis,"Lahr/Schwarzwald, Stadt",77933,51208,69.84,48.339132,7.874292
083175008008,Baden-Württemberg,Ortenaukreis,Bad Peterstal-Griesbach,77740,2581,41.2,48.428963,8.205832
083175008098,Baden-Württemberg,Ortenaukreis,"Oppenau, Stadt",77728,4813,72.98,48.474717,8.165057
083175009067,Baden-Württemberg,Ortenaukreis,Lautenbach,77794,1968,21.54,48.521148,8.116643
083175009089,Baden-Württemberg,Ortenaukreis,"Oberkirch, Stadt",77704,19977,69.1,48.531805,8.077097
083175009110,Baden-Württemberg,Ortenaukreis,"Renchen, Stadt",77871,7568,32.08,48.587888,8.013581
083175010021,Baden-Württemberg,Ortenaukreis,Durbach,77770,4059,26.31,48.494785,8.015098
083175010047,Baden-Württemberg,Ortenaukreis,Hohberg,77749,8143,28.95,48.423963,7.908087
083175010096,Baden-Württemberg,Ortenaukreis,"Offenburg, Stadt",77652,63437,78.37,48.469474,7.944214
083175010100,Baden-Württemberg,Ortenaukreis,Ortenberg,77799,3569,5.66,48.451257,7.971409
083175010122,Baden-Württemberg,Ortenaukreis,Schutterwald,77746,7354,21.04,48.453676,7.887414
083175011121,Baden-Württemberg,Ortenaukreis,Schuttertal,77978,3140,50.27,48.269141,7.956647
083175011127,Baden-Württemberg,Ortenaukreis,Seelbach,77960,4781,29.83,48.310109,7.940929
083175012075,Baden-Württemberg,Ortenaukreis,Meißenheim,77974,4177,21.35,48.408333,7.775836
083175012150,Baden-Württemberg,Ortenaukreis,Schwanau,77963,7057,38.35,48.386219,7.757697
083175013093,Baden-Württemberg,Ortenaukreis,Oberwolfach,77709,2499,51.26,48.317073,8.216772
083175013145,Baden-Württemberg,Ortenaukreis,"Wolfach, Stadt",77709,5626,67.98,48.298549,8.222231
083175014011,Baden-Württemberg,Ortenaukreis,Biberach,77781,3778,22.39,48.338696,8.028167
083175014085,Baden-Württemberg,Ortenaukreis,Nordrach,77787,2026,37.75,48.397329,8.078796
083175014088,Baden-Württemberg,Ortenaukreis,Oberharmersbach,77784,2405,40.92,48.373266,8.126396
083175014146,Baden-Württemberg,Ortenaukreis,"Zell am Harmersbach, Stadt",77736,8068,36.41,48.346261,8.062103
083179971971,Baden-Württemberg,Ortenaukreis,"Rheinau, gemeindefreies Gebiet",,0,9.94,48.289714,7.707094
083250012012,Baden-Württemberg,Rottweil,"Dornhan, Stadt",72175,6191,44.91,48.350916,8.510397
083255001014,Baden-Württemberg,Rottweil,Dunningen,78655,6456,48.45,48.212884,8.50459
083255001071,Baden-Württemberg,Rottweil,Eschbronn,78664,2059,10.98,48.185315,8.457819
083255002015,Baden-Württemberg,Rottweil,Epfendorf,78736,3095,29.68,48.248458,8.596458
083255002045,Baden-Württemberg,Rottweil,"Oberndorf am Neckar, Stadt",78727,14711,55.92,48.290124,8.569312
083255002070,Baden-Württemberg,Rottweil,Fluorn-Winzeln,78737,3025,24.6,48.2853,8.492724
083255003011,Baden-Württemberg,Rottweil,Dietingen,78661,4166,42.26,48.207017,8.650478
083255003049,Baden-Württemberg,Rottweil,"Rottweil, Stadt",78628,25001,71.76,48.167866,8.627337
083255003064,Baden-Württemberg,Rottweil,Wellendingen,78669,3426,17.48,48.147478,8.703656
083255003069,Baden-Württemberg,Rottweil,Zimmern ob Rottweil,78658,6239,33.76,48.167498,8.590787
083255003072,Baden-Württemberg,Rottweil,Deißlingen,78652,6191,32.15,48.114542,8.605369
083255004050,Baden-Württemberg,Rottweil,Schenkenzell,77773,1833,42.14,48.310998,8.371174
083255004051,Baden-Württemberg,Rottweil,"Schiltach, Stadt",77761,3495,34.21,48.290209,8.342344
083255005001,Baden-Württemberg,Rottweil,Aichhalden,78733,4269,25.75,48.269444,8.398748
083255005024,Baden-Württemberg,Rottweil,Hardt,78739,2459,10.6,48.18411,8.411379
083255005036,Baden-Württemberg,Rottweil,Lauterbach,78730,2650,19.97,48.228849,8.345417
083255005053,Baden-Württemberg,Rottweil,"Schramberg, Stadt",78713,20415,80.7,48.225467,8.386187
083255006057,Baden-Württemberg,Rottweil,"Sulz am Neckar, Stadt",72172,12772,87.62,48.366375,8.632773
083255006061,Baden-Württemberg,Rottweil,Vöhringen,72189,4467,24.71,48.336848,8.661091
083255007009,Baden-Württemberg,Rottweil,Bösingen,78662,3388,22.45,48.239368,8.558294
083255007060,Baden-Württemberg,Rottweil,Villingendorf,78667,3416,9.33,48.202342,8.590079
083260003003,Baden-Württemberg,Schwarzwald-Baar-Kreis,"Bad Dürrheim, Stadt",78073,13084,62.08,48.022026,8.530554
083260005005,Baden-Württemberg,Schwarzwald-Baar-Kreis,"Blumberg, Stadt",78176,9847,98.72,47.839705,8.534256
083260031031,Baden-Württemberg,Schwarzwald-Baar-Kreis,Königsfeld im Schwarzwald,78126,5898,40.2,48.138624,8.421452
083260052052,Baden-Württemberg,Schwarzwald-Baar-Kreis,"St. Georgen im Schwarzwald, Stadt",78112,12262,59.85,48.126225,8.332259
083260068068,Baden-Württemberg,Schwarzwald-Baar-Kreis,"Vöhrenbach, Stadt",78147,3575,70.47,48.045545,8.304492
083265001006,Baden-Württemberg,Schwarzwald-Baar-Kreis,"Bräunlingen, Stadt",78199,5843,62.14,47.930249,8.448829
083265001012,Baden-Württemberg,Schwarzwald-Baar-Kreis,"Donaueschingen, Stadt",78166,21734,104.69,47.951414,8.497777
083265001027,Baden-Württemberg,Schwarzwald-Baar-Kreis,"Hüfingen, Stadt",78183,8048,58.53,47.9255,8.488945
083265002017,Baden-Württemberg,Schwarzwald-Baar-Kreis,"Furtwangen im Schwarzwald, Stadt",78120,8740,82.57,48.051584,8.205476
083265002020,Baden-Württemberg,Schwarzwald-Baar-Kreis,Gütenbach,78148,1018,18.49,48.044875,8.138596
083265003054,Baden-Württemberg,Schwarzwald-Baar-Kreis,Schönwald im Schwarzwald,78141,2551,27.8,48.101542,8.201148
083265003055,Baden-Württemberg,Schwarzwald-Baar-Kreis,Schonach im Schwarzwald,78136,3747,36.71,48.143166,8.199878
083265003060,Baden-Württemberg,Schwarzwald-Baar-Kreis,"Triberg im Schwarzwald, Stadt",78098,4501,33.33,48.128904,8.231158
083265004010,Baden-Württemberg,Schwarzwald-Baar-Kreis,Dauchingen,78083,3807,10.03,48.090373,8.552862
083265004037,Baden-Württemberg,Schwarzwald-Baar-Kreis,Mönchweiler,78087,2736,9.56,48.101001,8.429216
083265004041,Baden-Württemberg,Schwarzwald-Baar-Kreis,Niedereschach,78078,5821,33.08,48.132561,8.528615
083265004061,Baden-Württemberg,Schwarzwald-Baar-Kreis,Tuningen,78609,3232,15.59,48.026202,8.602088
083265004065,Baden-Württemberg,Schwarzwald-Baar-Kreis,Unterkirnach,78089,2444,13.17,48.078557,8.366416
083265004074,Baden-Württemberg,Schwarzwald-Baar-Kreis,"Villingen-Schwenningen, Stadt",78050,89766,165.53,48.058255,8.459649
083265004075,Baden-Württemberg,Schwarzwald-Baar-Kreis,Brigachtal,78086,5026,22.8,48.016006,8.470163
083275001004,Baden-Württemberg,Tuttlingen,Bärenthal,78580,484,12.69,48.072882,8.926748
083275001008,Baden-Württemberg,Tuttlingen,Buchheim,88637,754,18.3,48.010647,8.986749
083275001016,Baden-Württemberg,Tuttlingen,"Fridingen an der Donau, Stadt",78567,3133,22.47,48.021685,8.932884
083275001027,Baden-Württemberg,Tuttlingen,Irndorf,78597,661,14.56,48.066334,8.971759
083275001030,Baden-Württemberg,Tuttlingen,Kolbingen,78600,1238,16.5,48.05345,8.890061
083275001036,Baden-Württemberg,Tuttlingen,"Mühlheim an der Donau, Stadt",78570,3622,21.74,48.023075,8.888573
083275001041,Baden-Württemberg,Tuttlingen,Renquishausen,78603,809,7.71,48.083032,8.894462
083275002007,Baden-Württemberg,Tuttlingen,Bubsheim,78585,1447,8.29,48.120602,8.829637
083275002009,Baden-Württemberg,Tuttlingen,Deilingen,78586,1870,10.91,48.177135,8.783591
083275002013,Baden-Württemberg,Tuttlingen,Egesheim,78592,631,7.67,48.116065,8.85666
083275002019,Baden-Württemberg,Tuttlingen,Gosheim,78559,3704,9.32,48.135752,8.752701
083275002029,Baden-Württemberg,Tuttlingen,Königsheim,78598,634,4.37,48.101089,8.86116
083275002040,Baden-Württemberg,Tuttlingen,Reichenbach am Heuberg,78564,448,6.1,48.133533,8.841077
083275002051,Baden-Württemberg,Tuttlingen,Wehingen,78564,3692,14.59,48.145107,8.791749
083275003018,Baden-Württemberg,Tuttlingen,"Geisingen, Stadt",78187,6166,73.75,47.922537,8.650319
083275003025,Baden-Württemberg,Tuttlingen,Immendingen,78194,6635,74.05,47.939111,8.733578
083275004002,Baden-Württemberg,Tuttlingen,Aldingen,78554,7834,22.17,48.094541,8.702513
083275004005,Baden-Württemberg,Tuttlingen,Balgheim,78582,1331,7.61,48.066254,8.763938
083275004006,Baden-Württemberg,Tuttlingen,Böttingen,78583,1432,16.31,48.100422,8.806575
083275004010,Baden-Württemberg,Tuttlingen,Denkingen,78588,2962,15.03,48.111044,8.736458
083275004011,Baden-Württemberg,Tuttlingen,Dürbheim,78589,1718,14.82,48.058513,8.789761
083275004017,Baden-Württemberg,Tuttlingen,Frittlingen,78665,2127,8.79,48.127077,8.707624
083275004023,Baden-Württemberg,Tuttlingen,Hausen ob Verena,78595,843,5.87,48.053362,8.722
083275004033,Baden-Württemberg,Tuttlingen,Mahlstetten,78601,818,12.2,48.075403,8.836187
083275004046,Baden-Württemberg,Tuttlingen,"Spaichingen, Stadt",78549,13750,18.5,48.073153,8.739277
083275005012,Baden-Württemberg,Tuttlingen,Durchhausen,78591,1060,9.0,48.039692,8.674735
083275005020,Baden-Württemberg,Tuttlingen,Gunningen,78594,766,5.44,48.045705,8.69527
083275005048,Baden-Württemberg,Tuttlingen,Talheim,78607,1331,13.12,48.01059,8.662077
083275005049,Baden-Württemberg,Tuttlingen,"Trossingen, Stadt",78647,17538,24.2,48.074438,8.632659
083275006038,Baden-Württemberg,Tuttlingen,Neuhausen ob Eck,78579,4093,46.25,47.973404,8.926451
083275006050,Baden-Württemberg,Tuttlingen,"Tuttlingen, Stadt",78532,37093,90.45,47.983725,8.818761
083275006054,Baden-Württemberg,Tuttlingen,Wurmlingen,78573,3990,15.42,48.004959,8.779827
083275006055,Baden-Württemberg,Tuttlingen,Seitingen-Oberflacht,78606,2519,19.65,48.021345,8.729855
083275006056,Baden-Württemberg,Tuttlingen,Rietheim-Weilheim,78604,2983,11.98,48.040981,8.776063
083275006057,Baden-Württemberg,Tuttlingen,Emmingen-Liptingen,78576,4886,54.54,47.932278,8.85409
083350035035,Baden-Württemberg,Konstanz,Hilzingen,78247,9257,53.02,47.765627,8.777866
083350063063,Baden-Württemberg,Konstanz,"Radolfzell am Bodensee, Stadt",78315,31689,58.55,47.739107,8.968663
083350080080,Baden-Württemberg,Konstanz,"Tengen, Stadt",78250,4776,62.03,47.821272,8.661028
083355001001,Baden-Württemberg,Konstanz,"Aach, Stadt",78267,2375,10.68,47.8428,8.851043
083355001022,Baden-Württemberg,Konstanz,"Engen, Stadt",78234,11351,70.56,47.854017,8.772115
083355001097,Baden-Württemberg,Konstanz,Mühlhausen-Ehingen,78259,4109,17.82,47.810044,8.810044
083355002015,Baden-Württemberg,Konstanz,Büsingen am Hochrhein,78266,1439,7.62,47.697114,8.690368
083355002026,Baden-Württemberg,Konstanz,Gailingen am Hochrhein,78262,3046,13.18,47.696988,8.754804
083355002028,Baden-Württemberg,Konstanz,Gottmadingen,78244,10772,23.58,47.735149,8.777019
083355003025,Baden-Württemberg,Konstanz,Gaienhofen,78343,3353,12.52,47.68226,8.981837
083355003055,Baden-Württemberg,Konstanz,Moos,78345,3415,14.37,47.726042,8.934137
083355003061,Baden-Württemberg,Konstanz,Öhningen,78337,3518,28.18,47.661803,8.885442
083355004002,Baden-Württemberg,Konstanz,Allensbach,78476,7299,26.53,47.715742,9.070194
083355004043,Baden-Württemberg,Konstanz,"Konstanz, Universitätsstadt",78462,86691,54.09,47.662757,9.175957
083355004066,Baden-Württemberg,Konstanz,Reichenau,78479,5165,12.71,47.698036,9.060705
083355005075,Baden-Württemberg,Konstanz,"Singen (Hohentwiel), Stadt",78224,48089,61.77,47.759711,8.835117
083355005077,Baden-Württemberg,Konstanz,Steißlingen,78256,5081,24.52,47.79781,8.92425
083355005081,Baden-Württemberg,Konstanz,Volkertshausen,78269,3332,5.15,47.821701,8.869619
083355005100,Baden-Württemberg,Konstanz,Rielasingen-Worblingen,78239,12353,18.59,47.728398,8.846
083355006021,Baden-Württemberg,Konstanz,Eigeltingen,78253,3861,59.27,47.8592,8.897744
083355006057,Baden-Württemberg,Konstanz,Mühlingen,78357,2765,32.67,47.912992,9.017365
083355006079,Baden-Württemberg,Konstanz,"Stockach, Stadt",78333,17547,69.73,47.848855,9.00899
083355006096,Baden-Württemberg,Konstanz,Hohenfels,78355,2248,30.49,47.885245,9.109328
083355006098,Baden-Württemberg,Konstanz,Bodman-Ludwigshafen,78351,4763,28.08,47.821518,9.05777
083355006099,Baden-Württemberg,Konstanz,Orsingen-Nenzingen,78359,3573,22.23,47.843112,8.958608
083360014014,Baden-Württemberg,Lörrach,Efringen-Kirchen,79588,8704,43.75,47.649597,7.565548
083360084084,Baden-Württemberg,Lörrach,Steinen,79585,10500,46.85,47.643739,7.73952
083360087087,Baden-Württemberg,Lörrach,"Todtnau, Stadt",79674,4992,69.75,47.82939,7.947591
083360091091,Baden-Württemberg,Lörrach,"Weil am Rhein, Stadt",79576,32361,19.46,47.594284,7.629579
083360105105,Baden-Württemberg,Lörrach,Grenzach-Wyhlen,79639,15262,17.26,47.553081,7.658946
083360107107,Baden-Württemberg,Lörrach,Kleines Wiesental,79692,2943,77.82,47.71944,7.794808
083365001045,Baden-Württemberg,Lörrach,"Kandern, Stadt",79400,8657,62.26,47.714834,7.662899
083365001104,Baden-Württemberg,Lörrach,Malsburg-Marzell,79429,1498,24.9,47.731941,7.708589
083365003043,Baden-Württemberg,Lörrach,Inzlingen,79594,2607,9.48,47.587829,7.690549
083365003050,Baden-Württemberg,Lörrach,"Lörrach, Stadt",79539,51274,39.37,47.612096,7.659191
083365004069,Baden-Württemberg,Lörrach,"Rheinfelden (Baden), Stadt",79618,34788,62.84,47.561128,7.78365
083365004082,Baden-Württemberg,Lörrach,Schwörstadt,79739,2578,20.03,47.594036,7.881039
083365005006,Baden-Württemberg,Lörrach,Bad Bellingen,79415,5238,16.93,47.731696,7.556809
083365005078,Baden-Württemberg,Lörrach,Schliengen,79418,6227,37.46,47.754977,7.577673
083365006004,Baden-Württemberg,Lörrach,Aitern,79677,468,9.21,47.803346,7.894621
083365006010,Baden-Württemberg,Lörrach,Böllen,79677,95,5.67,47.801742,7.839713
083365006025,Baden-Württemberg,Lörrach,Fröhnd,79677,485,16.19,47.758286,7.883067
083365006079,Baden-Württemberg,Lörrach,"Schönau im Schwarzwald, Stadt",79677,2452,14.72,47.786085,7.894115
083365006080,Baden-Württemberg,Lörrach,Schönenberg,79677,334,7.43,47.793602,7.880934
083365006089,Baden-Württemberg,Lörrach,Tunau,79677,181,4.05,47.786246,7.923595
083365006090,Baden-Württemberg,Lörrach,Utzenfeld,79694,607,7.4,47.801761,7.916875
083365006094,Baden-Württemberg,Lörrach,Wembach,79677,297,1.8,47.772937,7.888029
083365006096,Baden-Württemberg,Lörrach,Wieden,79695,573,12.25,47.841721,7.88345
083365007034,Baden-Württemberg,Lörrach,Hasel,79686,1256,11.65,47.654288,7.897903
083365007036,Baden-Württemberg,Lörrach,Hausen im Wiesental,79688,2375,5.14,47.681727,7.8401
083365007057,Baden-Württemberg,Lörrach,Maulburg,79689,4275,9.75,47.640837,7.77816
083365007081,Baden-Württemberg,Lörrach,"Schopfheim, Stadt",79650,20198,67.93,47.650141,7.822962
083365008008,Baden-Württemberg,Lörrach,Binzen,79589,2963,5.81,47.631528,7.627773
083365008019,Baden-Württemberg,Lörrach,Eimeldingen,79591,2515,3.55,47.630772,7.595534
083365008024,Baden-Württemberg,Lörrach,Fischingen,79592,768,1.89,47.650526,7.597834
083365008073,Baden-Württemberg,Lörrach,Rümmingen,79595,1895,4.46,47.641307,7.642922
083365008075,Baden-Württemberg,Lörrach,Schallbach,79597,837,3.95,47.654705,7.626845
083365008100,Baden-Württemberg,Lörrach,Wittlingen,79599,936,4.5,47.65692,7.648466
083365009103,Baden-Württemberg,Lörrach,"Zell im Wiesental, Stadt",79669,6215,36.12,47.707567,7.852117
083365009106,Baden-Württemberg,Lörrach,Häg-Ehrsberg,79685,788,25.04,47.742861,7.906265
083370002002,Baden-Württemberg,Waldshut,Albbruck,79774,7284,39.7,47.591149,8.130079
083370038038,Baden-Württemberg,Waldshut,Görwihl,79733,4174,50.41,47.641249,8.07848
083370062062,Baden-Württemberg,Waldshut,Klettgau,79771,7427,45.87,47.658934,8.420527
083370066066,Baden-Württemberg,Waldshut,"Laufenburg (Baden), Stadt",79725,9268,23.57,47.565321,8.061623
083370106106,Baden-Württemberg,Waldshut,"Stühlingen, Stadt",79780,5318,93.2,47.745475,8.445849
083370116116,Baden-Württemberg,Waldshut,"Wehr, Stadt",79664,13102,35.64,47.629747,7.904562
083375001022,Baden-Württemberg,Waldshut,"Bonndorf im Schwarzwald, Stadt",79848,6799,75.91,47.819632,8.343011
083375001127,Baden-Württemberg,Waldshut,Wutach,79879,1182,30.51,47.837555,8.444351
083375002030,Baden-Württemberg,Waldshut,Dettighofen,79802,1112,14.38,47.623497,8.483506
083375002060,Baden-Württemberg,Waldshut,Jestetten,79798,5340,20.62,47.649692,8.567756
083375002070,Baden-Württemberg,Waldshut,Lottstetten,79807,2268,13.39,47.627729,8.573676
083375003053,Baden-Württemberg,Waldshut,Hohentengen am Hochrhein,79801,3652,27.59,47.570554,8.434369
083375003125,Baden-Württemberg,Waldshut,Küssaberg,79790,5459,26.17,47.589996,8.305426
083375004039,Baden-Württemberg,Waldshut,Grafenhausen,79865,2324,48.54,47.772892,8.262034
083375004128,Baden-Württemberg,Waldshut,Ühlingen-Birkendorf,79777,5286,77.08,47.718673,8.317652
083375005049,Baden-Württemberg,Waldshut,Herrischried,79737,2632,37.51,47.665518,8.001829
083375005076,Baden-Württemberg,Waldshut,Murg,79730,6930,20.91,47.55475,8.020644
083375005090,Baden-Württemberg,Waldshut,Rickenbach,79736,3788,34.65,47.619901,7.980212
083375005096,Baden-Württemberg,Waldshut,"Bad Säckingen, Stadt",79713,17924,25.35,47.552535,7.948758
083375006013,Baden-Württemberg,Waldshut,Bernau im Schwarzwald,79872,1805,38.0,47.80166,8.036108
083375006027,Baden-Württemberg,Waldshut,Dachsberg (Südschwarzwald),79875,1426,35.6,47.729949,8.100949
083375006045,Baden-Württemberg,Waldshut,Häusern,79837,1297,8.88,47.754099,8.16842
083375006051,Baden-Württemberg,Waldshut,Höchenschwand,79862,2567,29.56,47.735352,8.166213
083375006059,Baden-Württemberg,Waldshut,Ibach,79837,341,21.38,47.743143,8.067051
083375006097,Baden-Württemberg,Waldshut,"St. Blasien, Stadt",79837,3832,54.41,47.761671,8.125605
083375006108,Baden-Württemberg,Waldshut,Todtmoos,79682,1837,28.09,47.739405,8.000825
083375007032,Baden-Württemberg,Waldshut,Dogern,79804,2236,7.45,47.60884,8.172428
083375007065,Baden-Württemberg,Waldshut,Lauchringen,79787,8057,12.77,47.630759,8.304688
083375007118,Baden-Württemberg,Waldshut,Weilheim,79809,3171,35.65,47.658072,8.24114
083375007126,Baden-Württemberg,Waldshut,"Waldshut-Tiengen, Stadt",79761,25084,77.96,47.632439,8.271113
083375008123,Baden-Württemberg,Waldshut,Wutöschingen,79793,6820,26.47,47.659937,8.366501
083375008124,Baden-Württemberg,Waldshut,Eggingen,79805,1771,13.95,47.700751,8.387665
084150014014,Baden-Württemberg,Reutlingen,Dettingen an der Erms,72581,10018,15.79,48.529679,9.346973
084150019019,Baden-Württemberg,Reutlingen,Eningen unter Achalm,72800,11145,23.13,48.486636,9.259408
084150059059,Baden-Württemberg,Reutlingen,"Pfullingen, Stadt",72793,20032,30.14,48.466279,9.226443
084150061061,Baden-Württemberg,Reutlingen,"Reutlingen, Stadt",72764,119040,87.04,48.49208,9.212006
084150073073,Baden-Württemberg,Reutlingen,"Trochtelfingen, Stadt",72818,6254,79.2,48.308771,9.246991
084150080080,Baden-Württemberg,Reutlingen,Wannweil,72827,5312,5.34,48.517041,9.151047
084150091091,Baden-Württemberg,Reutlingen,Sonnenbühl,72820,6955,61.25,48.38956,9.179523
084150092092,Baden-Württemberg,Reutlingen,Lichtenstein,72805,9158,34.24,48.430248,9.254311
084150093093,Baden-Württemberg,Reutlingen,St. Johann,72813,5188,58.92,48.452886,9.341319
084155001089,Baden-Württemberg,Reutlingen,Engstingen,72829,4976,31.52,48.387146,9.285676
084155001090,Baden-Württemberg,Reutlingen,Hohenstein,72531,3782,61.71,48.348388,9.3727
084155002029,Baden-Württemberg,Reutlingen,Grafenberg,72661,2649,3.5,48.566126,9.305273
084155002050,Baden-Württemberg,Reutlingen,"Metzingen, Stadt",72555,23305,34.55,48.536849,9.283998
084155002062,Baden-Württemberg,Reutlingen,Riederich,72585,4247,4.64,48.560229,9.268552
084155003027,Baden-Württemberg,Reutlingen,Gomadingen,72532,2215,45.83,48.401333,9.386957
084155003048,Baden-Württemberg,Reutlingen,Mehrstetten,72537,1507,17.1,48.376623,9.566367
084155003053,Baden-Württemberg,Reutlingen,"Münsingen, Stadt",72525,14695,116.93,48.411369,9.494863
084155004060,Baden-Württemberg,Reutlingen,Pliezhausen,72124,9837,17.31,48.559129,9.20596
084155004087,Baden-Württemberg,Reutlingen,Walddorfhäslach,72141,5445,14.44,48.586231,9.183734
084155005028,Baden-Württemberg,Reutlingen,Grabenstetten,72582,1724,14.53,48.523681,9.461456
084155005039,Baden-Württemberg,Reutlingen,Hülben,72584,3174,6.41,48.520004,9.408307
084155005078,Baden-Württemberg,Reutlingen,"Bad Urach, Stadt",72574,12705,55.42,48.493051,9.400021
084155005088,Baden-Württemberg,Reutlingen,Römerstein,72587,4120,46.04,48.496398,9.514668
084155006034,Baden-Württemberg,Reutlingen,"Hayingen, Stadt",72534,2203,63.37,48.274365,9.475391
084155006058,Baden-Württemberg,Reutlingen,Pfronstetten,72539,1538,54.09,48.275033,9.362101
084155006085,Baden-Württemberg,Reutlingen,Zwiefalten,88529,2303,45.39,48.233888,9.462051
084159971971,Baden-Württemberg,Reutlingen,"Gutsbezirk Münsingen, gemeindefreies Gebiet",72525,0,64.64,48.445745,9.559519
084160009009,Baden-Württemberg,Tübingen,Dettenhausen,72135,5506,11.02,48.607603,9.100748
084160022022,Baden-Württemberg,Tübingen,Kirchentellinsfurt,72138,5487,10.99,48.53123,9.149618
084160023023,Baden-Württemberg,Tübingen,Kusterdingen,72127,9094,24.24,48.521842,9.120318
084160041041,Baden-Württemberg,Tübingen,"Tübingen, Universitätsstadt",72070,92607,108.07,48.520863,9.054572
084160048048,Baden-Württemberg,Tübingen,Ammerbuch,72119,11386,48.04,48.554229,8.965685
084165001011,Baden-Württemberg,Tübingen,Dußlingen,72144,6186,13.05,48.452421,9.054599
084165001015,Baden-Württemberg,Tübingen,Gomaringen,72810,9114,17.32,48.452476,9.096513
084165001026,Baden-Württemberg,Tübingen,Nehren,72147,4348,8.58,48.431274,9.069494
084165002006,Baden-Württemberg,Tübingen,Bodelshausen,72411,5865,13.83,48.392533,8.9735
084165002025,Baden-Württemberg,Tübingen,"Mössingen, Stadt",72116,21658,50.03,48.405779,9.057746
084165002031,Baden-Württemberg,Tübingen,Ofterdingen,72131,5470,15.15,48.42084,9.030929
084165003018,Baden-Württemberg,Tübingen,Hirrlingen,72145,3122,12.83,48.412349,8.887737
084165003036,Baden-Württemberg,Tübingen,"Rottenburg am Neckar, Stadt",72108,45579,142.27,48.479475,8.936507
084165003049,Baden-Württemberg,Tübingen,Neustetten,72149,3831,15.87,48.481308,8.882594
084165003050,Baden-Württemberg,Tübingen,Starzach,72181,4340,27.84,48.432044,8.812421
084170013013,Baden-Württemberg,Zollernalbkreis,"Burladingen, Stadt",72393,12025,123.31,48.28913,9.1153
084170025025,Baden-Württemberg,Zollernalbkreis,"Haigerloch, Stadt",72401,10919,76.44,48.366535,8.804191
084170054054,Baden-Württemberg,Zollernalbkreis,"Rosenfeld, Stadt",72348,6426,51.11,48.286301,8.723243
084175001010,Baden-Württemberg,Zollernalbkreis,Bitz,72475,3822,8.82,48.244285,9.092414
084175001079,Baden-Württemberg,Zollernalbkreis,"Albstadt, Stadt",72458,47047,134.4,48.214156,9.026328
084175002002,Baden-Württemberg,Zollernalbkreis,"Balingen, Stadt",72336,35744,90.32,48.274036,8.851588
084175002022,Baden-Württemberg,Zollernalbkreis,"Geislingen, Stadt",72351,5905,31.96,48.287956,8.811353
084175003008,Baden-Württemberg,Zollernalbkreis,Bisingen,72406,9423,32.83,48.310155,8.917087
084175003023,Baden-Württemberg,Zollernalbkreis,Grosselfingen,72415,2208,16.15,48.332405,8.886681
084175004031,Baden-Württemberg,Zollernalbkreis,"Hechingen, Stadt",72379,19760,66.41,48.351487,8.962947
084175004036,Baden-Württemberg,Zollernalbkreis,Jungingen,72417,1414,9.33,48.328284,9.040267
084175004051,Baden-Württemberg,Zollernalbkreis,Rangendingen,72414,5331,21.66,48.382119,8.885614
084175005044,Baden-Württemberg,Zollernalbkreis,"Meßstetten, Stadt",72469,10521,76.8,48.180918,8.963063
084175005045,Baden-Württemberg,Zollernalbkreis,Nusplingen,72362,1912,20.76,48.132002,8.890352
084175005047,Baden-Württemberg,Zollernalbkreis,Obernheim,72364,1426,15.01,48.162516,8.861492
084175006014,Baden-Württemberg,Zollernalbkreis,Dautmergen,72356,462,4.54,48.242737,8.741018
084175006015,Baden-Württemberg,Zollernalbkreis,Dormettingen,72358,1082,6.55,48.238093,8.771419
084175006016,Baden-Württemberg,Zollernalbkreis,Dotternhausen,72359,1799,10.01,48.228177,8.792911
084175006029,Baden-Württemberg,Zollernalbkreis,Hausen am Tann,72361,504,8.49,48.198362,8.836598
084175006052,Baden-Württemberg,Zollernalbkreis,Ratshausen,72365,778,5.76,48.195108,8.792083
084175006057,Baden-Württemberg,Zollernalbkreis,"Schömberg, Stadt",72355,4790,23.25,48.211609,8.758829
084175006071,Baden-Württemberg,Zollernalbkreis,Weilen unter den Rinnen,72367,561,3.08,48.189327,8.76575
084175006078,Baden-Württemberg,Zollernalbkreis,Zimmern unter der Burg,72369,422,5.04,48.220374,8.718808
084175007063,Baden-Württemberg,Zollernalbkreis,Straßberg,72479,2479,24.91,48.176381,9.092476
084175007075,Baden-Württemberg,Zollernalbkreis,Winterlingen,72474,6336,50.63,48.178723,9.117643
084210000000,Baden-Württemberg,"Ulm, Stadtkreis","Ulm, Universitätsstadt",89073,130288,118.68,48.398454,9.990402
084250039039,Baden-Württemberg,Alb-Donau-Kreis,"Erbach, Stadt",89155,14126,63.29,48.326196,9.892784
084250108108,Baden-Württemberg,Alb-Donau-Kreis,"Schelklingen, Stadt",89601,6564,75.87,48.372526,9.734923
084250141141,Baden-Württemberg,Alb-Donau-Kreis,"Blaustein, Stadt",89134,16630,55.61,48.416145,9.921863
084255001002,Baden-Württemberg,Alb-Donau-Kreis,Allmendingen,89604,4899,45.87,48.330714,9.72429
084255001004,Baden-Württemberg,Alb-Donau-Kreis,Altheim,89605,572,7.8,48.327677,9.770679
084255002017,Baden-Württemberg,Alb-Donau-Kreis,Berghülen,89180,2096,26.13,48.464015,9.761209
084255002020,Baden-Württemberg,Alb-Donau-Kreis,"Blaubeuren, Stadt",89143,12669,79.11,48.412587,9.783757
084255003028,Baden-Württemberg,Alb-Donau-Kreis,"Dietenheim, Stadt",89165,6921,18.75,48.212211,10.069592
084255003066,Baden-Württemberg,Alb-Donau-Kreis,Illerrieden,89186,3412,18.16,48.271364,10.053883
084255003140,Baden-Württemberg,Alb-Donau-Kreis,Balzheim,88481,2133,17.57,48.180798,10.076078
084255004014,Baden-Württemberg,Alb-Donau-Kreis,Beimerstetten,89179,2409,14.34,48.481886,9.98581
084255004031,Baden-Württemberg,Alb-Donau-Kreis,Dornstadt,89160,9233,59.23,48.466494,9.942617
084255004135,Baden-Württemberg,Alb-Donau-Kreis,Westerstetten,89198,2117,13.1,48.521516,9.950835
084255005033,Baden-Württemberg,Alb-Donau-Kreis,"Ehingen (Donau), Stadt",89584,27700,178.33,48.283666,9.725211
084255005050,Baden-Württemberg,Alb-Donau-Kreis,Griesingen,89608,1043,8.15,48.266986,9.784023
084255005088,Baden-Württemberg,Alb-Donau-Kreis,Oberdischingen,89610,2344,8.82,48.30176,9.830802
084255005093,Baden-Württemberg,Alb-Donau-Kreis,Öpfingen,89614,2291,8.88,48.286194,9.802832
084255006064,Baden-Württemberg,Alb-Donau-Kreis,Hüttisheim,89185,1551,10.36,48.280646,9.94165
084255006110,Baden-Württemberg,Alb-Donau-Kreis,Schnürpflingen,89194,1428,10.71,48.273078,9.994004
084255006137,Baden-Württemberg,Alb-Donau-Kreis,Illerkirchberg,89171,5050,11.45,48.33831,9.999035
084255006138,Baden-Württemberg,Alb-Donau-Kreis,Staig,89195,3322,17.75,48.299083,9.991027
084255007071,Baden-Württemberg,Alb-Donau-Kreis,"Laichingen, Stadt",89150,12371,69.83,48.489445,9.685733
084255007079,Baden-Württemberg,Alb-Donau-Kreis,Merklingen,89188,2153,21.31,48.511695,9.755088
084255007084,Baden-Württemberg,Alb-Donau-Kreis,Nellingen,89191,2056,35.77,48.541984,9.791311
084255007134,Baden-Württemberg,Alb-Donau-Kreis,Westerheim,72589,3103,22.91,48.515159,9.624072
084255007139,Baden-Württemberg,Alb-Donau-Kreis,Heroldstatt,72535,2903,22.58,48.446332,9.669339
084255008005,Baden-Württemberg,Alb-Donau-Kreis,Altheim (Alb),89174,1776,25.77,48.581738,10.025037
084255008011,Baden-Württemberg,Alb-Donau-Kreis,Asselfingen,89176,1042,12.86,48.529714,10.1914
084255008013,Baden-Württemberg,Alb-Donau-Kreis,Ballendorf,89177,708,14.22,48.554937,10.07723
084255008019,Baden-Württemberg,Alb-Donau-Kreis,Bernstadt,89182,2339,13.94,48.500014,10.023964
084255008022,Baden-Württemberg,Alb-Donau-Kreis,Börslingen,89177,169,6.28,48.538957,10.063069
084255008024,Baden-Württemberg,Alb-Donau-Kreis,Breitingen,89183,337,2.89,48.517286,9.991461
084255008062,Baden-Württemberg,Alb-Donau-Kreis,Holzkirch,89183,265,8.14,48.531479,9.99421
084255008072,Baden-Württemberg,Alb-Donau-Kreis,"Langenau, Stadt",89129,15359,75.03,48.499499,10.121087
084255008083,Baden-Württemberg,Alb-Donau-Kreis,Neenstetten,89189,822,8.3,48.545493,10.021476
084255008085,Baden-Württemberg,Alb-Donau-Kreis,Nerenstetten,89129,377,6.09,48.529959,10.099582
084255008092,Baden-Württemberg,Alb-Donau-Kreis,Öllingen,89129,551,8.09,48.527741,10.148065
084255008097,Baden-Württemberg,Alb-Donau-Kreis,Rammingen,89192,1274,14.03,48.519683,10.170794
084255008112,Baden-Württemberg,Alb-Donau-Kreis,Setzingen,89129,748,8.42,48.538048,10.126705
084255008130,Baden-Württemberg,Alb-Donau-Kreis,Weidenstetten,89197,1422,17.21,48.552147,9.997084
084255009008,Baden-Württemberg,Alb-Donau-Kreis,Amstetten,73340,4248,49.8,48.577697,9.876125
084255009075,Baden-Württemberg,Alb-Donau-Kreis,Lonsee,89173,5148,43.32,48.543054,9.917632
084255010035,Baden-Württemberg,Alb-Donau-Kreis,Emeringen,88499,180,7.52,48.234296,9.517274
084255010036,Baden-Württemberg,Alb-Donau-Kreis,Emerkingen,89607,820,7.4,48.214609,9.656266
084255010052,Baden-Württemberg,Alb-Donau-Kreis,Grundsheim,89613,202,3.7,48.177459,9.667765
084255010055,Baden-Württemberg,Alb-Donau-Kreis,Hausen am Bussen,89597,277,3.52,48.211503,9.624615
084255010073,Baden-Württemberg,Alb-Donau-Kreis,Lauterach,89584,596,13.76,48.256068,9.579242
084255010081,Baden-Württemberg,Alb-Donau-Kreis,"Munderkingen, Stadt",89597,5447,13.07,48.236714,9.647663
084255010090,Baden-Württemberg,Alb-Donau-Kreis,Obermarchtal,89611,1289,26.59,48.233294,9.568532
084255010091,Baden-Württemberg,Alb-Donau-Kreis,Oberstadion,89613,1617,15.78,48.186931,9.691361
084255010098,Baden-Württemberg,Alb-Donau-Kreis,Rechtenstein,89611,287,3.78,48.241602,9.544232
084255010104,Baden-Württemberg,Alb-Donau-Kreis,Rottenacker,89616,2271,10.29,48.235057,9.687742
084255010123,Baden-Württemberg,Alb-Donau-Kreis,Untermarchtal,89617,833,5.62,48.24096,9.612757
084255010124,Baden-Württemberg,Alb-Donau-Kreis,Unterstadion,89619,862,8.83,48.204552,9.690197
084255010125,Baden-Württemberg,Alb-Donau-Kreis,Unterwachingen,89597,192,2.6,48.203784,9.643433
084260134134,Baden-Württemberg,Biberach,Schemmerhofen,88433,8868,50.16,48.174074,9.795846
084265001005,Baden-Württemberg,Biberach,Alleshausen,88422,538,11.29,48.102679,9.621543
084265001006,Baden-Württemberg,Biberach,Allmannsweiler,88348,324,4.1,48.028386,9.593584
084265001013,Baden-Württemberg,Biberach,"Bad Buchau, Stadt",88422,4622,23.75,48.063926,9.611773
084265001020,Baden-Württemberg,Biberach,Betzenweiler,88422,736,9.68,48.117754,9.574404
084265001036,Baden-Württemberg,Biberach,Dürnau,88422,486,7.28,48.060403,9.554803
084265001064,Baden-Württemberg,Biberach,Kanzach,88422,509,11.15,48.07669,9.558743
084265001078,Baden-Württemberg,Biberach,Moosburg,88422,224,1.85,48.088634,9.596849
084265001090,Baden-Württemberg,Biberach,Oggelshausen,88422,924,13.11,48.070826,9.648628
084265001109,Baden-Württemberg,Biberach,Seekirch,88422,288,5.76,48.106288,9.641357
084265001118,Baden-Württemberg,Biberach,Tiefenbach,88422,544,6.94,48.089033,9.6525
084265002014,Baden-Württemberg,Biberach,"Bad Schussenried, Stadt",88427,9012,55.01,48.004849,9.657495
084265002062,Baden-Württemberg,Biberach,Ingoldingen,88456,3199,44.23,48.025577,9.739688
084265003011,Baden-Württemberg,Biberach,Attenweiler,88448,1961,27.2,48.136819,9.698617
084265003021,Baden-Württemberg,Biberach,"Biberach an der Riß, Stadt",88400,34275,72.15,48.097465,9.79203
084265003038,Baden-Württemberg,Biberach,Eberhardzell,88436,4555,59.72,48.001249,9.824229
084265003058,Baden-Württemberg,Biberach,Hochdorf,88454,2416,23.77,48.02488,9.787135
084265003071,Baden-Württemberg,Biberach,Maselheim,88437,4702,47.02,48.13449,9.883935
084265003074,Baden-Württemberg,Biberach,Mittelbiberach,88441,4450,23.68,48.087332,9.747188
084265003120,Baden-Württemberg,Biberach,Ummendorf,88444,4457,20.65,48.062058,9.831026
084265003128,Baden-Württemberg,Biberach,Warthausen,88447,5337,25.75,48.128975,9.797727
084265004019,Baden-Württemberg,Biberach,Berkheim,88450,3295,25.02,48.043327,10.08179
084265004031,Baden-Württemberg,Biberach,Dettingen an der Iller,88451,2785,11.14,48.105281,10.113892
084265004044,Baden-Württemberg,Biberach,Erolzheim,88453,3377,26.3,48.091068,10.072583
084265004065,Baden-Württemberg,Biberach,Kirchberg an der Iller,88486,2218,18.64,48.132256,10.081464
084265004066,Baden-Württemberg,Biberach,Kirchdorf an der Iller,88457,4038,22.85,48.076496,10.126512
084265005001,Baden-Württemberg,Biberach,Achstetten,88480,5258,23.38,48.258983,9.898085
084265005028,Baden-Württemberg,Biberach,Burgrieden,88483,4295,21.86,48.238255,9.93438
084265005070,Baden-Württemberg,Biberach,"Laupheim, Stadt",88471,22836,61.79,48.230018,9.883733
084265005073,Baden-Württemberg,Biberach,Mietingen,88487,4758,26.33,48.182492,9.899411
084265006043,Baden-Württemberg,Biberach,Erlenmoos,88416,1821,24.26,48.063201,9.974997
084265006087,Baden-Württemberg,Biberach,"Ochsenhausen, Stadt",88416,9326,59.96,48.06947,9.951929
084265006113,Baden-Württemberg,Biberach,Steinhausen an der Rottum,88416,2216,29.87,48.023423,9.956273
084265006135,Baden-Württemberg,Biberach,Gutenzell-Hürbel,88484,1808,37.86,48.113537,9.997187
084265007008,Baden-Württemberg,Biberach,Altheim,88499,2159,23.73,48.145555,9.448855
084265007035,Baden-Württemberg,Biberach,Dürmentingen,88525,2661,24.12,48.113546,9.533605
084265007045,Baden-Württemberg,Biberach,Ertingen,88521,5375,37.74,48.096788,9.460739
084265007067,Baden-Württemberg,Biberach,Langenenslingen,88515,3648,88.33,48.148612,9.377962
084265007097,Baden-Württemberg,Biberach,"Riedlingen, Stadt",88499,11122,64.96,48.153659,9.472452
084265007121,Baden-Württemberg,Biberach,Unlingen,88527,2432,26.87,48.166683,9.522042
084265007124,Baden-Württemberg,Biberach,Uttenweiler,88524,3749,49.77,48.148751,9.61133
084265008100,Baden-Württemberg,Biberach,Rot an der Rot,88430,4533,63.41,48.013091,10.027282
084265008117,Baden-Württemberg,Biberach,Tannheim,88459,2505,27.69,48.000036,10.081648
084265009108,Baden-Württemberg,Biberach,Schwendi,88477,6897,49.23,48.175367,9.975708
084265009125,Baden-Württemberg,Biberach,Wain,88489,1664,20.14,48.188928,10.022001
084350035035,Baden-Württemberg,Bodenseekreis,Meckenbeuren,88074,13717,31.89,47.700637,9.562678
084355001013,Baden-Württemberg,Bodenseekreis,Eriskirch,88097,4752,14.61,47.629977,9.530728
084355001029,Baden-Württemberg,Bodenseekreis,Kressbronn am Bodensee,88079,8769,20.42,47.596747,9.59834
084355001030,Baden-Württemberg,Bodenseekreis,Langenargen,88085,7708,15.27,47.596737,9.54014
084355002016,Baden-Württemberg,Bodenseekreis,"Friedrichshafen, Stadt",88045,62781,69.93,47.652205,9.479614
084355002024,Baden-Württemberg,Bodenseekreis,Immenstaad am Bodensee,88090,6434,9.28,47.666622,9.37146
084355003005,Baden-Württemberg,Bodenseekreis,Bermatingen,88697,4116,15.45,47.731114,9.348092
084355003034,Baden-Württemberg,Bodenseekreis,"Markdorf, Stadt",88677,14305,40.91,47.72035,9.389138
084355003045,Baden-Württemberg,Bodenseekreis,Oberteuringen,88094,5056,20.08,47.725477,9.471967
084355003067,Baden-Württemberg,Bodenseekreis,Deggenhausertal,88693,4408,62.15,47.78158,9.390459
084355004010,Baden-Württemberg,Bodenseekreis,Daisendorf,88718,1546,2.44,47.711716,9.265766
084355004018,Baden-Württemberg,Bodenseekreis,Hagnau am Bodensee,88709,1388,2.94,47.67625,9.320022
084355004036,Baden-Württemberg,Bodenseekreis,"Meersburg, Stadt",88709,6019,12.07,47.695076,9.273408
084355004054,Baden-Württemberg,Bodenseekreis,Stetten,88719,984,4.3,47.692691,9.300569
084355004066,Baden-Württemberg,Bodenseekreis,Uhldingen-Mühlhofen,88690,8099,15.66,47.735636,9.245612
084355005015,Baden-Württemberg,Bodenseekreis,Frickingen,88699,3106,26.43,47.81517,9.273089
084355005020,Baden-Württemberg,Bodenseekreis,Heiligenberg,88633,2931,40.75,47.821299,9.312802
084355005052,Baden-Württemberg,Bodenseekreis,Salem,88682,12252,62.69,47.759725,9.310691
084355006042,Baden-Württemberg,Bodenseekreis,Neukirch,88099,2726,26.59,47.657496,9.701999
084355006057,Baden-Württemberg,Bodenseekreis,"Tettnang, Stadt",88069,20522,71.25,47.671477,9.589453
084355007047,Baden-Württemberg,Bodenseekreis,Owingen,88696,4430,36.73,47.810832,9.175628
084355007053,Baden-Württemberg,Bodenseekreis,Sipplingen,78354,2047,4.27,47.79642,9.098441
084355007059,Baden-Württemberg,Bodenseekreis,"Überlingen, Stadt",88662,22799,58.64,47.768547,9.159266
084360008008,Baden-Württemberg,Ravensburg,"Aulendorf, Stadt",88326,10466,52.33,47.951301,9.638492
084360010010,Baden-Württemberg,Ravensburg,"Bad Wurzach, Stadt",88410,14927,182.24,47.908416,9.896525
084360049049,Baden-Württemberg,Ravensburg,"Isny im Allgäu, Stadt",88316,15015,85.39,47.692238,10.039361
084360052052,Baden-Württemberg,Ravensburg,Kißlegg,88353,9579,92.45,47.787754,9.881938
084360094094,Baden-Württemberg,Ravensburg,Argenbühl,88260,6719,76.42,47.688159,9.959372
084365001005,Baden-Württemberg,Ravensburg,Altshausen,88361,3991,20.48,47.93449,9.538271
084365001019,Baden-Württemberg,Ravensburg,Boms,88361,707,9.55,47.969713,9.508511
084365001024,Baden-Württemberg,Ravensburg,Ebenweiler,88370,1387,10.13,47.900658,9.513264
084365001027,Baden-Württemberg,Ravensburg,Eichstegen,88361,555,14.25,47.938739,9.498845
084365001032,Baden-Württemberg,Ravensburg,Fleischwangen,88373,671,5.81,47.879063,9.477566
084365001040,Baden-Württemberg,Ravensburg,Guggenhausen,88379,193,8.26,47.893685,9.455438
084365001047,Baden-Württemberg,Ravensburg,Hoßkirch,88374,751,15.81,47.940508,9.446033
084365001053,Baden-Württemberg,Ravensburg,Königseggwald,88376,671,6.86,47.929613,9.419302
084365001067,Baden-Württemberg,Ravensburg,Riedhausen,88377,811,8.41,47.908922,9.431359
084365001077,Baden-Württemberg,Ravensburg,Unterwaldhausen,88379,273,4.11,47.902083,9.469885
084365001093,Baden-Württemberg,Ravensburg,Ebersbach-Musbach,88371,1705,26.84,47.956209,9.580336
084365002009,Baden-Württemberg,Ravensburg,"Bad Waldsee, Stadt",88339,20910,108.55,47.92251,9.751276
084365002014,Baden-Württemberg,Ravensburg,Bergatreute,88368,3176,23.17,47.849665,9.748012
084365003018,Baden-Württemberg,Ravensburg,Bodnegg,88285,3242,24.57,47.709876,9.690491
084365003039,Baden-Württemberg,Ravensburg,Grünkraut,88287,3078,17.15,47.743111,9.652681
084365003069,Baden-Württemberg,Ravensburg,Schlier,88281,4049,32.6,47.770627,9.674581
084365003079,Baden-Württemberg,Ravensburg,Waldburg,88289,3296,22.71,47.757454,9.712904
084365004003,Baden-Württemberg,Ravensburg,Aichstetten,88317,2850,33.74,47.892919,10.08067
084365004004,Baden-Württemberg,Ravensburg,Aitrach,88319,3059,30.2,47.939232,10.0896
084365004055,Baden-Württemberg,Ravensburg,"Leutkirch im Allgäu, Stadt",88299,24325,174.97,47.825064,10.024379
084365005011,Baden-Württemberg,Ravensburg,Baienfurt,88255,7403,16.01,47.826982,9.651432
084365005012,Baden-Württemberg,Ravensburg,Baindt,88255,5271,23.07,47.84186,9.661164
084365005013,Baden-Württemberg,Ravensburg,Berg,88276,4353,28.42,47.816128,9.595867
084365005064,Baden-Württemberg,Ravensburg,"Ravensburg, Stadt",88212,50549,92.05,47.78366,9.615089
084365005082,Baden-Württemberg,Ravensburg,"Weingarten, Stadt",88250,25034,12.16,47.807399,9.640669
084365006078,Baden-Württemberg,Ravensburg,Vogt,88267,4788,22.3,47.775383,9.766671
084365006085,Baden-Württemberg,Ravensburg,Wolfegg,88364,3845,39.5,47.820361,9.793215
084365007001,Baden-Württemberg,Ravensburg,Achberg,88147,1713,12.92,47.615122,9.713856
084365007006,Baden-Württemberg,Ravensburg,Amtzell,88279,4241,30.59,47.70628,9.747974
084365007081,Baden-Württemberg,Ravensburg,"Wangen im Allgäu, Stadt",88239,28784,101.35,47.685855,9.832354
084365008083,Baden-Württemberg,Ravensburg,Wilhelmsdorf,88271,4718,38.09,47.867494,9.425067
084365008095,Baden-Württemberg,Ravensburg,Horgenzell,88263,5462,56.17,47.806456,9.497983
084365009087,Baden-Württemberg,Ravensburg,Wolpertswende,88284,4079,26.35,47.895287,9.613345
084365009096,Baden-Württemberg,Ravensburg,Fronreute,88273,4954,46.09,47.863185,9.589918
084370086086,Baden-Württemberg,Sigmaringen,Ostrach,88356,7013,108.89,47.953822,9.380955
084375001031,Baden-Württemberg,Sigmaringen,"Gammertingen, Stadt",72501,6198,52.97,48.250288,9.2157
084375001047,Baden-Württemberg,Sigmaringen,"Hettingen, Stadt",72513,1864,46.06,48.219073,9.234626
084375001082,Baden-Württemberg,Sigmaringen,Neufra,72419,1849,28.4,48.247237,9.186088
084375001114,Baden-Württemberg,Sigmaringen,"Veringenstadt, Stadt",72519,2147,31.25,48.178302,9.214018
084375002053,Baden-Württemberg,Sigmaringen,Hohentengen,88367,4151,36.61,48.028673,9.376107
084375002076,Baden-Württemberg,Sigmaringen,"Mengen, Stadt",88512,10114,49.81,48.048768,9.329165
084375002101,Baden-Württemberg,Sigmaringen,"Scheer, Stadt",72516,2456,18.73,48.072852,9.29442
084375003072,Baden-Württemberg,Sigmaringen,Leibertingen,88637,2260,47.19,48.042912,9.01618
084375003078,Baden-Württemberg,Sigmaringen,"Meßkirch, Stadt",88605,8776,76.22,47.992608,9.111166
084375003123,Baden-Württemberg,Sigmaringen,Sauldorf,88605,2606,49.72,47.94256,9.106323
084375004056,Baden-Württemberg,Sigmaringen,Illmensee,88636,2005,24.92,47.862015,9.37451
084375004088,Baden-Württemberg,Sigmaringen,"Pfullendorf, Stadt",88630,13496,90.51,47.923774,9.255547
084375004118,Baden-Württemberg,Sigmaringen,Wald,88639,2755,43.85,47.937975,9.172005
084375004124,Baden-Württemberg,Sigmaringen,Herdwangen-Schönach,88634,3381,36.51,47.862679,9.168242
084375005044,Baden-Württemberg,Sigmaringen,Herbertingen,88518,4778,38.65,48.061061,9.438105
084375005100,Baden-Württemberg,Sigmaringen,"Bad Saulgau, Stadt",88348,17824,97.34,48.013864,9.499183
084375006005,Baden-Württemberg,Sigmaringen,Beuron,88631,624,35.1,48.050828,8.970068
084375006008,Baden-Württemberg,Sigmaringen,Bingen,72511,2703,37.01,48.110738,9.272341
084375006059,Baden-Württemberg,Sigmaringen,Inzigkofen,72514,2969,28.73,48.070908,9.179617
084375006065,Baden-Württemberg,Sigmaringen,Krauchenwies,72505,5060,44.65,48.018687,9.248681
084375006104,Baden-Württemberg,Sigmaringen,"Sigmaringen, Stadt",72488,16756,92.84,48.086623,9.214788
084375006105,Baden-Württemberg,Sigmaringen,Sigmaringendorf,72517,3698,12.47,48.067985,9.261616
084375007102,Baden-Württemberg,Sigmaringen,Schwenningen,72477,1668,19.34,48.10473,8.997429
084375007107,Baden-Württemberg,Sigmaringen,Stetten am kalten Markt,72510,4837,56.47,48.121999,9.077554
091610000000,Bayern,Ingolstadt,Ingolstadt,85047,140799,133.35,48.76542,11.423387
091620000000,Bayern,"München, Landeshauptstadt","München, Landeshauptstadt",80313,1505036,310.7,48.137683,11.575997
091630000000,Bayern,Rosenheim,Rosenheim,83013,65808,37.22,47.856358,12.128932
091710111111,Bayern,Altötting,"Altötting, St",84503,12980,23.07,48.227986,12.67892
091710112112,Bayern,Altötting,"Burghausen, St",84489,19381,19.81,48.168825,12.831282
091710113113,Bayern,Altötting,Burgkirchen a.d.Alz,84508,10963,46.19,48.166556,12.731367
091710117117,Bayern,Altötting,Garching a.d.Alz,84518,8546,25.86,48.127462,12.574383
091710118118,Bayern,Altötting,Haiming,84533,2542,28.73,48.21297,12.88758
091710125125,Bayern,Altötting,"Neuötting, St",84524,8983,36.6,48.240061,12.690715
091710127127,Bayern,Altötting,Pleiskirchen,84568,2432,52.62,48.307035,12.59607
091710131131,Bayern,Altötting,Teising,84576,1736,5.38,48.22698,12.609927
091710132132,Bayern,Altötting,"Töging a.Inn, St",84513,9574,13.65,48.254645,12.586743
091710133133,Bayern,Altötting,"Tüßling, M",84577,3243,19.54,48.212289,12.601677
091710137137,Bayern,Altötting,Winhöring,84543,4910,24.59,48.265589,12.651149
091715101114,Bayern,Altötting,Emmerting,84547,4320,14.07,48.199992,12.766255
091715101124,Bayern,Altötting,Mehring,84561,2389,23.38,48.178788,12.78353
091715102116,Bayern,Altötting,Feichten a.d.Alz,84550,1366,17.92,48.081776,12.595784
091715102119,Bayern,Altötting,Halsbach,84553,1066,22.07,48.125357,12.675709
091715102122,Bayern,Altötting,Kirchweidach,84558,2907,20.15,48.085899,12.64351
091715102134,Bayern,Altötting,Tyrlaching,84558,1057,20.55,48.061068,12.668425
091715103123,Bayern,Altötting,"Marktl, M",84533,2784,27.84,48.25329,12.843658
091715103130,Bayern,Altötting,Stammham,84533,994,5.68,48.248353,12.882353
091715104115,Bayern,Altötting,Erlbach,84567,1187,28.13,48.30704,12.786431
091715104126,Bayern,Altötting,Perach,84567,1351,14.13,48.265551,12.767571
091715104129,Bayern,Altötting,Reischach,84571,2765,28.46,48.290821,12.725442
091715106121,Bayern,Altötting,Kastl,84556,2813,27.6,48.193923,12.696097
091715106135,Bayern,Altötting,Unterneukirchen,84579,3486,23.26,48.165342,12.618632
091720111111,Bayern,Berchtesgadener Land,Ainring,83404,9725,32.96,47.816451,12.943264
091720112112,Bayern,Berchtesgadener Land,Anger,83454,4213,45.91,47.802378,12.859411
091720114114,Bayern,Berchtesgadener Land,"Bad Reichenhall, GKSt",83435,18284,41.92,47.725886,12.876699
091720115115,Bayern,Berchtesgadener Land,Bayerisch Gmain,83457,2954,12.33,47.720923,12.892608
091720116116,Bayern,Berchtesgadener Land,"Berchtesgaden, M",83471,7697,35.63,47.632843,13.002514
091720117117,Bayern,Berchtesgadener Land,Bischofswiesen,83483,6997,62.15,47.647463,12.970308
091720118118,Bayern,Berchtesgadener Land,"Freilassing, St",83395,17702,14.81,47.842101,12.978135
091720122122,Bayern,Berchtesgadener Land,"Laufen, St",83410,7333,35.28,47.936943,12.932686
091720124124,Bayern,Berchtesgadener Land,"Marktschellenberg, M",83487,1703,17.66,47.6968,13.045654
091720128128,Bayern,Berchtesgadener Land,Piding,83451,5274,17.67,47.769593,12.91208
091720129129,Bayern,Berchtesgadener Land,Ramsau b.Berchtesgaden,83486,1694,129.17,47.608333,12.899103
091720130130,Bayern,Berchtesgadener Land,Saaldorf-Surheim,83416,5568,39.1,47.870455,12.929731
091720131131,Bayern,Berchtesgadener Land,Schneizlreuth,83458,1373,107.27,47.690229,12.802281
091720132132,Bayern,Berchtesgadener Land,Schönau a.Königssee,83471,5278,131.62,47.602396,12.984388
091720134134,Bayern,Berchtesgadener Land,"Teisendorf, M",83315,9323,86.76,47.849858,12.820465
091729452452,Bayern,Berchtesgadener Land,Eck,,0,12.6,47.615613,13.06038
091729454454,Bayern,Berchtesgadener Land,Schellenberger Forst,,0,17.01,47.68665,12.989581
091730111111,Bayern,Bad Tölz-Wolfratshausen,Bad Heilbrunn,83670,3854,40.32,47.746023,11.462626
091730112112,Bayern,Bad Tölz-Wolfratshausen,"Bad Tölz, St",83646,19652,30.8,47.759148,11.563912
091730118118,Bayern,Bad Tölz-Wolfratshausen,Dietramszell,83623,5620,96.82,47.854816,11.588293
091730120120,Bayern,Bad Tölz-Wolfratshausen,Egling,82544,5230,74.05,47.922943,11.508365
091730123123,Bayern,Bad Tölz-Wolfratshausen,Eurasburg,82547,4302,40.87,47.855933,11.403471
091730124124,Bayern,Bad Tölz-Wolfratshausen,Gaißach,83674,3228,38.55,47.747447,11.5801
091730126126,Bayern,Bad Tölz-Wolfratshausen,"Geretsried, St",82538,25907,24.6,47.856254,11.482265
091730130130,Bayern,Bad Tölz-Wolfratshausen,Icking,82057,3651,17.0,47.956857,11.437241
091730131131,Bayern,Bad Tölz-Wolfratshausen,Jachenau,83676,830,128.66,47.605803,11.43382
091730134134,Bayern,Bad Tölz-Wolfratshausen,Königsdorf,82549,3145,45.69,47.816385,11.480945
091730135135,Bayern,Bad Tölz-Wolfratshausen,Lenggries,83661,10176,242.83,47.682625,11.576728
091730137137,Bayern,Bad Tölz-Wolfratshausen,Münsing,82541,4457,52.23,47.902692,11.368916
091730145145,Bayern,Bad Tölz-Wolfratshausen,Wackersberg,83646,3670,64.83,47.736474,11.54638
091730147147,Bayern,Bad Tölz-Wolfratshausen,"Wolfratshausen, St",82515,19536,9.13,47.912703,11.420767
091735107113,Bayern,Bad Tölz-Wolfratshausen,Benediktbeuern,83671,3768,37.87,47.707913,11.411896
091735107115,Bayern,Bad Tölz-Wolfratshausen,Bichl,83673,2323,13.92,47.720533,11.412308
091735108133,Bayern,Bad Tölz-Wolfratshausen,Kochel a.See,82431,4075,80.11,47.658845,11.368269
091735108142,Bayern,Bad Tölz-Wolfratshausen,Schlehdorf,82444,1349,25.39,47.657932,11.315207
091735109127,Bayern,Bad Tölz-Wolfratshausen,Greiling,83677,1482,7.66,47.76297,11.608942
091735109140,Bayern,Bad Tölz-Wolfratshausen,Reichersbeuern,83677,2497,15.41,47.767361,11.634873
091735109141,Bayern,Bad Tölz-Wolfratshausen,Sachsenkam,83679,1329,15.92,47.806902,11.64358
091739451451,Bayern,Bad Tölz-Wolfratshausen,Pupplinger Au,,0,3.72,47.921793,11.44341
091739452452,Bayern,Bad Tölz-Wolfratshausen,Wolfratshauser Forst,,0,4.28,47.865663,11.496089
091740111111,Bayern,Dachau,"Altomünster, M",85250,7876,75.66,48.387627,11.256047
091740113113,Bayern,Dachau,Bergkirchen,85232,7636,59.96,48.259031,11.366061
091740115115,Bayern,Dachau,"Dachau, GKSt",85221,47461,34.96,48.263327,11.437493
091740118118,Bayern,Dachau,Erdweg,85253,6214,36.06,48.332399,11.303171
091740121121,Bayern,Dachau,Haimhausen,85778,5715,26.93,48.3162,11.553037
091740122122,Bayern,Dachau,Hebertshausen,85241,5781,29.57,48.291688,11.464164
091740126126,Bayern,Dachau,Karlsfeld,85757,21425,15.61,48.222151,11.473188
091740131131,Bayern,Dachau,"Markt Indersdorf, M",85229,10366,68.4,48.361167,11.373487
091740135135,Bayern,Dachau,Odelzhausen,85235,5727,30.44,48.308784,11.198784
091740136136,Bayern,Dachau,Petershausen,85238,6401,32.79,48.40908,11.468654
091740137137,Bayern,Dachau,Pfaffenhofen a.d.Glonn,85235,2355,20.88,48.29497,11.162447
091740141141,Bayern,Dachau,Röhrmoos,85244,6471,31.75,48.326969,11.458116
091740143143,Bayern,Dachau,Schwabhausen,85247,6264,30.23,48.303098,11.35568
091740146146,Bayern,Dachau,Sulzemoos,85254,2841,19.04,48.290916,11.263711
091740147147,Bayern,Dachau,Hilgertshausen-Tandern,86567,3343,28.68,48.429543,11.354829
091740150150,Bayern,Dachau,Vierkirchen,85256,4628,19.38,48.364533,11.459701
091740151151,Bayern,Dachau,Weichs,85258,3672,18.81,48.380647,11.414041
091750111111,Bayern,Ebersberg,Anzing,85646,4433,16.18,48.151444,11.853441
091750115115,Bayern,Ebersberg,"Ebersberg, St",85560,12340,40.84,48.078429,11.968817
091750118118,Bayern,Ebersberg,Forstinning,85661,3681,12.27,48.168565,11.912626
091750122122,Bayern,Ebersberg,"Grafing b.München, St",85567,13930,29.58,48.045389,11.966103
091750123123,Bayern,Ebersberg,Hohenlinden,85664,3420,17.32,48.15734,11.996522
091750124124,Bayern,Ebersberg,"Kirchseeon, M",85614,10356,17.91,48.071806,11.887809
091750127127,Bayern,Ebersberg,"Markt Schwaben, M",85570,13765,10.87,48.19093,11.86538
091750132132,Bayern,Ebersberg,Vaterstetten,85587,25039,34.08,48.102498,11.777125
091750133133,Bayern,Ebersberg,Pliening,85652,5957,22.79,48.19811,11.798553
091750135135,Bayern,Ebersberg,Poing,85586,16593,12.92,48.171249,11.818208
091750137137,Bayern,Ebersberg,Steinhöring,85643,3940,36.3,48.086592,12.030748
091750139139,Bayern,Ebersberg,Zorneding,85604,9417,23.78,48.084445,11.825588
091755112112,Bayern,Ebersberg,Aßling,85617,4545,31.37,47.992086,12.005281
091755112119,Bayern,Ebersberg,Frauenneuharting,83553,1535,22.69,48.039782,12.048251
091755112136,Bayern,Ebersberg,Emmering,83550,1457,17.23,47.997962,12.056182
091755114113,Bayern,Ebersberg,Baiern,85625,1500,19.97,47.957257,11.898056
091755114114,Bayern,Ebersberg,Bruck,85567,1336,21.59,48.021043,11.907755
091755114116,Bayern,Ebersberg,Egmating,85658,2290,19.16,48.004623,11.797215
091755114121,Bayern,Ebersberg,"Glonn, M",85625,5086,30.23,47.987123,11.867322
091755114128,Bayern,Ebersberg,Moosach,85665,1438,18.2,48.032615,11.875619
091755114131,Bayern,Ebersberg,Oberpframmern,85667,2468,18.47,48.021679,11.813087
091759451451,Bayern,Ebersberg,Anzinger Forst,,0,31.03,48.131765,11.908355
091759452452,Bayern,Ebersberg,Ebersberger Forst,,0,17.83,48.132911,11.964456
091759453453,Bayern,Ebersberg,Eglhartinger Forst,,0,26.77,48.099305,11.885947
091760112112,Bayern,Eichstätt,"Altmannstein, M",93336,7195,114.13,48.896112,11.649929
091760114114,Bayern,Eichstätt,"Beilngries, St",92339,10242,100.02,49.03653,11.471047
091760118118,Bayern,Eichstätt,Buxheim,85114,3771,22.53,48.804323,11.292008
091760120120,Bayern,Eichstätt,Denkendorf,85095,5059,47.83,48.927791,11.454837
091760121121,Bayern,Eichstätt,"Dollnstein, M",91795,2850,40.51,48.872714,11.074724
091760123123,Bayern,Eichstätt,"Eichstätt, GKSt",85072,14066,47.79,48.891094,11.185203
091760126126,Bayern,Eichstätt,"Gaimersheim, M",85080,12526,28.21,48.804753,11.368343
091760129129,Bayern,Eichstätt,Großmehring,85098,7498,47.43,48.7654,11.534077
091760131131,Bayern,Eichstätt,Hepberg,85120,3077,4.16,48.822885,11.461106
091760132132,Bayern,Eichstätt,Hitzhofen,85122,3022,33.78,48.847072,11.321686
091760137137,Bayern,Eichstätt,"Kinding, M",85125,2600,51.7,49.001445,11.383818
091760138138,Bayern,Eichstätt,"Kipfenberg, M",85110,5835,81.43,48.950023,11.393928
091760139139,Bayern,Eichstätt,"Kösching, M",85092,9737,55.69,48.810992,11.501015
091760143143,Bayern,Eichstätt,Lenting,85101,4980,8.48,48.807287,11.462651
091760148148,Bayern,Eichstätt,"Mörnsheim, M",91804,1523,33.45,48.869692,11.008117
091760161161,Bayern,Eichstätt,Stammham,85134,4159,39.02,48.858187,11.458154
091760164164,Bayern,Eichstätt,"Titting, M",85135,2688,71.11,48.997618,11.212034
091760166166,Bayern,Eichstätt,"Wellheim, M",91809,2725,33.81,48.817667,11.082834
091760167167,Bayern,Eichstätt,Wettstetten,85139,5205,12.47,48.824094,11.414983
091765115155,Bayern,Eichstätt,Pollenfeld,85131,3051,45.63,48.948104,11.206125
091765115160,Bayern,Eichstätt,Schernfeld,85132,3285,52.25,48.904766,11.106551
091765115165,Bayern,Eichstätt,Walting,85137,2289,39.72,48.912008,11.300455
091765116116,Bayern,Eichstätt,Böhmfeld,85113,1697,16.26,48.861043,11.366858
091765116124,Bayern,Eichstätt,Eitensheim,85117,3030,15.71,48.819536,11.320021
091765118111,Bayern,Eichstätt,Adelschlag,85111,2981,51.95,48.83914,11.223138
091765118122,Bayern,Eichstätt,Egweil,85116,1247,9.39,48.785765,11.231911
091765118149,Bayern,Eichstätt,"Nassenfels, M",85128,2351,18.4,48.79765,11.227571
091765119147,Bayern,Eichstätt,Mindelstetten,93349,1822,22.68,48.850009,11.642861
091765119150,Bayern,Eichstätt,Oberdolling,85129,1371,19.36,48.829248,11.592558
091765119153,Bayern,Eichstätt,"Pförring, M",85104,4100,43.51,48.808195,11.689187
091769451451,Bayern,Eichstätt,Haunstetter Forst,,0,5.43,49.030571,11.429449
091770113113,Bayern,Erding,Bockhorn,85461,4062,47.15,48.314723,11.986998
091770115115,Bayern,Erding,"Dorfen, St",84405,14727,99.56,48.271966,12.154454
091770117117,Bayern,Erding,"Erding, GKSt",85435,37341,54.61,48.306323,11.907169
091770118118,Bayern,Erding,Finsing,85464,4713,23.18,48.216158,11.824361
091770119119,Bayern,Erding,Forstern,85659,3667,15.38,48.183368,11.977334
091770120120,Bayern,Erding,Fraunberg,85447,3896,42.36,48.368715,11.992691
091770123123,Bayern,Erding,"Isen, M",84424,5581,43.78,48.212835,12.057134
091770127127,Bayern,Erding,Lengdorf,84435,2765,33.94,48.255915,12.051822
091770130130,Bayern,Erding,Moosinning,85452,6064,39.96,48.277056,11.84463
091770137137,Bayern,Erding,Sankt Wolfgang,84427,4581,46.31,48.218223,12.135093
091770139139,Bayern,Erding,Taufkirchen (Vils),84416,10705,70.18,48.346437,12.131513
091775120114,Bayern,Erding,Buch a.Buchrain,85656,1637,22.74,48.215089,11.994126
091775120135,Bayern,Erding,Pastetten,85669,2826,22.08,48.199897,11.945285
091775121142,Bayern,Erding,Walpertskirchen,85469,2175,18.45,48.257822,11.979422
091775121144,Bayern,Erding,Wörth,85457,4416,21.05,48.245384,11.901744
091775123116,Bayern,Erding,Eitting,85462,3155,35.63,48.358839,11.89039
091775123133,Bayern,Erding,Oberding,85445,6355,64.72,48.322653,11.845524
091775124131,Bayern,Erding,Neuching,85467,2789,19.68,48.241717,11.854383
091775124134,Bayern,Erding,Ottenhofen,85570,1970,10.27,48.215814,11.880343
091775125121,Bayern,Erding,Hohenpolding,84432,1648,27.42,48.383516,12.130701
091775125122,Bayern,Erding,Inning a.Holz,84416,1560,11.84,48.347862,12.077904
091775125124,Bayern,Erding,Kirchberg,84434,1163,17.1,48.40547,12.048411
091775125138,Bayern,Erding,Steinkirchen,84439,1364,18.08,48.374678,12.079194
091775126112,Bayern,Erding,Berglern,85459,2915,19.88,48.383368,11.929916
091775126126,Bayern,Erding,Langenpreising,85465,2884,27.5,48.425772,11.972151
091775126143,Bayern,Erding,"Wartenberg, M",85456,5497,17.88,48.404449,11.987985
091780116116,Bayern,Freising,"Au i.d.Hallertau, M",84072,6266,54.99,48.557539,11.742716
091780120120,Bayern,Freising,Eching,85386,14732,37.32,48.297531,11.623733
091780122122,Bayern,Freising,Rudelzhausen,84104,3510,40.8,48.590008,11.767661
091780123123,Bayern,Freising,Fahrenzhausen,85777,5087,37.64,48.354613,11.554462
091780124124,Bayern,Freising,"Freising, GKSt",85350,48953,88.59,48.403627,11.748361
091780130130,Bayern,Freising,Hallbergmoos,85399,11602,35.09,48.324369,11.749896
091780133133,Bayern,Freising,Hohenkammer,85411,2671,25.74,48.4241,11.523555
091780136136,Bayern,Freising,Kirchdorf a.d.Amper,85414,3393,32.97,48.4583,11.651933
091780137137,Bayern,Freising,Kranzberg,85402,4288,39.5,48.406009,11.616607
091780138138,Bayern,Freising,Langenbach,85416,4023,26.89,48.436873,11.853676
091780140140,Bayern,Freising,Marzling,85417,3259,20.5,48.410488,11.793717
091780143143,Bayern,Freising,"Moosburg a.d.Isar, St",85368,20107,43.85,48.467702,11.935504
091780144144,Bayern,Freising,"Nandlstadt, M",85405,5617,34.3,48.537446,11.805491
091780145145,Bayern,Freising,Neufahrn b.Freising,85371,21066,45.54,48.316081,11.66279
091785127113,Bayern,Freising,Allershausen,85391,5953,26.55,48.429879,11.598275
091785127150,Bayern,Freising,Paunzhausen,85307,1629,12.74,48.474909,11.566162
091785129125,Bayern,Freising,Gammelsdorf,85408,1595,21.63,48.556063,11.949324
091785129132,Bayern,Freising,Hörgertshausen,85413,1973,21.48,48.549214,11.866009
091785129142,Bayern,Freising,Mauern,85419,3158,24.15,48.51714,11.897499
091785129155,Bayern,Freising,Wang,85368,2507,31.18,48.495301,11.935058
091785130115,Bayern,Freising,Attenkirchen,85395,2734,16.1,48.506366,11.758765
091785130129,Bayern,Freising,Haag a.d.Amper,85410,2718,21.7,48.458593,11.832861
091785130156,Bayern,Freising,Wolfersdorf,85395,2582,26.06,48.478796,11.708788
091785130157,Bayern,Freising,Zolling,85406,4976,34.53,48.451521,11.771294
091790113113,Bayern,Fürstenfeldbruck,Alling,82239,4103,21.02,48.141556,11.299015
091790117117,Bayern,Fürstenfeldbruck,Egenhofen,82281,3446,33.4,48.28349,11.164854
091790118118,Bayern,Fürstenfeldbruck,Eichenau,82223,11483,6.99,48.172075,11.322467
091790119119,Bayern,Fürstenfeldbruck,Emmering,82275,6849,10.95,48.180662,11.280566
091790121121,Bayern,Fürstenfeldbruck,"Fürstenfeldbruck, GKSt",82256,37666,32.52,48.182775,11.253092
091790123123,Bayern,Fürstenfeldbruck,"Germering, GKSt",82110,41155,21.61,48.130916,11.364874
091790126126,Bayern,Fürstenfeldbruck,Gröbenzell,82194,19206,6.36,48.1927,11.37188
091790134134,Bayern,Fürstenfeldbruck,Maisach,82216,13955,53.45,48.215758,11.257605
091790138138,Bayern,Fürstenfeldbruck,Moorenweis,82272,4112,45.45,48.154648,11.079272
091790142142,Bayern,Fürstenfeldbruck,"Olching, St",82140,27418,29.92,48.209243,11.331193
091790145145,Bayern,Fürstenfeldbruck,"Puchheim, St",82178,20896,12.24,48.148172,11.343959
091790149149,Bayern,Fürstenfeldbruck,Türkenfeld,82299,3626,15.95,48.108875,11.08557
091795131111,Bayern,Fürstenfeldbruck,Adelshofen,82276,1881,13.28,48.18313,11.116705
091795131114,Bayern,Fürstenfeldbruck,Althegnenberg,82278,2066,16.09,48.233116,11.064455
091795131128,Bayern,Fürstenfeldbruck,Hattenhofen,82285,1586,7.18,48.221965,11.117263
091795131130,Bayern,Fürstenfeldbruck,Jesenwang,82287,1678,15.3,48.166407,11.131529
091795131132,Bayern,Fürstenfeldbruck,Landsberied,82290,1581,10.53,48.162707,11.168073
091795131136,Bayern,Fürstenfeldbruck,Mammendorf,82291,5068,21.22,48.208396,11.162678
091795131137,Bayern,Fürstenfeldbruck,Mittelstetten,82293,1691,18.62,48.255788,11.095143
091795131140,Bayern,Fürstenfeldbruck,Oberschweinbach,82294,1769,7.24,48.241192,11.158268
091795132125,Bayern,Fürstenfeldbruck,Grafrath,82284,3866,14.43,48.123574,11.164399
091795132131,Bayern,Fürstenfeldbruck,Kottgeisering,82288,1574,8.21,48.119156,11.131747
091795132147,Bayern,Fürstenfeldbruck,Schöngeising,82296,1905,12.86,48.140457,11.203978
091800112112,Bayern,Garmisch-Partenkirchen,Bad Kohlgrub,82433,2898,32.56,47.66653,11.051047
091800116116,Bayern,Garmisch-Partenkirchen,Farchant,82490,3563,25.78,47.530185,11.112099
091800117117,Bayern,Garmisch-Partenkirchen,"Garmisch-Partenkirchen, M",82456,28088,205.66,47.492447,11.086118
091800118118,Bayern,Garmisch-Partenkirchen,Grainau,82491,3488,49.37,47.470838,11.026832
091800122122,Bayern,Garmisch-Partenkirchen,Krün,82494,2069,36.31,47.505053,11.278469
091800123123,Bayern,Garmisch-Partenkirchen,"Mittenwald, M",82481,7400,132.84,47.441185,11.262738
091800124124,Bayern,Garmisch-Partenkirchen,"Murnau a.Staffelsee, M",82418,12057,38.06,47.678768,11.200765
091800125125,Bayern,Garmisch-Partenkirchen,Oberammergau,82487,5064,30.06,47.597074,11.06642
091800126126,Bayern,Garmisch-Partenkirchen,Oberau,82496,3125,17.86,47.562606,11.138308
091800134134,Bayern,Garmisch-Partenkirchen,Uffing a.Staffelsee,82449,3156,42.75,47.714018,11.152405
091800136136,Bayern,Garmisch-Partenkirchen,Wallgau,82499,1548,33.96,47.522154,11.282267
091805133113,Bayern,Garmisch-Partenkirchen,Bad Bayersoien,82435,1311,17.65,47.690984,10.996604
091805133129,Bayern,Garmisch-Partenkirchen,Saulgrub,82442,1632,35.48,47.667637,11.024935
091805135115,Bayern,Garmisch-Partenkirchen,Ettal,82488,684,14.74,47.568975,11.092707
091805135135,Bayern,Garmisch-Partenkirchen,Unterammergau,82497,1759,29.93,47.617131,11.028938
091805136114,Bayern,Garmisch-Partenkirchen,Eschenlohe,82438,1557,55.04,47.59802,11.185861
091805136119,Bayern,Garmisch-Partenkirchen,Großweil,82439,1618,22.03,47.675379,11.303171
091805136127,Bayern,Garmisch-Partenkirchen,Ohlstadt,82441,3291,41.17,47.634651,11.230358
091805136131,Bayern,Garmisch-Partenkirchen,Schwaigen,82445,603,23.57,47.647194,11.117577
091805137128,Bayern,Garmisch-Partenkirchen,Riegsee,82418,1260,20.44,47.698773,11.233785
091805137132,Bayern,Garmisch-Partenkirchen,Seehausen a.Staffelsee,82418,2434,15.71,47.689514,11.185323
091805137133,Bayern,Garmisch-Partenkirchen,Spatzenhausen,82447,745,7.74,47.722431,11.198474
091809451451,Bayern,Garmisch-Partenkirchen,Ettaler Forst,,0,83.47,47.545645,10.9563
091810113113,Bayern,Landsberg am Lech,Denklingen,86920,2898,56.77,47.913826,10.849611
091810114114,Bayern,Landsberg am Lech,"Dießen am Ammersee, M",86911,10699,82.66,47.949176,11.095037
091810116116,Bayern,Landsberg am Lech,Egling a.d.Paar,86492,2448,20.77,48.187602,10.983041
091810122122,Bayern,Landsberg am Lech,Geltendorf,82269,5855,34.82,48.121517,11.028417
091810128128,Bayern,Landsberg am Lech,"Kaufering, M",86916,10040,17.68,48.092915,10.85649
091810130130,Bayern,Landsberg am Lech,"Landsberg am Lech, GKSt",86886,29230,57.91,48.049514,10.877828
091810132132,Bayern,Landsberg am Lech,Penzing,86929,4248,33.8,48.074902,10.927474
091810144144,Bayern,Landsberg am Lech,Utting am Ammersee,86919,4561,19.01,48.02591,11.084411
091810145145,Bayern,Landsberg am Lech,Weil,86947,3995,44.48,48.118728,10.925035
091815138121,Bayern,Landsberg am Lech,Fuchstal,86925,4258,39.74,47.934246,10.826857
091815138143,Bayern,Landsberg am Lech,Unterdießen,86944,1516,12.78,47.979931,10.829181
091815139126,Bayern,Landsberg am Lech,Hurlach,86857,1951,17.17,48.118825,10.813731
091815139127,Bayern,Landsberg am Lech,Igling,86859,2551,26.35,48.073414,10.805609
091815139131,Bayern,Landsberg am Lech,Obermeitingen,86836,1767,9.93,48.146884,10.806325
091815140134,Bayern,Landsberg am Lech,Prittriching,86931,2630,25.37,48.204133,10.928375
091815140138,Bayern,Landsberg am Lech,Scheuring,86937,1984,21.26,48.169958,10.89664
091815141124,Bayern,Landsberg am Lech,Hofstetten,86928,1842,17.02,48.008676,10.973051
091815141140,Bayern,Landsberg am Lech,Schwifting,86940,1041,11.45,48.047477,10.928301
091815141141,Bayern,Landsberg am Lech,Pürgen,86932,3740,21.99,48.027501,10.919469
091815142111,Bayern,Landsberg am Lech,Apfeldorf,86974,1240,12.31,47.895579,10.92837
091815142129,Bayern,Landsberg am Lech,Kinsau,86981,1062,11.45,47.877716,10.9085
091815142133,Bayern,Landsberg am Lech,Vilgertshofen,86946,2856,27.1,47.951279,10.918058
091815142135,Bayern,Landsberg am Lech,Reichling,86934,1754,23.26,47.924402,10.926698
091815142137,Bayern,Landsberg am Lech,Rott,86935,1727,19.75,47.906166,10.970729
091815142142,Bayern,Landsberg am Lech,Thaining,86943,1087,8.7,47.972473,10.959694
091815143115,Bayern,Landsberg am Lech,Eching am Ammersee,82279,1634,6.24,48.080538,11.114626
091815143123,Bayern,Landsberg am Lech,Greifenberg,86926,2137,8.2,48.07061,11.083385
091815143139,Bayern,Landsberg am Lech,Schondorf am Ammersee,86938,3770,6.59,48.05274,11.09193
091815144118,Bayern,Landsberg am Lech,Eresing,86922,2080,14.22,48.085367,11.022605
091815144120,Bayern,Landsberg am Lech,Finning,86923,1934,23.34,48.020779,11.012318
091815144146,Bayern,Landsberg am Lech,Windach,86949,3772,24.84,48.06708,11.035183
091819451451,Bayern,Landsberg am Lech,Ammersee,,0,47.4,48.002198,11.124783
091820111111,Bayern,Miesbach,Bad Wiessee,83707,4783,32.78,47.712577,11.725573
091820112112,Bayern,Miesbach,Bayrischzell,83735,1577,79.45,47.673874,12.013715
091820114114,Bayern,Miesbach,Fischbachau,83730,5550,75.82,47.71941,11.950751
091820116116,Bayern,Miesbach,Gmund a.Tegernsee,83703,5749,34.42,47.750896,11.738468
091820119119,Bayern,Miesbach,Hausham,83734,8152,22.29,47.752233,11.836996
091820120120,Bayern,Miesbach,"Holzkirchen, M",83607,16187,48.24,47.881423,11.697732
091820123123,Bayern,Miesbach,Irschenberg,83737,3280,53.91,47.83423,11.918716
091820124124,Bayern,Miesbach,Kreuth,83708,3378,122.26,47.641812,11.744271
091820125125,Bayern,Miesbach,"Miesbach, St",83714,11334,32.44,47.788844,11.834173
091820127127,Bayern,Miesbach,Otterfing,83624,4619,21.15,47.908713,11.675542
091820129129,Bayern,Miesbach,Rottach-Egern,83700,5492,59.12,47.688923,11.765587
091820131131,Bayern,Miesbach,"Schliersee, M",83727,6668,79.14,47.737233,11.859528
091820132132,Bayern,Miesbach,"Tegernsee, St",83684,3538,22.74,47.70869,11.757111
091820133133,Bayern,Miesbach,Valley,83626,3380,42.18,47.888874,11.768215
091820134134,Bayern,Miesbach,Waakirchen,83666,5406,42.32,47.770794,11.674921
091820136136,Bayern,Miesbach,Warngau,83627,4095,51.25,47.832063,11.721817
091820137137,Bayern,Miesbach,Weyarn,83629,3736,46.7,47.857561,11.801372
091830112112,Bayern,Mühldorf a.Inn,Ampfing,84539,7197,31.13,48.25513,12.418033
091830113113,Bayern,Mühldorf a.Inn,Aschau a.Inn,84544,3274,20.76,48.197933,12.348732
091830114114,Bayern,Mühldorf a.Inn,"Buchbach, M",84428,3386,28.79,48.30976,12.27153
091830119119,Bayern,Mühldorf a.Inn,"Haag i.OB, M",83527,6541,20.37,48.161682,12.182297
091830127127,Bayern,Mühldorf a.Inn,Mettenheim,84562,3686,27.22,48.265857,12.465496
091830128128,Bayern,Mühldorf a.Inn,"Mühldorf a.Inn, St",84453,22624,29.42,48.241864,12.524963
091830135135,Bayern,Mühldorf a.Inn,Obertaufkirchen,84419,2733,31.65,48.261515,12.279353
091830144144,Bayern,Mühldorf a.Inn,Schwindegg,84419,3461,20.77,48.272224,12.257304
091830148148,Bayern,Mühldorf a.Inn,"Waldkraiburg, St",84478,25851,21.56,48.208301,12.400382
091835145120,Bayern,Mühldorf a.Inn,Heldenstein,84431,2813,19.85,48.241755,12.36415
091835145138,Bayern,Mühldorf a.Inn,Rattenkirchen,84431,1075,19.87,48.240752,12.312618
091835146118,Bayern,Mühldorf a.Inn,"Gars a.Inn, M",83536,4026,43.65,48.155168,12.275118
091835146147,Bayern,Mühldorf a.Inn,Unterreit,83567,1754,32.21,48.119453,12.333662
091835147123,Bayern,Mühldorf a.Inn,Kirchdorf,83527,1338,21.03,48.175555,12.195986
091835147140,Bayern,Mühldorf a.Inn,Reichertsheim,84437,1729,31.37,48.198249,12.28674
091835148122,Bayern,Mühldorf a.Inn,Jettenbach,84555,782,9.18,48.169593,12.382539
091835148124,Bayern,Mühldorf a.Inn,"Kraiburg a.Inn, M",84559,4001,27.55,48.183513,12.427777
091835148145,Bayern,Mühldorf a.Inn,Taufkirchen,84574,1389,25.33,48.149216,12.456733
091835149115,Bayern,Mühldorf a.Inn,Egglkofen,84546,1375,13.98,48.395498,12.450509
091835149129,Bayern,Mühldorf a.Inn,"Neumarkt-Sankt Veit, St",84494,6408,61.07,48.361946,12.508258
091835150125,Bayern,Mühldorf a.Inn,Lohkirchen,84494,833,14.94,48.310318,12.445837
091835150132,Bayern,Mühldorf a.Inn,Oberbergkirchen,84564,1766,27.52,48.305288,12.386144
091835150143,Bayern,Mühldorf a.Inn,Schönberg,84573,1121,25.33,48.342424,12.440116
091835150151,Bayern,Mühldorf a.Inn,Zangberg,84539,1162,9.83,48.274482,12.424421
091835151134,Bayern,Mühldorf a.Inn,Oberneukirchen,84565,829,19.6,48.172963,12.51971
091835151136,Bayern,Mühldorf a.Inn,Polling,84570,3324,43.85,48.215202,12.559147
091835152116,Bayern,Mühldorf a.Inn,Erharting,84513,1005,13.68,48.281024,12.574744
091835152130,Bayern,Mühldorf a.Inn,Niederbergkirchen,84494,1217,24.7,48.312607,12.50617
091835152131,Bayern,Mühldorf a.Inn,Niedertaufkirchen,84494,1431,26.69,48.329651,12.547967
091835183126,Bayern,Mühldorf a.Inn,Maitenbeth,83558,2076,30.96,48.150129,12.092587
091835183139,Bayern,Mühldorf a.Inn,Rechtmehring,83562,2107,24.39,48.124976,12.160496
091839451451,Bayern,Mühldorf a.Inn,Mühldorfer Hart,,0,7.12,48.223334,12.432375
091840112112,Bayern,München,Aschheim,85609,8998,28.05,48.171014,11.71681
091840113113,Bayern,München,Baierbrunn,82065,3338,7.21,48.019582,11.486944
091840114114,Bayern,München,Brunnthal,85649,5500,37.95,48.006711,11.684307
091840118118,Bayern,München,Feldkirchen,85622,7720,6.41,48.147036,11.729618
091840119119,Bayern,München,"Garching b.München, St",85748,17729,28.17,48.249173,11.65188
091840120120,Bayern,München,Gräfelfing,82166,13395,9.58,48.117816,11.431034
091840121121,Bayern,München,Grasbrunn,85630,6511,26.39,48.079074,11.743559
091840122122,Bayern,München,Grünwald,82031,11175,7.63,48.039574,11.522716
091840123123,Bayern,München,"Haar, St",85540,22934,12.9,48.109938,11.728428
091840127127,Bayern,München,Höhenkirchen-Siegertsbrunn,85635,11043,23.77,48.01942,11.712037
091840129129,Bayern,München,Hohenbrunn,85662,8951,18.58,48.048186,11.702249
091840130130,Bayern,München,Ismaning,85737,18038,40.19,48.225107,11.670834
091840131131,Bayern,München,Kirchheim b.München,85551,13708,15.5,48.176569,11.755421
091840132132,Bayern,München,Neuried,82061,8790,9.62,48.093116,11.465823
091840134134,Bayern,München,Oberhaching,82035,13231,33.06,48.026481,11.589825
091840135135,Bayern,München,Oberschleißheim,85764,11926,30.32,48.250998,11.551194
091840136136,Bayern,München,Ottobrunn,85521,22729,5.23,48.065189,11.660837
091840137137,Bayern,München,Aying,85653,5595,56.56,47.970734,11.777479
091840138138,Bayern,München,Planegg,82152,11043,10.68,48.105815,11.424579
091840139139,Bayern,München,Pullach i.Isartal,82049,8545,7.4,48.057124,11.522441
091840140140,Bayern,München,Putzbrunn,85640,7010,11.17,48.075393,11.715844
091840141141,Bayern,München,Sauerlach,82054,7991,56.95,47.971744,11.653905
091840142142,Bayern,München,Schäftlarn,82069,5830,16.72,47.989964,11.458206
091840144144,Bayern,München,Straßlach-Dingharting,82064,3250,28.34,48.004832,11.514198
091840145145,Bayern,München,Taufkirchen,82024,18130,22.0,48.042092,11.622057
091840146146,Bayern,München,Neubiberg,85579,14351,5.77,48.074726,11.677118
091840147147,Bayern,München,Unterföhring,85774,11729,12.79,48.192162,11.640513
091840148148,Bayern,München,Unterhaching,82008,26611,10.37,48.065859,11.617404
091840149149,Bayern,München,"Unterschleißheim, St",85716,28193,14.93,48.277306,11.577905
091849452452,Bayern,München,Forstenrieder Park,,0,37.09,48.048272,11.459224
091849454454,Bayern,München,Grünwalder Forst,,0,19.57,48.020682,11.523738
091849457457,Bayern,München,Perlacher Forst,,0,13.36,48.068937,11.575704
091850113113,Bayern,Neuburg-Schrobenhausen,Aresing,86561,3099,29.9,48.531075,11.297536
091850125125,Bayern,Neuburg-Schrobenhausen,"Burgheim, M",86666,4656,49.73,48.700562,11.016204
091850127127,Bayern,Neuburg-Schrobenhausen,Ehekirchen,86676,3674,62.78,48.637944,11.105443
091850139139,Bayern,Neuburg-Schrobenhausen,Karlshuld,86668,5972,29.09,48.682264,11.286999
091850140140,Bayern,Neuburg-Schrobenhausen,Karlskron,85123,5159,38.52,48.67737,11.4132
091850149149,Bayern,Neuburg-Schrobenhausen,"Neuburg a.d.Donau, GKSt",86633,30039,81.29,48.736677,11.177543
091850150150,Bayern,Neuburg-Schrobenhausen,Oberhausen,86697,3231,32.0,48.719613,11.109004
091850153153,Bayern,Neuburg-Schrobenhausen,"Rennertshofen, M",86643,4835,93.11,48.757425,11.046294
091850158158,Bayern,Neuburg-Schrobenhausen,"Schrobenhausen, St",86529,17916,75.26,48.561245,11.264967
091850163163,Bayern,Neuburg-Schrobenhausen,Königsmoos,86669,4931,40.83,48.654756,11.203512
091850168168,Bayern,Neuburg-Schrobenhausen,Weichering,86706,2395,24.59,48.717063,11.319237
091855154118,Bayern,Neuburg-Schrobenhausen,Bergheim,86673,2029,28.92,48.761568,11.256281
091855154157,Bayern,Neuburg-Schrobenhausen,Rohrenfels,86701,1636,17.53,48.687315,11.155356
091855155116,Bayern,Neuburg-Schrobenhausen,Berg im Gau,86562,1401,22.59,48.636107,11.244861
091855155123,Bayern,Neuburg-Schrobenhausen,Brunnen,86564,1841,32.14,48.629701,11.307753
091855155131,Bayern,Neuburg-Schrobenhausen,Gachenbach,86565,2624,30.25,48.498479,11.239123
091855155143,Bayern,Neuburg-Schrobenhausen,Langenmosen,86571,1674,23.88,48.606896,11.210488
091855155166,Bayern,Neuburg-Schrobenhausen,Waidhofen,86579,2317,27.32,48.579092,11.336307
091860113113,Bayern,Pfaffenhofen a.d.Ilm,Baar-Ebenhausen,85107,5554,14.79,48.677642,11.47636
091860125125,Bayern,Pfaffenhofen a.d.Ilm,Gerolsbach,85302,3833,58.98,48.494154,11.359714
091860128128,Bayern,Pfaffenhofen a.d.Ilm,"Hohenwart, M",86558,4886,52.22,48.593242,11.382671
091860132132,Bayern,Pfaffenhofen a.d.Ilm,Jetzendorf,85305,3116,21.74,48.434134,11.419839
091860137137,Bayern,Pfaffenhofen a.d.Ilm,"Manching, M",85077,12958,35.43,48.717091,11.492969
091860139139,Bayern,Pfaffenhofen a.d.Ilm,Münchsmünster,85126,3264,16.22,48.764773,11.69025
091860143143,Bayern,Pfaffenhofen a.d.Ilm,"Pfaffenhofen a.d.Ilm, St",85276,27228,92.63,48.529783,11.503851
091860146146,Bayern,Pfaffenhofen a.d.Ilm,Reichertshausen,85293,5142,23.64,48.466257,11.50765
091860149149,Bayern,Pfaffenhofen a.d.Ilm,Rohrbach,85296,6136,29.62,48.613775,11.563034
091860151151,Bayern,Pfaffenhofen a.d.Ilm,Scheyern,85298,4883,38.29,48.499525,11.453122
091860152152,Bayern,Pfaffenhofen a.d.Ilm,Schweitenkirchen,85301,5595,53.0,48.505306,11.606207
091860158158,Bayern,Pfaffenhofen a.d.Ilm,"Vohburg a.d.Donau, St",85088,8828,45.17,48.768066,11.619089
091860162162,Bayern,Pfaffenhofen a.d.Ilm,"Wolnzach, M",85283,11520,91.5,48.603872,11.627682
091865156116,Bayern,Pfaffenhofen a.d.Ilm,Ernsgaden,85119,1813,7.5,48.732291,11.575909
091865156122,Bayern,Pfaffenhofen a.d.Ilm,"Geisenfeld, St",85290,11642,88.3,48.684143,11.612053
091865157126,Bayern,Pfaffenhofen a.d.Ilm,Hettenshausen,85276,2139,18.6,48.500628,11.504584
091865157130,Bayern,Pfaffenhofen a.d.Ilm,Ilmmünster,85304,2193,13.89,48.486776,11.501701
091865158144,Bayern,Pfaffenhofen a.d.Ilm,Pörnbach,85309,2215,22.63,48.615958,11.460421
091865158147,Bayern,Pfaffenhofen a.d.Ilm,"Reichertshofen, M",85084,8134,36.89,48.657589,11.466741
091870113113,Bayern,Rosenheim,Amerang,83123,3834,39.8,47.990939,12.308485
091870114114,Bayern,Rosenheim,Aschau i.Chiemgau,83229,5439,79.59,47.777656,12.324478
091870116116,Bayern,Rosenheim,Babensham,83547,3145,54.31,48.083672,12.264331
091870117117,Bayern,Rosenheim,"Bad Aibling, St",83043,18575,41.4,47.863583,12.010474
091870118118,Bayern,Rosenheim,Bernau a.Chiemsee,83233,6901,26.68,47.811654,12.374087
091870120120,Bayern,Rosenheim,Brannenburg,83098,6584,33.67,47.741567,12.103075
091870122122,Bayern,Rosenheim,"Bruckmühl, M",83052,16992,50.21,47.882922,11.914526
091870124124,Bayern,Rosenheim,Edling,83533,4281,20.03,48.055944,12.164947
091870125125,Bayern,Rosenheim,Eggstätt,83125,2831,24.29,47.926029,12.380291
091870126126,Bayern,Rosenheim,Eiselfing,83549,3314,34.89,48.040888,12.241445
091870128128,Bayern,Rosenheim,"Bad Endorf, M",83093,8207,40.1,47.908862,12.298542
091870129129,Bayern,Rosenheim,Bad Feilnbach,83075,8245,57.49,47.773292,12.008173
091870130130,Bayern,Rosenheim,Feldkirchen-Westerham,83620,10716,53.24,47.909454,11.84456
091870131131,Bayern,Rosenheim,Flintsbach a.Inn,83126,2924,31.3,47.723091,12.125282
091870132132,Bayern,Rosenheim,Frasdorf,83112,2942,32.71,47.802277,12.285333
091870134134,Bayern,Rosenheim,Griesstätt,83556,2758,29.53,47.994125,12.178432
091870137137,Bayern,Rosenheim,Großkarolinenfeld,83109,7418,29.07,47.89094,12.080829
091870142142,Bayern,Rosenheim,Schechen,83135,5380,31.53,47.929188,12.123345
091870148148,Bayern,Rosenheim,Kiefersfelden,83088,6443,36.74,47.614695,12.188472
091870150150,Bayern,Rosenheim,"Kolbermoor, St",83059,19149,19.83,47.85111,12.060928
091870154154,Bayern,Rosenheim,"Neubeuern, M",83115,4130,15.32,47.773817,12.139859
091870156156,Bayern,Rosenheim,Nußdorf a.Inn,83131,2545,28.56,47.742574,12.156562
091870157157,Bayern,Rosenheim,Oberaudorf,83080,5128,59.29,47.648794,12.171952
091870162162,Bayern,Rosenheim,"Prien a.Chiemsee, M",83209,10949,20.7,47.856488,12.347776
091870163163,Bayern,Rosenheim,Prutting,83134,2918,16.22,47.893114,12.202651
091870165165,Bayern,Rosenheim,Raubling,83064,10862,44.27,47.788763,12.108526
091870167167,Bayern,Rosenheim,Riedering,83083,5623,37.95,47.838422,12.207694
091870168168,Bayern,Rosenheim,Rimsting,83253,3756,20.0,47.880357,12.337335
091870169169,Bayern,Rosenheim,Rohrdorf,83101,5835,28.65,47.796994,12.170017
091870172172,Bayern,Rosenheim,Samerberg,83122,2823,33.4,47.781501,12.212482
091870174174,Bayern,Rosenheim,Söchtenau,83139,2676,25.62,47.931507,12.2295
091870176176,Bayern,Rosenheim,Soyen,83564,2947,28.96,48.109206,12.208595
091870177177,Bayern,Rosenheim,Stephanskirchen,83071,10695,26.51,47.854144,12.186066
091870179179,Bayern,Rosenheim,Tuntenhausen,83104,7109,68.99,47.935796,12.016415
091870181181,Bayern,Rosenheim,Vogtareuth,83569,3097,34.24,47.946771,12.180954
091870182182,Bayern,Rosenheim,"Wasserburg a.Inn, St",83512,12371,18.8,48.060937,12.232253
091875160121,Bayern,Rosenheim,Breitbrunn a.Chiemsee,83254,1439,8.12,47.889886,12.40036
091875160123,Bayern,Rosenheim,Chiemsee,83256,141,2.57,47.874132,12.426795
091875160138,Bayern,Rosenheim,Gstadt a.Chiemsee,83257,1141,10.7,47.884326,12.41829
091875162139,Bayern,Rosenheim,Halfing,83128,2692,22.79,47.951852,12.276636
091875162145,Bayern,Rosenheim,Höslwang,83129,1189,16.18,47.954333,12.329632
091875162173,Bayern,Rosenheim,Schonstett,83137,1411,13.6,47.982988,12.241296
091875165164,Bayern,Rosenheim,Ramerberg,83561,1422,8.09,48.017756,12.143714
091875165170,Bayern,Rosenheim,Rott a.Inn,83543,4104,19.57,47.983204,12.127646
091875184159,Bayern,Rosenheim,Pfaffing,83539,4008,35.35,48.05523,12.109178
091875184186,Bayern,Rosenheim,Albaching,83544,1735,18.18,48.1108,12.110817
091879451451,Bayern,Rosenheim,Rotter Forst-Nord,,0,7.33,47.963362,12.094872
091879452452,Bayern,Rosenheim,Rotter Forst-Süd,,0,3.04,47.95304,12.078374
091880113113,Bayern,Starnberg,Berg,82335,8128,36.63,47.966594,11.356187
091880117117,Bayern,Starnberg,Andechs,82346,3798,40.43,47.966991,11.184792
091880118118,Bayern,Starnberg,Feldafing,82340,4349,9.15,47.950499,11.295849
091880120120,Bayern,Starnberg,Gauting,82131,21684,55.5,48.069152,11.37745
091880121121,Bayern,Starnberg,Gilching,82205,19159,31.5,48.104111,11.288194
091880124124,Bayern,Starnberg,Herrsching a.Ammersee,82211,11186,20.88,47.998832,11.177104
091880126126,Bayern,Starnberg,Inning a.Ammersee,82266,4801,24.42,48.076283,11.15189
091880127127,Bayern,Starnberg,Krailling,82142,7797,15.99,48.097164,11.409622
091880132132,Bayern,Starnberg,Seefeld,82229,7660,34.85,48.032146,11.205505
091880137137,Bayern,Starnberg,Pöcking,82341,5618,20.96,47.965974,11.300241
091880139139,Bayern,Starnberg,"Starnberg, St",82319,24602,61.85,47.996607,11.33837
091880141141,Bayern,Starnberg,Tutzing,82327,10054,35.65,47.911374,11.278249
091880144144,Bayern,Starnberg,Weßling,82234,5585,22.6,48.07449,11.248257
091880145145,Bayern,Starnberg,Wörthsee,82237,5288,20.42,48.080105,11.194269
091889451451,Bayern,Starnberg,Starnberger See,,0,56.88,47.900445,11.316653
091890111111,Bayern,Traunstein,Altenmarkt a.d.Alz,83352,4124,26.1,48.000956,12.534485
091890114114,Bayern,Traunstein,Chieming,83339,4781,37.73,47.893353,12.536018
091890115115,Bayern,Traunstein,Engelsberg,84549,2506,34.18,48.1164,12.54315
091890118118,Bayern,Traunstein,Fridolfing,83413,4313,44.22,47.998322,12.827125
091890119119,Bayern,Traunstein,Grabenstätt,83355,4305,37.81,47.842655,12.541638
091890120120,Bayern,Traunstein,"Grassau, M",83219,6963,35.78,47.779403,12.451147
091890124124,Bayern,Traunstein,Inzell,83334,4668,45.35,47.762533,12.748835
091890127127,Bayern,Traunstein,Kirchanschöring,83417,3332,25.23,47.95282,12.837565
091890130130,Bayern,Traunstein,Nußdorf,83365,2346,16.12,47.905326,12.59593
091890134134,Bayern,Traunstein,Palling,83349,3513,53.84,48.000851,12.63946
091890135135,Bayern,Traunstein,Petting,83367,2232,29.92,47.912089,12.816216
091890139139,Bayern,Traunstein,Reit im Winkl,83242,2182,70.98,47.677182,12.469096
091890140140,Bayern,Traunstein,Ruhpolding,83324,6819,147.83,47.763707,12.645429
091890141141,Bayern,Traunstein,Schleching,83259,1747,45.17,47.720215,12.396406
091890142142,Bayern,Traunstein,Schnaitsee,83530,3726,61.14,48.070544,12.371168
091890143143,Bayern,Traunstein,Seeon-Seebruck,83358,4537,47.93,47.936462,12.477435
091890145145,Bayern,Traunstein,Siegsdorf,83313,8318,57.0,47.820981,12.641761
091890148148,Bayern,Traunstein,Surberg,83362,3203,23.71,47.861992,12.705961
091890149149,Bayern,Traunstein,Tacherting,83342,5647,50.24,48.078082,12.56919
091890152152,Bayern,Traunstein,"Tittmoning, St",84529,5744,72.01,48.060438,12.768954
091890154154,Bayern,Traunstein,"Traunreut, St",83294,20381,45.06,47.961596,12.593399
091890155155,Bayern,Traunstein,"Traunstein, GKSt",83278,20977,48.57,47.868787,12.647604
091890157157,Bayern,Traunstein,"Trostberg, St",83308,11442,51.55,48.027285,12.557057
091890159159,Bayern,Traunstein,Übersee,83236,5042,30.53,47.821277,12.484208
091890160160,Bayern,Traunstein,Unterwössen,83243,3622,41.28,47.737745,12.457864
091895166113,Bayern,Traunstein,Bergen,83346,4609,36.9,47.80697,12.590133
091895166161,Bayern,Traunstein,Vachendorf,83377,1750,9.96,47.841566,12.606891
091895169129,Bayern,Traunstein,Marquartstein,83250,3014,13.4,47.75718,12.462445
091895169146,Bayern,Traunstein,Staudach-Egerndach,83224,1109,19.34,47.779816,12.48036
091895170126,Bayern,Traunstein,Kienberg,83361,1378,22.83,48.036232,12.462379
091895170133,Bayern,Traunstein,Obing,83119,4405,43.75,48.000748,12.407264
091895170137,Bayern,Traunstein,Pittenhart,83132,1903,27.91,47.975844,12.389641
091895173150,Bayern,Traunstein,Taching a.See,83373,2085,26.75,47.96139,12.724982
091895173162,Bayern,Traunstein,"Waging a.See, M",83329,7036,48.86,47.933222,12.734017
091895173165,Bayern,Traunstein,Wonneberg,83379,1560,18.01,47.914614,12.719085
091899451451,Bayern,Traunstein,Chiemsee (See),,0,77.76,47.877175,12.451653
091899452452,Bayern,Traunstein,Waginger See,,0,8.99,47.941627,12.771671
091900115115,Bayern,Weilheim-Schongau,Bernried am Starnberger See,82347,2406,13.8,47.867336,11.292575
091900130130,Bayern,Weilheim-Schongau,Hohenpeißenberg,82383,3845,20.54,47.794447,11.006471
091900138138,Bayern,Weilheim-Schongau,Pähl,82396,2531,32.22,47.904976,11.176312
091900139139,Bayern,Weilheim-Schongau,"Peißenberg, M",82380,13154,32.69,47.804848,11.071958
091900140140,Bayern,Weilheim-Schongau,"Peiting, M",86971,11773,75.11,47.7939,10.927056
091900141141,Bayern,Weilheim-Schongau,"Penzberg, St",82377,17246,25.73,47.751761,11.376279
091900142142,Bayern,Weilheim-Schongau,Polling,82398,3635,29.2,47.811428,11.133084
091900144144,Bayern,Weilheim-Schongau,Raisting,82399,2374,21.98,47.912549,11.108553
091900148148,Bayern,Weilheim-Schongau,"Schongau, St",86956,12676,21.34,47.813096,10.896888
091900157157,Bayern,Weilheim-Schongau,"Weilheim i.OB, St",82362,23406,55.5,47.839999,11.144997
091900158158,Bayern,Weilheim-Schongau,Wessobrunn,82405,2190,51.1,47.874177,11.023972
091900159159,Bayern,Weilheim-Schongau,Wielenbach,82407,3436,33.02,47.874594,11.157836
091905174111,Bayern,Weilheim-Schongau,Altenstadt,86972,3272,18.65,47.82328,10.872239
091905174129,Bayern,Weilheim-Schongau,Hohenfurch,86978,1733,12.39,47.849139,10.897689
091905174133,Bayern,Weilheim-Schongau,Ingenried,86980,1116,17.44,47.814295,10.782169
091905174149,Bayern,Weilheim-Schongau,Schwabbruck,86986,1012,7.32,47.826419,10.836155
091905174151,Bayern,Weilheim-Schongau,Schwabsoien,86987,1433,16.99,47.834659,10.831321
091905175114,Bayern,Weilheim-Schongau,Bernbeuren,86975,2407,41.65,47.737853,10.77807
091905175118,Bayern,Weilheim-Schongau,Burggen,86977,1743,24.95,47.778049,10.817667
091905176113,Bayern,Weilheim-Schongau,Antdorf,82387,1352,22.38,47.749411,11.308407
091905176126,Bayern,Weilheim-Schongau,Habach,82392,1166,12.15,47.729306,11.281287
091905176136,Bayern,Weilheim-Schongau,Obersöchering,82395,1563,24.27,47.735505,11.220229
091905176153,Bayern,Weilheim-Schongau,Sindelsdorf,82404,1189,17.5,47.724777,11.334112
091905177120,Bayern,Weilheim-Schongau,Eberfing,82390,1522,25.93,47.796415,11.200893
091905177121,Bayern,Weilheim-Schongau,Eglfing,82436,1199,16.16,47.734087,11.178794
091905177131,Bayern,Weilheim-Schongau,Huglfing,82386,2869,24.36,47.769223,11.156424
091905177135,Bayern,Weilheim-Schongau,Oberhausen,82386,2139,14.91,47.778332,11.130637
091905178117,Bayern,Weilheim-Schongau,Böbing,82389,1911,40.31,47.755052,10.988146
091905178145,Bayern,Weilheim-Schongau,Rottenbuch,82401,1847,31.48,47.732472,10.964274
091905179132,Bayern,Weilheim-Schongau,Iffeldorf,82393,2707,27.59,47.771539,11.323047
091905179152,Bayern,Weilheim-Schongau,Seeshaupt,82402,3116,29.97,47.825031,11.301075
091905180143,Bayern,Weilheim-Schongau,Prem,86984,946,15.93,47.678317,10.80441
091905180154,Bayern,Weilheim-Schongau,Steingaden,86989,2965,64.05,47.700634,10.859758
091905180160,Bayern,Weilheim-Schongau,Wildsteig,82409,1362,47.67,47.7019,10.933943
092610000000,Bayern,Landshut,Landshut,84026,71922,65.83,48.536978,12.152143
092620000000,Bayern,Passau,Passau,94030,53523,69.56,48.572926,13.458449
092630000000,Bayern,Straubing,Straubing,94315,49061,67.59,48.881802,12.56951
092710111111,Bayern,Deggendorf,Aholming,94527,2363,29.35,48.735154,12.911626
092710113113,Bayern,Deggendorf,Auerbach,94530,2120,24.07,48.803259,13.099909
092710116116,Bayern,Deggendorf,Bernried,94505,4815,39.48,48.917177,12.882786
092710119119,Bayern,Deggendorf,"Deggendorf, GKSt",94469,35166,77.14,48.842204,12.960122
092710122122,Bayern,Deggendorf,Grafling,94539,2708,46.32,48.894539,12.97438
092710125125,Bayern,Deggendorf,"Hengersberg, M",94491,7709,45.81,48.773446,13.051305
092710127127,Bayern,Deggendorf,Iggensbach,94547,2221,19.08,48.728394,13.140134
092710128128,Bayern,Deggendorf,Künzing,94550,3271,40.36,48.668541,13.078295
092710132132,Bayern,Deggendorf,"Metten, M",94526,4263,11.95,48.855591,12.915447
092710138138,Bayern,Deggendorf,Niederalteich,94557,1748,9.97,48.766264,13.025711
092710140140,Bayern,Deggendorf,Offenberg,94560,3371,23.76,48.862096,12.863046
092710141141,Bayern,Deggendorf,"Osterhofen, St",94486,12073,111.16,48.699902,13.022845
092710146146,Bayern,Deggendorf,"Plattling, St",94447,13296,35.9,48.776597,12.873601
092710151151,Bayern,Deggendorf,Stephansposching,94569,3202,44.64,48.816699,12.802444
092710153153,Bayern,Deggendorf,"Winzer, M",94577,3803,27.62,48.72277,13.076889
092715202123,Bayern,Deggendorf,Grattersdorf,94541,1343,25.98,48.803644,13.15342
092715202126,Bayern,Deggendorf,Hunding,94551,1165,14.67,48.84269,13.178538
092715202130,Bayern,Deggendorf,Lalling,94551,1630,27.92,48.845214,13.14067
092715202148,Bayern,Deggendorf,Schaufling,94571,1495,25.39,48.843583,13.067291
092715204139,Bayern,Deggendorf,Oberpöring,94562,1205,17.39,48.702125,12.825482
092715204143,Bayern,Deggendorf,Otzing,94563,1988,30.43,48.759761,12.808567
092715204152,Bayern,Deggendorf,Wallerfing,94574,1282,20.76,48.684111,12.880439
092715205118,Bayern,Deggendorf,Buchhofen,94533,995,15.74,48.697884,12.924025
092715205135,Bayern,Deggendorf,Moos,94554,2373,32.25,48.751767,12.962174
092715206114,Bayern,Deggendorf,Außernzell,94532,1528,24.11,48.724086,13.204294
092715206149,Bayern,Deggendorf,"Schöllnach, M",94508,4753,39.9,48.754839,13.17897
092720118118,Bayern,Freyung-Grafenau,"Freyung, St",94078,7059,48.63,48.808968,13.54759
092720120120,Bayern,Freyung-Grafenau,"Grafenau, St",94475,8171,63.73,48.85871,13.397607
092720121121,Bayern,Freyung-Grafenau,Grainet,94143,2475,36.12,48.795987,13.654265
092720122122,Bayern,Freyung-Grafenau,Haidmühle,94145,1345,21.03,48.827989,13.774766
092720127127,Bayern,Freyung-Grafenau,Hohenau,94545,3280,43.1,48.85085,13.489842
092720129129,Bayern,Freyung-Grafenau,Jandelsbrunn,94118,3361,42.38,48.730343,13.689597
092720134134,Bayern,Freyung-Grafenau,Mauth,94151,2021,28.88,48.886921,13.583912
092720136136,Bayern,Freyung-Grafenau,Neureichenau,94089,4240,46.38,48.748508,13.747539
092720140140,Bayern,Freyung-Grafenau,Ringelai,94160,1878,16.37,48.812779,13.471559
092720141141,Bayern,Freyung-Grafenau,"Röhrnbach, M",94133,4291,40.62,48.740217,13.522967
092720142142,Bayern,Freyung-Grafenau,Saldenburg,94163,2002,28.04,48.773291,13.356102
092720143143,Bayern,Freyung-Grafenau,Sankt Oswald-Riedlhütte,94568,2903,40.34,48.891752,13.428539
092720146146,Bayern,Freyung-Grafenau,Neuschönau,94556,2193,27.51,48.88417,13.477901
092720149149,Bayern,Freyung-Grafenau,Spiegelau,94518,3892,47.03,48.915875,13.355948
092720151151,Bayern,Freyung-Grafenau,"Waldkirchen, St",94065,11326,80.01,48.730908,13.599855
092725211116,Bayern,Freyung-Grafenau,Eppenschlag,94536,924,17.03,48.889443,13.29973
092725211128,Bayern,Freyung-Grafenau,Innernzell,94548,1507,22.12,48.851421,13.275329
092725211145,Bayern,Freyung-Grafenau,Schöfweg,94572,1338,19.02,48.839337,13.228763
092725211147,Bayern,Freyung-Grafenau,"Schönberg, M",94513,3912,32.75,48.840416,13.337545
092725212126,Bayern,Freyung-Grafenau,Hinterschmiding,94146,2400,21.03,48.823037,13.601129
092725212139,Bayern,Freyung-Grafenau,Philippsreut,94158,622,10.22,48.865539,13.676821
092725213150,Bayern,Freyung-Grafenau,Thurmansbang,94169,2507,32.93,48.765029,13.316354
092725213152,Bayern,Freyung-Grafenau,Zenting,94579,1148,22.25,48.792388,13.258997
092725214119,Bayern,Freyung-Grafenau,Fürsteneck,94142,817,10.43,48.717984,13.46234
092725214138,Bayern,Freyung-Grafenau,"Perlesreut, M",94157,2829,29.73,48.77936,13.441289
092729451451,Bayern,Freyung-Grafenau,Annathaler Wald,,0,10.41,48.892841,13.626976
092729452452,Bayern,Freyung-Grafenau,Frauenberger u. Duschlberger Wald,,0,21.05,48.806366,13.729055
092729453453,Bayern,Freyung-Grafenau,Graineter Wald,,0,6.59,48.817889,13.69078
092729455455,Bayern,Freyung-Grafenau,Leopoldsreuter Wald,,0,14.79,48.840821,13.717361
092729456456,Bayern,Freyung-Grafenau,Mauther Forst,,0,24.63,48.955865,13.541194
092729457457,Bayern,Freyung-Grafenau,Philippsreuter Wald,,0,3.01,48.871812,13.706691
092729458458,Bayern,Freyung-Grafenau,Pleckensteiner Wald,,0,12.99,48.770801,13.791673
092729459459,Bayern,Freyung-Grafenau,Sankt Oswald,,0,12.15,48.93976,13.437353
092729460460,Bayern,Freyung-Grafenau,Schlichtenberger Wald,,0,17.8,48.856451,13.655603
092729461461,Bayern,Freyung-Grafenau,Schönbrunner Wald,,0,21.3,48.915094,13.533513
092729463463,Bayern,Freyung-Grafenau,Waldhäuserwald,,0,11.47,48.939293,13.478265
092730111111,Bayern,Kelheim,"Abensberg, St",93326,15254,60.26,48.81553,11.848622
092730116116,Bayern,Kelheim,"Bad Abbach, M",93077,12427,55.26,48.9363,12.041619
092730137137,Bayern,Kelheim,"Kelheim, St",93309,17108,120.08,48.919056,11.869879
092730147147,Bayern,Kelheim,"Mainburg, St",84048,15279,61.54,48.640936,11.779914
092730152152,Bayern,Kelheim,"Neustadt a.d.Donau, St",93333,14891,93.53,48.80909,11.763524
092730159159,Bayern,Kelheim,"Painten, M",93351,2313,36.89,48.996745,11.81492
092730164164,Bayern,Kelheim,"Riedenburg, St",93339,6055,100.3,48.961889,11.682911
092730165165,Bayern,Kelheim,"Rohr i.NB, M",93352,3495,54.12,48.768107,11.972089
092735215121,Bayern,Kelheim,"Essing, M",93343,1114,17.32,48.933274,11.79268
092735215133,Bayern,Kelheim,Ihrlerstein,93346,4154,23.03,48.940788,11.861126
092735216166,Bayern,Kelheim,Saal a.d.Donau,93342,5759,44.01,48.900521,11.928009
092735216175,Bayern,Kelheim,Teugn,93356,1723,17.07,48.893211,12.012397
092735217125,Bayern,Kelheim,Hausen,93345,2315,34.59,48.857489,12.006111
092735217127,Bayern,Kelheim,Herrngiersdorf,84097,1438,25.07,48.790009,12.065933
092735217141,Bayern,Kelheim,"Langquaid, M",84085,5931,56.77,48.823679,12.051748
092735218119,Bayern,Kelheim,Biburg,93354,1381,14.2,48.790495,11.852586
092735218139,Bayern,Kelheim,Kirchdorf,93348,940,16.49,48.770301,11.904181
092735218172,Bayern,Kelheim,"Siegenburg, M",93354,4186,27.84,48.753746,11.848612
092735218177,Bayern,Kelheim,Train,93358,1927,10.16,48.730349,11.830179
092735218181,Bayern,Kelheim,Wildenberg,93359,1388,18.16,48.731995,11.904707
092735219113,Bayern,Kelheim,Aiglsbach,84089,1925,39.85,48.692993,11.707639
092735219115,Bayern,Kelheim,Attenhofen,84091,1439,31.42,48.649208,11.846593
092735219163,Bayern,Kelheim,Elsendorf,84094,2127,32.63,48.70923,11.80904
092735219178,Bayern,Kelheim,Volkenschwand,84106,1752,29.23,48.600194,11.873281
092739451451,Bayern,Kelheim,Dürnbucher Forst,,0,44.74,48.740202,11.743046
092739453453,Bayern,Kelheim,Hacklberg,,0,0.56,48.927286,11.783336
092740111111,Bayern,Landshut,Adlkofen,84166,4549,47.86,48.546258,12.263378
092740113113,Bayern,Landshut,"Altdorf, M",84032,11407,22.99,48.556884,12.109369
092740120120,Bayern,Landshut,Bodenkirchen,84155,5259,61.99,48.3835,12.386451
092740121121,Bayern,Landshut,Buch a.Erlbach,84172,3911,26.72,48.449087,12.034551
092740124124,Bayern,Landshut,Eching,84174,4254,30.14,48.503306,12.058558
092740126126,Bayern,Landshut,"Ergolding, M",84030,13511,37.16,48.57753,12.172173
092740128128,Bayern,Landshut,"Essenbach, M",84051,11970,83.6,48.613378,12.218993
092740134134,Bayern,Landshut,"Geisenhausen, M",84144,7212,62.5,48.474656,12.256905
092740141141,Bayern,Landshut,Hohenthann,84098,4297,68.24,48.659528,12.092887
092740146146,Bayern,Landshut,Kumhausen,84036,5599,37.04,48.507387,12.160133
092740153153,Bayern,Landshut,Neufahrn i.NB,84088,4300,38.76,48.734712,12.188868
092740156156,Bayern,Landshut,Niederaichbach,84100,4234,34.06,48.603081,12.316583
092740172172,Bayern,Landshut,"Pfeffenhausen, M",84076,5444,71.76,48.665303,11.964285
092740176176,Bayern,Landshut,"Rottenburg a.d.Laaber, St",84056,8487,90.11,48.702367,12.027732
092740182182,Bayern,Landshut,Tiefenbach,84184,3931,24.71,48.501093,12.100833
092740184184,Bayern,Landshut,"Vilsbiburg, St",84137,12205,68.84,48.451397,12.357548
092740185185,Bayern,Landshut,Vilsheim,84186,2696,21.72,48.447565,12.105624
092740194194,Bayern,Landshut,Bruckberg,84079,5704,51.09,48.522561,11.992656
092745220119,Bayern,Landshut,Bayerbach b.Ergoldsbach,84092,2008,25.41,48.704471,12.295097
092745220127,Bayern,Landshut,"Ergoldsbach, M",84061,8535,56.98,48.691787,12.204588
092745221132,Bayern,Landshut,Furth,84095,3683,20.96,48.589375,12.022543
092745221165,Bayern,Landshut,Obersüßbach,84101,1652,23.59,48.609888,11.944102
092745221187,Bayern,Landshut,Weihmichl,84107,2444,32.17,48.604018,12.043811
092745222174,Bayern,Landshut,Postau,84103,1684,34.8,48.649313,12.326473
092745222188,Bayern,Landshut,Weng,84187,1406,15.62,48.658549,12.369576
092745222191,Bayern,Landshut,Wörth a.d.Isar,84109,3275,4.84,48.623246,12.339065
092745223112,Bayern,Landshut,Aham,84168,1937,38.01,48.527421,12.463766
092745223135,Bayern,Landshut,Gerzen,84175,1897,17.02,48.506541,12.428043
092745223145,Bayern,Landshut,Kröning,84178,2049,39.6,48.552597,12.36331
092745223179,Bayern,Landshut,Schalkham,84175,912,22.67,48.489387,12.417759
092745226114,Bayern,Landshut,Altfraunhofen,84169,2571,24.29,48.449443,12.171848
092745226118,Bayern,Landshut,Baierbach,84171,733,16.76,48.415797,12.207176
092745227154,Bayern,Landshut,Neufraunhofen,84181,1062,17.95,48.391785,12.213536
092745227183,Bayern,Landshut,"Velden, M",84149,6488,49.43,48.364968,12.25755
092745227193,Bayern,Landshut,Wurmsham,84189,1318,28.17,48.343045,12.337279
092750111111,Bayern,Passau,Aicha vorm Wald,94529,2477,20.35,48.674871,13.291981
092750114114,Bayern,Passau,Aldersbach,94501,4278,45.8,48.589538,13.086094
092750116116,Bayern,Passau,Bad Füssing,94072,8062,55.06,48.351663,13.310922
092750118118,Bayern,Passau,Breitenberg,94139,1972,29.84,48.703074,13.794403
092750119119,Bayern,Passau,Büchlberg,94124,4388,28.12,48.668268,13.517674
092750120120,Bayern,Passau,"Eging a.See, M",94535,4136,23.66,48.713156,13.272909
092750121121,Bayern,Passau,Fürstenstein,94538,3501,19.3,48.719796,13.330344
092750122122,Bayern,Passau,"Fürstenzell, M",94081,8442,79.36,48.522201,13.315787
092750124124,Bayern,Passau,"Bad Griesbach i.Rottal, St",94086,9050,70.13,48.451913,13.192962
092750125125,Bayern,Passau,Haarbach,94542,2485,47.71,48.50226,13.149165
092750126126,Bayern,Passau,"Hauzenberg, St",94051,11883,82.79,48.65453,13.625401
092750127127,Bayern,Passau,"Hofkirchen, M",94544,3488,32.7,48.6781,13.118197
092750128128,Bayern,Passau,"Hutthurm, M",94116,6342,37.2,48.67336,13.474171
092750130130,Bayern,Passau,Kirchham,94148,2653,18.47,48.34569,13.266784
092750131131,Bayern,Passau,"Kößlarn, M",94149,1862,25.48,48.372007,13.121867
092750133133,Bayern,Passau,Neuburg a.Inn,94127,4473,41.75,48.510825,13.441854
092750134134,Bayern,Passau,Neuhaus a.Inn,94152,3433,31.07,48.461247,13.420445
092750135135,Bayern,Passau,Neukirchen vorm Wald,94154,3008,24.3,48.683235,13.3808
092750137137,Bayern,Passau,"Obernzell, M",94130,3572,18.21,48.554837,13.637939
092750138138,Bayern,Passau,"Ortenburg, M",94496,7369,60.74,48.543132,13.22576
092750141141,Bayern,Passau,"Pocking, St",94060,16296,68.86,48.400369,13.310359
092750144144,Bayern,Passau,Ruderting,94161,3040,12.96,48.653401,13.408538
092750145145,Bayern,Passau,"Ruhstorf a.d.Rott, M",94099,7145,51.46,48.438795,13.335502
092750146146,Bayern,Passau,Salzweg,94121,6506,31.94,48.615458,13.482403
092750148148,Bayern,Passau,Sonnen,94164,1432,16.48,48.684744,13.723527
092750149149,Bayern,Passau,Tettenweis,94167,1844,28.7,48.443061,13.272011
092750150150,Bayern,Passau,Thyrnau,94136,4112,33.73,48.61547,13.537927
092750151151,Bayern,Passau,Tiefenbach,94113,6676,49.71,48.626472,13.400048
092750153153,Bayern,Passau,"Untergriesbach, M",94107,6021,73.56,48.573458,13.668998
092750154154,Bayern,Passau,"Vilshofen an der Donau, St",94474,18184,86.29,48.634144,13.184559
092750156156,Bayern,Passau,"Wegscheid, M",94110,5361,80.64,48.601342,13.788526
092750159159,Bayern,Passau,"Windorf, M",94575,4981,56.9,48.626062,13.220593
092755229152,Bayern,Passau,"Tittling, M",94104,4206,20.78,48.728067,13.38048
092755229160,Bayern,Passau,Witzmannsberg,94104,1555,18.74,48.716361,13.413497
092755232112,Bayern,Passau,"Aidenbach, M",94501,3006,17.1,48.567398,13.089153
092755232117,Bayern,Passau,Beutelsbach,94501,1209,20.39,48.551651,13.113604
092755234132,Bayern,Passau,Malching,94094,1221,25.24,48.313011,13.188575
092755234143,Bayern,Passau,"Rotthalmünster, M",94094,4660,44.55,48.359785,13.202955
092760113113,Bayern,Regen,Arnbruck,93471,2031,37.87,49.128784,12.99795
092760115115,Bayern,Regen,Bayerisch Eisenstein,94252,925,47.32,49.121947,13.20204
092760116116,Bayern,Regen,Bischofsmais,94253,3376,46.29,48.918187,13.081593
092760117117,Bayern,Regen,"Bodenmais, M",94249,3646,45.28,49.067305,13.103614
092760118118,Bayern,Regen,Böbrach,94255,1553,27.55,49.056009,13.035494
092760120120,Bayern,Regen,Drachselsried,94256,2387,41.72,49.10632,13.013257
092760121121,Bayern,Regen,Frauenau,94258,2657,60.1,48.989281,13.300927
092760122122,Bayern,Regen,Geiersthal,94244,2234,22.37,49.047945,12.976462
092760126126,Bayern,Regen,Kirchberg i.Wald,94259,4353,48.79,48.898825,13.185092
092760127127,Bayern,Regen,Kirchdorf i.Wald,94261,2035,30.55,48.910004,13.26636
092760128128,Bayern,Regen,Kollnburg,94262,2720,59.53,49.047848,12.861563
092760129129,Bayern,Regen,Langdorf,94264,1815,34.35,49.013526,13.14766
092760130130,Bayern,Regen,Lindberg,94227,2263,108.84,49.03578,13.254505
092760134134,Bayern,Regen,Patersdorf,94265,1704,17.04,49.015049,12.985339
092760135135,Bayern,Regen,Prackenbach,94267,2808,40.08,49.094586,12.827707
092760138138,Bayern,Regen,"Regen, St",94209,10951,65.14,48.970244,13.126196
092760139139,Bayern,Regen,Rinchnach,94269,3138,40.21,48.950045,13.198525
092760143143,Bayern,Regen,"Teisnach, M",94244,2956,25.77,49.040245,12.991572
092760144144,Bayern,Regen,"Viechtach, St",94234,8326,62.47,49.081812,12.884245
092760148148,Bayern,Regen,"Zwiesel, St",94227,9078,41.16,49.014587,13.23347
092765238111,Bayern,Regen,Achslach,94250,957,30.04,48.971237,12.935494
092765238123,Bayern,Regen,Gotteszell,94239,1139,9.22,48.962396,12.966996
092765238142,Bayern,Regen,"Ruhmannsfelden, M",94239,2015,5.8,48.98335,12.986128
092765238146,Bayern,Regen,Zachenberg,94239,2051,27.28,48.967633,12.999221
092770111111,Bayern,Rottal-Inn,"Arnstorf, M",94424,6523,80.37,48.561081,12.8175
092770114114,Bayern,Rottal-Inn,Dietersburg,84378,2980,55.03,48.495578,12.932652
092770116116,Bayern,Rottal-Inn,"Eggenfelden, St",84307,14295,44.35,48.403576,12.76246
092770117117,Bayern,Rottal-Inn,Egglham,84385,2242,36.83,48.529402,13.055469
092770121121,Bayern,Rottal-Inn,"Gangkofen, M",84140,6119,108.76,48.436862,12.563349
092770124124,Bayern,Rottal-Inn,Hebertsfelden,84332,3622,49.9,48.407465,12.820358
092770126126,Bayern,Rottal-Inn,Johanniskirchen,84381,2310,40.59,48.534981,12.949253
092770127127,Bayern,Rottal-Inn,Julbach,84387,2306,11.3,48.253891,12.957959
092770128128,Bayern,Rottal-Inn,Kirchdorf a.Inn,84375,5294,31.64,48.242505,12.979918
092770134134,Bayern,Rottal-Inn,Mitterskirchen,84335,2196,24.63,48.348176,12.731722
092770138138,Bayern,Rottal-Inn,"Pfarrkirchen, St",84347,12842,52.35,48.432193,12.937787
092770139139,Bayern,Rottal-Inn,Postmünster,84389,2450,43.5,48.419765,12.904947
092770142142,Bayern,Rottal-Inn,Roßbach,94439,2911,48.15,48.599478,12.941005
092770144144,Bayern,Rottal-Inn,Schönau,84337,1906,36.13,48.483636,12.840281
092770145145,Bayern,Rottal-Inn,"Simbach a.Inn, St",84359,10311,47.33,48.262787,13.015233
092770149149,Bayern,Rottal-Inn,"Triftern, M",84371,5407,62.24,48.394623,13.004804
092770151151,Bayern,Rottal-Inn,Unterdietfurt,84339,2269,27.48,48.387937,12.659526
092770152152,Bayern,Rottal-Inn,Wittibreut,84384,1943,38.32,48.329607,12.98755
092770153153,Bayern,Rottal-Inn,"Wurmannsquick, M",84329,3390,49.19,48.352526,12.78565
092770154154,Bayern,Rottal-Inn,Zeilarn,84367,2121,28.9,48.299099,12.84285
092775239119,Bayern,Rottal-Inn,Falkenberg,84326,3942,66.51,48.462535,12.729995
092775239131,Bayern,Rottal-Inn,Malgersdorf,84333,1225,11.48,48.532507,12.747196
092775239141,Bayern,Rottal-Inn,Rimbach,84326,927,22.9,48.464825,12.662739
092775240122,Bayern,Rottal-Inn,Geratskirchen,84552,856,12.88,48.337529,12.663337
092775240133,Bayern,Rottal-Inn,"Massing, M",84323,4027,36.14,48.392563,12.604975
092775241112,Bayern,Rottal-Inn,Bayerbach,94137,1662,19.43,48.410085,13.143962
092775241113,Bayern,Rottal-Inn,"Bad Birnbach, M",84364,5829,68.83,48.444071,13.089951
092775243140,Bayern,Rottal-Inn,Reut,84367,1641,30.75,48.31094,12.942358
092775243148,Bayern,Rottal-Inn,"Tann, M",84367,3805,37.54,48.314918,12.893682
092775244118,Bayern,Rottal-Inn,Ering,94140,1864,39.56,48.300049,13.147265
092775244147,Bayern,Rottal-Inn,Stubenberg,94166,1423,18.19,48.309188,13.074437
092780118118,Bayern,Straubing-Bogen,"Bogen, St",94327,10479,49.74,48.909881,12.689145
092780121121,Bayern,Straubing-Bogen,Feldkirchen,94351,2015,22.66,48.838114,12.529169
092780123123,Bayern,Straubing-Bogen,"Geiselhöring, St",94333,6954,99.68,48.826135,12.393582
092780129129,Bayern,Straubing-Bogen,Haibach,94353,2025,32.36,49.02332,12.715244
092780141141,Bayern,Straubing-Bogen,Kirchroth,94356,3964,42.82,48.953672,12.542296
092780143143,Bayern,Straubing-Bogen,Konzell,94357,1827,26.75,49.072448,12.713081
092780144144,Bayern,Straubing-Bogen,Laberweinting,84082,3496,76.12,48.797151,12.321555
092780146146,Bayern,Straubing-Bogen,Leiblfing,94339,4370,78.41,48.772934,12.513414
092780148148,Bayern,Straubing-Bogen,"Mallersdorf-Pfaffenberg, M",84066,6670,72.56,48.769327,12.227639
092780167167,Bayern,Straubing-Bogen,Oberschneiding,94363,3325,60.77,48.796503,12.642453
092780170170,Bayern,Straubing-Bogen,Parkstetten,94365,3385,19.5,48.917009,12.596163
092780178178,Bayern,Straubing-Bogen,Rattenberg,94371,1633,30.22,49.086619,12.750933
092780184184,Bayern,Straubing-Bogen,Sankt Englmar,94379,1847,36.88,49.002846,12.823952
092780190190,Bayern,Straubing-Bogen,Steinach,94377,3337,23.15,48.953769,12.605084
092780197197,Bayern,Straubing-Bogen,Wiesenfelden,94344,3962,78.2,49.04197,12.538123
092785246147,Bayern,Straubing-Bogen,Loitzendorf,94359,641,12.03,49.086028,12.65522
092785246179,Bayern,Straubing-Bogen,Rattiszell,94372,1487,22.17,49.025354,12.659415
092785246189,Bayern,Straubing-Bogen,Stallwang,94375,1412,20.59,49.050929,12.655233
092785248116,Bayern,Straubing-Bogen,Ascha,94347,1597,19.55,48.997577,12.637381
092785248120,Bayern,Straubing-Bogen,Falkenfels,94350,1022,11.49,49.005191,12.595896
092785248134,Bayern,Straubing-Bogen,Haselbach,94354,1855,18.43,49.003215,12.692437
092785248151,Bayern,Straubing-Bogen,"Mitterfels, M",94360,2796,14.22,48.975811,12.679815
092785249139,Bayern,Straubing-Bogen,Hunderdorf,94336,3266,22.2,48.942672,12.724927
092785249154,Bayern,Straubing-Bogen,Neukirchen,94362,1854,24.45,48.97548,12.756026
092785249198,Bayern,Straubing-Bogen,Windberg,94336,1012,7.97,48.941699,12.745645
092785250112,Bayern,Straubing-Bogen,Aholfing,94345,1905,21.4,48.942029,12.470108
092785250117,Bayern,Straubing-Bogen,Atting,94348,1665,14.92,48.895756,12.4873
092785250172,Bayern,Straubing-Bogen,Perkam,94368,1611,14.23,48.854349,12.440645
092785250177,Bayern,Straubing-Bogen,Rain,94369,2968,14.29,48.905211,12.468115
092785252149,Bayern,Straubing-Bogen,Mariaposching,94553,1379,19.61,48.826556,12.808426
092785252159,Bayern,Straubing-Bogen,Niederwinkling,94559,2935,25.65,48.886923,12.797548
092785252171,Bayern,Straubing-Bogen,Perasdorf,94366,522,16.04,48.950042,12.801636
092785252187,Bayern,Straubing-Bogen,"Schwarzach, M",94374,2954,33.23,48.914523,12.810925
092785256113,Bayern,Straubing-Bogen,Aiterhofen,94330,3550,43.09,48.84583,12.62018
092785256182,Bayern,Straubing-Bogen,Salching,94330,2782,22.0,48.810975,12.57016
092785257140,Bayern,Straubing-Bogen,Irlbach,94342,1129,15.84,48.840996,12.752435
092785257192,Bayern,Straubing-Bogen,Straßkirchen,94342,3473,38.4,48.830251,12.723701
092790112112,Bayern,Dingolfing-Landau,"Dingolfing, St",84130,20890,44.0,48.62752,12.500422
092790113113,Bayern,Dingolfing-Landau,"Eichendorf, M",94428,6671,98.19,48.63413,12.855997
092790115115,Bayern,Dingolfing-Landau,"Frontenhausen, M",84160,4783,30.43,48.546413,12.52838
092790122122,Bayern,Dingolfing-Landau,"Landau a.d.Isar, St",94405,14776,84.4,48.666545,12.691842
092790124124,Bayern,Dingolfing-Landau,Loiching,84180,3825,38.89,48.618673,12.429114
092790126126,Bayern,Dingolfing-Landau,Marklkofen,84163,3834,40.72,48.553092,12.552017
092790127127,Bayern,Dingolfing-Landau,Mengkofen,84152,6086,84.65,48.72044,12.441078
092790128128,Bayern,Dingolfing-Landau,Moosthenning,84164,5244,70.4,48.676792,12.497842
092790130130,Bayern,Dingolfing-Landau,Niederviehbach,84183,2738,29.62,48.613883,12.383316
092790132132,Bayern,Dingolfing-Landau,"Pilsting, M",94431,7095,71.2,48.70054,12.650776
092790134134,Bayern,Dingolfing-Landau,"Reisbach, M",94417,7673,94.19,48.569859,12.628791
092790135135,Bayern,Dingolfing-Landau,"Simbach, M",94436,4196,51.19,48.567268,12.736544
092790137137,Bayern,Dingolfing-Landau,"Wallersdorf, M",94522,7271,71.16,48.739117,12.74728
092795208116,Bayern,Dingolfing-Landau,Gottfrieding,84177,2639,27.06,48.638968,12.536224
092795208125,Bayern,Dingolfing-Landau,Mamming,94437,3319,41.48,48.651628,12.603581
093610000000,Bayern,Amberg,Amberg,92224,42631,50.14,49.445278,11.856142
093620000000,Bayern,Regensburg,Regensburg,93019,151517,80.86,49.015249,12.101745
093630000000,Bayern,Weiden i.d.OPf.,Weiden i.d.OPf.,92637,42453,70.57,49.676076,12.160209
093710111111,Bayern,Amberg-Sulzbach,Ammerthal,92260,2036,8.14,49.439533,11.759473
093710113113,Bayern,Amberg-Sulzbach,"Auerbach i.d.OPf., St",91275,8846,78.26,49.691728,11.6291
093710118118,Bayern,Amberg-Sulzbach,Ebermannsdorf,92263,2412,45.39,49.391868,11.940276
093710119119,Bayern,Amberg-Sulzbach,Edelsfeld,92265,2009,34.71,49.576842,11.695499
093710120120,Bayern,Amberg-Sulzbach,Ensdorf,92266,2163,56.11,49.341188,11.935259
093710121121,Bayern,Amberg-Sulzbach,"Freihung, M",92271,2512,46.35,49.622645,11.909908
093710122122,Bayern,Amberg-Sulzbach,Freudenberg,92272,4054,82.04,49.480033,11.982076
093710127127,Bayern,Amberg-Sulzbach,"Hirschau, St",92242,5737,74.96,49.544228,11.942747
093710129129,Bayern,Amberg-Sulzbach,"Hohenburg, M",92277,1815,41.51,49.294684,11.799037
093710132132,Bayern,Amberg-Sulzbach,"Kastl, M",92280,2487,64.88,49.368542,11.679347
093710136136,Bayern,Amberg-Sulzbach,Kümmersbruck,92245,9833,47.3,49.419327,11.877755
093710144144,Bayern,Amberg-Sulzbach,Poppenricht,92284,3364,11.58,49.476931,11.800969
093710146146,Bayern,Amberg-Sulzbach,"Rieden, M",92286,2619,32.3,49.322721,11.942663
093710148148,Bayern,Amberg-Sulzbach,"Schmidmühlen, M",92287,2280,25.3,49.267033,11.921251
093710150150,Bayern,Amberg-Sulzbach,"Schnaittenbach, St",92253,4253,63.41,49.547992,12.003698
093710151151,Bayern,Amberg-Sulzbach,"Sulzbach-Rosenberg, St",92237,19255,53.12,49.495802,11.756146
093710154154,Bayern,Amberg-Sulzbach,Ursensollen,92289,3805,74.65,49.400601,11.756996
093710156156,Bayern,Amberg-Sulzbach,"Vilseck, St",92249,6558,64.7,49.611105,11.805301
093715301123,Bayern,Amberg-Sulzbach,Gebenbach,92274,829,18.13,49.537583,11.876108
093715301126,Bayern,Amberg-Sulzbach,"Hahnbach, M",92256,4964,67.38,49.533838,11.80264
093715302128,Bayern,Amberg-Sulzbach,Hirschbach,92275,1178,31.02,49.55553,11.537719
093715302135,Bayern,Amberg-Sulzbach,"Königstein, M",92281,1743,35.13,49.607345,11.633198
093715303140,Bayern,Amberg-Sulzbach,Etzelwang,92268,1402,21.68,49.526591,11.586047
093715303141,Bayern,Amberg-Sulzbach,Neukirchen b.Sulzbach-Rosenberg,92259,2495,45.76,49.529009,11.629366
093715303157,Bayern,Amberg-Sulzbach,Weigendorf,91249,1232,12.58,49.499158,11.570203
093715304116,Bayern,Amberg-Sulzbach,Birgland,92262,1808,62.43,49.438224,11.616384
093715304131,Bayern,Amberg-Sulzbach,Illschwang,92278,2099,54.22,49.448023,11.685083
093719452452,Bayern,Amberg-Sulzbach,Eichen,,0,2.78,49.462726,11.762863
093720112112,Bayern,Cham,Arnschwang,93473,2010,28.32,49.273377,12.815584
093720113113,Bayern,Cham,Arrach,93474,2292,28.81,49.193549,13.002538
093720115115,Bayern,Cham,Blaibach,93476,1895,17.02,49.168092,12.806862
093720116116,Bayern,Cham,"Cham, St",93413,17617,80.69,49.219124,12.667061
093720117117,Bayern,Cham,Chamerau,93466,2500,23.4,49.196262,12.746154
093720124124,Bayern,Cham,"Eschlkam, M",93458,3294,60.46,49.299376,12.915401
093720126126,Bayern,Cham,"Furth im Wald, St",93437,8525,67.06,49.308018,12.842882
093720130130,Bayern,Cham,Grafenwiesen,93479,1478,10.19,49.201738,12.880228
093720135135,Bayern,Cham,Hohenwarth,93480,1890,24.22,49.203826,12.934712
093720137137,Bayern,Cham,"Bad Kötzting, St",93444,7390,62.15,49.174806,12.854868
093720138138,Bayern,Cham,"Lam, M",93462,2585,33.38,49.19496,13.053753
093720143143,Bayern,Cham,Miltach,93468,2295,25.23,49.158049,12.770267
093720144144,Bayern,Cham,"Neukirchen b.Hl.Blut, M",93453,3592,59.87,49.259073,12.970304
093720146146,Bayern,Cham,Pemfling,93482,2144,44.54,49.265394,12.612027
093720151151,Bayern,Cham,Rimbach,93485,1824,24.72,49.226796,12.883038
093720153153,Bayern,Cham,"Roding, St",93426,13060,119.61,49.193203,12.51827
093720154154,Bayern,Cham,"Rötz, St",92444,3293,66.67,49.342287,12.531008
093720155155,Bayern,Cham,Runding,93486,2225,20.94,49.214563,12.763722
093720157157,Bayern,Cham,Schönthal,93488,1904,43.71,49.356058,12.606217
093720158158,Bayern,Cham,Schorndorf,93489,3070,38.54,49.159752,12.592112
093720164164,Bayern,Cham,Traitsching,93455,4229,45.4,49.15286,12.645384
093720168168,Bayern,Cham,Waffenbrunn,93494,2028,25.17,49.260801,12.665542
093720171171,Bayern,Cham,"Waldmünchen, St",93449,6533,101.17,49.375825,12.70563
093720175175,Bayern,Cham,Willmering,93497,2008,10.3,49.245582,12.670214
093720177177,Bayern,Cham,Zandt,93499,2057,21.62,49.156803,12.72539
093720178178,Bayern,Cham,Lohberg,93470,1744,59.24,49.175838,13.105391
093725308163,Bayern,Cham,Tiefenbach,93464,1842,45.84,49.437902,12.583234
093725308165,Bayern,Cham,Treffelstein,93492,952,20.86,49.422201,12.615455
093725310147,Bayern,Cham,Pösing,93483,1004,9.13,49.229908,12.549032
093725310161,Bayern,Cham,"Stamsried, M",93491,2219,43.42,49.267357,12.530828
093725312128,Bayern,Cham,Gleißenberg,93477,785,15.38,49.317058,12.740713
093725312174,Bayern,Cham,Weiding,93495,2426,28.17,49.261732,12.763869
093725313149,Bayern,Cham,Reichenbach,93189,1288,10.53,49.183626,12.346517
093725313170,Bayern,Cham,Walderbach,93194,2328,34.92,49.18527,12.379309
093725317167,Bayern,Cham,Zell,93199,1826,32.95,49.142724,12.412527
093725317169,Bayern,Cham,Wald,93192,3027,37.79,49.150646,12.348932
093725318125,Bayern,Cham,"Falkenstein, M",93167,3420,45.47,49.097184,12.486605
093725318142,Bayern,Cham,Michelsneukirchen,93185,1728,32.83,49.124024,12.552641
093725318150,Bayern,Cham,Rettenbach,93191,1814,27.11,49.06943,12.455706
093730112112,Bayern,Neumarkt i.d.OPf.,"Berching, St",92334,8991,131.18,49.104465,11.444396
093730113113,Bayern,Neumarkt i.d.OPf.,Berg b.Neumarkt i.d.OPf.,92348,8069,65.12,49.331628,11.439721
093730115115,Bayern,Neumarkt i.d.OPf.,"Breitenbrunn, M",92363,3687,70.78,49.083449,11.623311
093730119119,Bayern,Neumarkt i.d.OPf.,Deining,92364,5371,71.38,49.226662,11.538819
093730121121,Bayern,Neumarkt i.d.OPf.,"Dietfurt a.d.Altmühl, St",92345,6448,78.7,49.034947,11.587369
093730126126,Bayern,Neumarkt i.d.OPf.,"Freystadt, St",92342,9097,80.56,49.199011,11.328203
093730134134,Bayern,Neumarkt i.d.OPf.,"Hohenfels, M",92366,2295,137.07,49.203225,11.848658
093730140140,Bayern,Neumarkt i.d.OPf.,"Lauterhofen, M",92283,3737,82.97,49.368803,11.605815
093730143143,Bayern,Neumarkt i.d.OPf.,"Lupburg, M",92331,2582,30.71,49.154803,11.756015
093730146146,Bayern,Neumarkt i.d.OPf.,Mühlhausen,92360,5353,36.98,49.168994,11.445577
093730147147,Bayern,Neumarkt i.d.OPf.,"Neumarkt i.d.OPf., GKSt",92305,41258,79.01,49.279417,11.45894
093730151151,Bayern,Neumarkt i.d.OPf.,"Parsberg, St",92331,7829,57.32,49.160047,11.714998
093730155155,Bayern,Neumarkt i.d.OPf.,"Postbauer-Heng, M",92353,7932,24.65,49.304035,11.357794
093730156156,Bayern,Neumarkt i.d.OPf.,"Pyrbaum, M",90602,5884,50.29,49.296724,11.285091
093730160160,Bayern,Neumarkt i.d.OPf.,Seubersdorf i.d.OPf.,92358,5270,68.28,49.164396,11.625202
093730167167,Bayern,Neumarkt i.d.OPf.,"Velburg, St",92355,5457,175.66,49.231086,11.670239
093735321114,Bayern,Neumarkt i.d.OPf.,Berngau,92361,2636,27.12,49.251932,11.396328
093735321153,Bayern,Neumarkt i.d.OPf.,Pilsach,92367,2892,47.65,49.321299,11.503348
093735321159,Bayern,Neumarkt i.d.OPf.,Sengenthal,92369,4114,28.51,49.230334,11.465093
093740111111,Bayern,Neustadt a.d.Waldnaab,Altenstadt a.d.Waldnaab,92665,4692,22.06,49.723289,12.159855
093740118118,Bayern,Neustadt a.d.Waldnaab,"Eslarn, M",92693,2640,55.22,49.582547,12.520525
093740121121,Bayern,Neustadt a.d.Waldnaab,"Floß, M",92685,3485,54.39,49.723961,12.27584
093740122122,Bayern,Neustadt a.d.Waldnaab,Flossenbürg,92696,1478,23.27,49.731773,12.347341
093740124124,Bayern,Neustadt a.d.Waldnaab,"Grafenwöhr, St",92655,6347,216.21,49.720869,11.90618
093740133133,Bayern,Neustadt a.d.Waldnaab,"Luhe-Wildenau, M",92706,3424,38.66,49.59833,12.128518
093740134134,Bayern,Neustadt a.d.Waldnaab,"Mantel, M",92708,2793,16.81,49.65275,12.041935
093740137137,Bayern,Neustadt a.d.Waldnaab,"Moosbach, M",92709,2458,64.31,49.591116,12.409099
093740139139,Bayern,Neustadt a.d.Waldnaab,"Neustadt a.d.Waldnaab, St",92660,5948,9.93,49.732495,12.175697
093740162162,Bayern,Neustadt a.d.Waldnaab,"Vohenstrauß, St",92648,7559,74.91,49.623078,12.341779
093740164164,Bayern,Neustadt a.d.Waldnaab,"Waidhaus, M",92726,2093,37.32,49.641236,12.494017
093740165165,Bayern,Neustadt a.d.Waldnaab,"Waldthurn, M",92727,1888,30.94,49.672702,12.331243
093740168168,Bayern,Neustadt a.d.Waldnaab,"Windischeschenbach, St",92670,4886,36.37,49.803405,12.155614
093745323128,Bayern,Neustadt a.d.Waldnaab,Kirchendemenreuth,92665,926,39.32,49.775975,12.092204
093745323144,Bayern,Neustadt a.d.Waldnaab,"Parkstein, M",92711,2441,30.84,49.733133,12.069512
093745323150,Bayern,Neustadt a.d.Waldnaab,Püchersreuth,92715,1698,25.21,49.75459,12.234854
093745323158,Bayern,Neustadt a.d.Waldnaab,Störnstein,92721,1558,10.91,49.734054,12.206976
093745323160,Bayern,Neustadt a.d.Waldnaab,Theisseil,92637,1204,21.39,49.691676,12.226711
093745324148,Bayern,Neustadt a.d.Waldnaab,Trabitz,92724,1316,26.68,49.800355,11.896308
093745324149,Bayern,Neustadt a.d.Waldnaab,"Pressath, St",92690,4149,66.35,49.769201,11.935175
093745324156,Bayern,Neustadt a.d.Waldnaab,Schwarzenbach,92720,1124,11.91,49.724663,11.994221
093745325119,Bayern,Neustadt a.d.Waldnaab,Etzenricht,92694,1556,13.58,49.631908,12.095984
093745325131,Bayern,Neustadt a.d.Waldnaab,"Kohlberg, M",92702,1194,33.52,49.59155,12.01953
093745325166,Bayern,Neustadt a.d.Waldnaab,Weiherhammer,92729,3934,39.95,49.632366,12.05919
093745326129,Bayern,Neustadt a.d.Waldnaab,"Kirchenthumbach, M",91281,3249,71.43,49.749394,11.724506
093745326155,Bayern,Neustadt a.d.Waldnaab,Schlammersdorf,95519,864,20.33,49.801953,11.735868
093745326163,Bayern,Neustadt a.d.Waldnaab,Vorbach,95519,1088,13.54,49.821393,11.742902
093745327117,Bayern,Neustadt a.d.Waldnaab,"Eschenbach i.d.OPf., St",92676,4370,35.13,49.753093,11.834496
093745327140,Bayern,Neustadt a.d.Waldnaab,"Neustadt am Kulm, St",95514,1166,20.3,49.826258,11.834476
093745327157,Bayern,Neustadt a.d.Waldnaab,Speinshart,92676,1111,23.77,49.787991,11.821979
093745329127,Bayern,Neustadt a.d.Waldnaab,Irchenrieth,92699,1699,5.27,49.622724,12.224495
093745329146,Bayern,Neustadt a.d.Waldnaab,Pirk,92712,1910,26.17,49.634921,12.163544
093745329154,Bayern,Neustadt a.d.Waldnaab,Schirmitz,92718,2107,4.97,49.654345,12.169349
093745329170,Bayern,Neustadt a.d.Waldnaab,Bechtsrieth,92699,1056,4.79,49.64646,12.211688
093745330132,Bayern,Neustadt a.d.Waldnaab,"Leuchtenberg, M",92705,1164,32.36,49.597435,12.256878
093745330159,Bayern,Neustadt a.d.Waldnaab,"Tännesberg, M",92723,1495,46.56,49.530302,12.325484
093745331123,Bayern,Neustadt a.d.Waldnaab,Georgenberg,92697,1266,36.81,49.702543,12.420471
093745331147,Bayern,Neustadt a.d.Waldnaab,"Pleystein, St",92714,2321,42.4,49.645547,12.409987
093749452452,Bayern,Neustadt a.d.Waldnaab,Manteler Forst,,0,30.78,49.685163,12.029697
093749458458,Bayern,Neustadt a.d.Waldnaab,Speinsharter Forst,,0,11.16,49.827471,11.755476
093750117117,Bayern,Regensburg,Barbing,93092,5926,30.52,49.003328,12.197586
093750118118,Bayern,Regensburg,"Beratzhausen, M",93176,5664,72.51,49.095306,11.809964
093750119119,Bayern,Regensburg,Bernhardswald,93170,5354,71.8,49.09054,12.248395
093750143143,Bayern,Regensburg,Hagelstadt,93095,2031,20.74,48.895967,12.217849
093750148148,Bayern,Regensburg,"Hemau, St",93155,9348,122.34,49.053299,11.781339
093750161161,Bayern,Regensburg,Köfering,93096,3106,5.29,48.938213,12.195341
093750165165,Bayern,Regensburg,"Lappersdorf, M",93138,13477,34.5,49.050523,12.088794
093750170170,Bayern,Regensburg,Mintraching,93098,5036,53.88,48.95518,12.239643
093750174174,Bayern,Regensburg,"Neutraubling, St",93073,14351,9.75,48.990294,12.200936
093750175175,Bayern,Regensburg,"Nittendorf, M",93152,8769,33.45,49.024405,11.961222
093750179179,Bayern,Regensburg,Obertraubling,93083,8688,24.87,48.966317,12.165778
093750180180,Bayern,Regensburg,Pentling,93080,6404,32.47,48.981475,12.05804
093750181181,Bayern,Regensburg,Pettendorf,93186,3426,24.57,49.059425,12.005548
093750183183,Bayern,Regensburg,Pfatter,93102,3139,48.16,48.965774,12.384957
093750190190,Bayern,Regensburg,"Regenstauf, M",93128,16390,103.77,49.12284,12.12781
093750196196,Bayern,Regensburg,"Schierling, M",84069,8306,77.42,48.834571,12.139713
093750199199,Bayern,Regensburg,Sinzing,93161,7306,44.03,48.990785,12.035317
093750204204,Bayern,Regensburg,Tegernheim,93105,5530,11.43,49.024782,12.172571
093750205205,Bayern,Regensburg,Thalmassing,93107,3570,37.09,48.912399,12.155578
093750208208,Bayern,Regensburg,Wenzenbach,93173,8703,29.85,49.076396,12.200621
093750209209,Bayern,Regensburg,Wiesent,93109,2609,26.73,49.007369,12.379494
093750213213,Bayern,Regensburg,Zeitlarn,93197,5446,16.12,49.076459,12.107031
093755332131,Bayern,Regensburg,Duggendorf,93182,1501,22.88,49.108864,11.933257
093755332153,Bayern,Regensburg,Holzheim a.Forst,93183,1089,15.65,49.149359,11.997827
093755332156,Bayern,Regensburg,"Kallmünz, M",93183,2823,43.18,49.161341,11.955753
093755333122,Bayern,Regensburg,Brunn,93164,1672,16.12,49.095952,11.900091
093755333127,Bayern,Regensburg,Deuerling,93180,1981,7.11,49.035071,11.907326
093755333162,Bayern,Regensburg,"Laaber, M",93164,5321,29.66,49.065635,11.885725
093755334184,Bayern,Regensburg,Pielenhofen,93188,1660,14.52,49.072993,11.957209
093755334211,Bayern,Regensburg,Wolfsegg,93195,1516,15.34,49.107689,11.976646
093755335114,Bayern,Regensburg,Altenthann,93177,1512,21.48,49.092609,12.303802
093755335116,Bayern,Regensburg,Bach a.d.Donau,93090,1819,14.71,49.020714,12.303994
093755335130,Bayern,Regensburg,"Donaustauf, M",93093,4336,9.72,49.033581,12.204136
093755336120,Bayern,Regensburg,Brennberg,93179,2081,30.52,49.070349,12.39657
093755336210,Bayern,Regensburg,"Wörth a.d.Donau, St",93086,5301,52.25,49.000593,12.407619
093755337113,Bayern,Regensburg,Alteglofsheim,93087,3228,13.22,48.919919,12.203745
093755337182,Bayern,Regensburg,Pfakofen,93101,1608,15.28,48.858214,12.227776
093755338115,Bayern,Regensburg,Aufhausen,93089,1957,27.3,48.872913,12.280959
093755338171,Bayern,Regensburg,Mötzing,93099,1405,36.17,48.894211,12.374438
093755338191,Bayern,Regensburg,Riekofen,93104,806,23.92,48.915578,12.349439
093755338201,Bayern,Regensburg,Sünching,93104,2215,19.42,48.880208,12.353695
093759451451,Bayern,Regensburg,Forstmühler Forst,,0,24.26,49.053154,12.305905
093759452452,Bayern,Regensburg,Kreuther Forst,,0,7.7,49.062097,12.241799
093760116116,Bayern,Schwandorf,Bodenwöhr,92439,4218,54.25,49.270013,12.304076
093760117117,Bayern,Schwandorf,"Bruck i.d.OPf., M",92436,4151,52.46,49.250185,12.308227
093760119119,Bayern,Schwandorf,"Burglengenfeld, St",93133,14681,93.26,49.2057,12.041577
093760125125,Bayern,Schwandorf,Fensterbach,92269,2401,26.85,49.411206,12.041425
093760141141,Bayern,Schwandorf,"Maxhütte-Haidhof, St",93142,12075,34.69,49.20199,12.093321
093760147147,Bayern,Schwandorf,"Neunburg vorm Wald, St",92431,8155,110.14,49.348813,12.381852
093760149149,Bayern,Schwandorf,"Nittenau, St",93149,9067,98.73,49.196567,12.268896
093760150150,Bayern,Schwandorf,"Wernberg-Köblitz, M",92533,5490,66.06,49.539573,12.161587
093760151151,Bayern,Schwandorf,"Oberviechtach, St",92526,4908,62.42,49.460918,12.418782
093760159159,Bayern,Schwandorf,Schmidgaden,92546,3124,41.24,49.421793,12.090854
093760161161,Bayern,Schwandorf,"Schwandorf, GKSt",92421,29836,123.79,49.327638,12.108976
093760170170,Bayern,Schwandorf,"Teublitz, St",93158,8114,38.23,49.220722,12.08483
093765339131,Bayern,Schwandorf,Gleiritsch,92723,623,10.94,49.499148,12.313455
093765339148,Bayern,Schwandorf,Niedermurach,92545,1261,29.97,49.448693,12.377216
093765339171,Bayern,Schwandorf,Teunz,92552,1832,30.73,49.480754,12.384315
093765339178,Bayern,Schwandorf,"Winklarn, M",92559,1350,33.69,49.426094,12.481974
093765341112,Bayern,Schwandorf,Altendorf,92540,880,23.17,49.404846,12.28001
093765341133,Bayern,Schwandorf,Guteneck,92543,816,35.07,49.444811,12.274621
093765341144,Bayern,Schwandorf,"Nabburg, St",92507,6256,62.36,49.451719,12.179641
093765342162,Bayern,Schwandorf,Schwarzach b.Nabburg,92548,1367,27.36,49.410332,12.227585
093765342163,Bayern,Schwandorf,"Schwarzenfeld, M",92521,6262,38.28,49.389249,12.13917
093765342169,Bayern,Schwandorf,Stulln,92551,1705,15.53,49.42149,12.137782
093765343153,Bayern,Schwandorf,"Pfreimd, St",92536,4965,51.48,49.494048,12.181982
093765343173,Bayern,Schwandorf,Trausnitz,92555,883,17.63,49.52197,12.265111
093765344160,Bayern,Schwandorf,"Schönsee, St",92539,2222,50.28,49.510012,12.547467
093765344167,Bayern,Schwandorf,Stadlern,92549,534,10.55,49.504875,12.61282
093765344176,Bayern,Schwandorf,Weiding,92557,450,22.43,49.484396,12.570352
093765345122,Bayern,Schwandorf,Dieterskirchen,92542,987,24.14,49.414098,12.41386
093765345146,Bayern,Schwandorf,"Neukirchen-Balbini, M",92445,1152,48.26,49.290402,12.435738
093765345164,Bayern,Schwandorf,"Schwarzhofen, M",92447,1364,36.11,49.378452,12.343887
093765345172,Bayern,Schwandorf,Thanstein,92554,928,27.86,49.378731,12.467758
093765346168,Bayern,Schwandorf,Steinberg am See,92449,1927,20.22,49.276924,12.181045
093765346175,Bayern,Schwandorf,Wackersdorf,92442,5379,33.56,49.312192,12.178206
093769455455,Bayern,Schwandorf,Wolferlohe,,0,6.61,49.307257,11.989685
093770112112,Bayern,Tirschenreuth,"Bärnau, St",95671,2972,74.41,49.809434,12.429932
093770116116,Bayern,Tirschenreuth,"Erbendorf, St",92677,5026,67.54,49.838063,12.048098
093770118118,Bayern,Tirschenreuth,Friedenfels,95688,1176,16.28,49.883436,12.102638
093770119119,Bayern,Tirschenreuth,"Fuchsmühl, M",95689,1529,14.83,49.921568,12.14595
093770127127,Bayern,Tirschenreuth,Immenreuth,95505,1941,26.42,49.907153,11.869284
093770131131,Bayern,Tirschenreuth,"Konnersreuth, M",95692,1746,23.48,50.011465,12.226748
093770133133,Bayern,Tirschenreuth,Kulmain,95508,2207,35.51,49.892343,11.899146
093770139139,Bayern,Tirschenreuth,"Mähring, M",95695,1757,72.93,49.90885,12.528601
093770142142,Bayern,Tirschenreuth,"Bad Neualbenreuth, M",95698,1389,50.13,49.978772,12.444028
093770146146,Bayern,Tirschenreuth,"Plößberg, M",95703,3108,74.21,49.783726,12.309426
093770154154,Bayern,Tirschenreuth,"Tirschenreuth, St",95643,8467,103.95,49.878232,12.33646
093770157157,Bayern,Tirschenreuth,"Waldershof, St",95679,4300,60.37,49.977751,12.063474
093770158158,Bayern,Tirschenreuth,"Waldsassen, St",95652,6679,66.53,50.003499,12.30533
093775347137,Bayern,Tirschenreuth,Leonberg,95666,1054,51.34,49.946542,12.28501
093775347141,Bayern,Tirschenreuth,"Mitterteich, St",95666,6557,39.38,49.949306,12.239074
093775347145,Bayern,Tirschenreuth,Pechbrunn,95701,1282,26.46,49.968635,12.168271
093775348128,Bayern,Tirschenreuth,Kastl,95506,1468,24.74,49.830863,11.896759
093775348129,Bayern,Tirschenreuth,"Kemnath, St",95478,5893,56.8,49.870144,11.887026
093775349113,Bayern,Tirschenreuth,Brand,95682,1136,10.28,49.959052,11.908038
093775349115,Bayern,Tirschenreuth,Ebnath,95683,1289,11.04,49.950372,11.940206
093775349143,Bayern,Tirschenreuth,Neusorg,95700,1952,17.83,49.935969,11.968123
093775349148,Bayern,Tirschenreuth,Pullenreuth,95704,1543,43.21,49.929889,11.996823
093775350132,Bayern,Tirschenreuth,Krummennaab,92703,1447,17.68,49.831006,12.098966
093775350149,Bayern,Tirschenreuth,Reuth b.Erbendorf,92717,1109,16.91,49.843805,12.121007
093775351117,Bayern,Tirschenreuth,"Falkenberg, M",95685,918,39.26,49.858584,12.224841
093775351159,Bayern,Tirschenreuth,"Wiesau, M",95676,3823,42.71,49.910475,12.179052
094610000000,Bayern,Bamberg,Bamberg,96031,77218,54.62,49.893387,10.886786
094620000000,Bayern,Bayreuth,Bayreuth,95410,72919,66.89,49.943752,11.575301
094630000000,Bayern,Coburg,Coburg,96450,40970,48.29,50.258421,10.964232
094640000000,Bayern,Hof,Hof,95015,46624,58.02,50.316521,11.913545
094710111111,Bayern,Bamberg,Altendorf,96146,2142,8.7,49.797254,11.010627
094710117117,Bayern,Bamberg,Bischberg,96120,6036,17.55,49.909767,10.831656
094710119119,Bayern,Bamberg,Breitengüßbach,96149,4441,16.86,49.971308,10.885557
094710123123,Bayern,Bamberg,"Buttenheim, M",96155,3680,30.07,49.803616,11.033798
094710131131,Bayern,Bamberg,Frensdorf,96158,5132,44.0,49.817439,10.865018
094710137137,Bayern,Bamberg,Gundelsheim,96163,3535,3.77,49.936774,10.919428
094710140140,Bayern,Bamberg,"Hallstadt, St",96103,8755,14.6,49.928417,10.875159
094710142142,Bayern,Bamberg,"Heiligenstadt i.OFr., M",91332,3661,76.7,49.86497,11.170726
094710145145,Bayern,Bamberg,"Hirschaid, M",96114,12425,40.97,49.816976,10.98909
094710150150,Bayern,Bamberg,Kemmern,96164,2487,8.27,49.953688,10.875861
094710155155,Bayern,Bamberg,Litzendorf,96123,6197,25.87,49.91123,11.010097
094710159159,Bayern,Bamberg,Memmelsdorf,96117,8726,26.24,49.932697,10.95495
094710165165,Bayern,Bamberg,Oberhaid,96173,4561,27.05,49.932466,10.815828
094710169169,Bayern,Bamberg,Pettstadt,96175,2244,9.88,49.831918,10.932733
094710172172,Bayern,Bamberg,Pommersfelden,96178,3101,35.69,49.767049,10.819064
094710174174,Bayern,Bamberg,"Rattelsdorf, M",96179,4494,39.58,50.015525,10.886664
094710185185,Bayern,Bamberg,"Scheßlitz, St",96110,7115,94.87,49.974937,11.032239
094710191191,Bayern,Bamberg,Stegaurach,96135,6898,23.94,49.863561,10.842775
094710195195,Bayern,Bamberg,Strullendorf,96129,7800,31.69,49.84513,10.968254
094710207207,Bayern,Bamberg,Viereth-Trunstadt,96191,3621,15.82,49.923273,10.777165
094710208208,Bayern,Bamberg,Walsdorf,96194,2633,16.24,49.870901,10.780213
094710214214,Bayern,Bamberg,"Zapfendorf, M",96199,4927,30.54,50.017677,10.931609
094710220220,Bayern,Bamberg,"Schlüsselfeld, St",96132,5895,70.24,49.756792,10.619344
094715401115,Bayern,Bamberg,"Baunach, St",96148,4131,32.14,49.988184,10.850053
094715401133,Bayern,Bamberg,Gerach,96161,1039,7.78,50.032443,10.805711
094715401152,Bayern,Bamberg,Lauter,96169,1195,12.4,49.972563,10.786311
094715401175,Bayern,Bamberg,Reckendorf,96182,1932,13.06,50.019644,10.826952
094715403151,Bayern,Bamberg,Königsfeld,96167,1236,42.84,49.945469,11.163108
094715403189,Bayern,Bamberg,Stadelhofen,96187,1242,41.1,50.003189,11.197502
094715403209,Bayern,Bamberg,Wattendorf,96196,644,22.24,50.032431,11.125439
094715407122,Bayern,Bamberg,"Burgwindheim, M",96154,1286,37.38,49.827259,10.595363
094715407128,Bayern,Bamberg,"Ebrach, M",96157,1827,32.26,49.847982,10.49737
094715408120,Bayern,Bamberg,"Burgebrach, M",96138,7180,87.84,49.826635,10.738231
094715408186,Bayern,Bamberg,Schönbrunn i.Steigerwald,96185,1903,24.7,49.858227,10.688374
094715445154,Bayern,Bamberg,Lisberg,96170,1745,8.36,49.885961,10.726884
094715445173,Bayern,Bamberg,Priesendorf,96170,1453,8.36,49.906291,10.712163
094719452452,Bayern,Bamberg,Ebracher Forst,,0,9.02,49.86607,10.487008
094719453453,Bayern,Bamberg,Eichwald,,0,4.33,49.855768,11.035073
094719454454,Bayern,Bamberg,Geisberger Forst,,0,10.31,49.891397,11.060625
094719455455,Bayern,Bamberg,Hauptsmoor,,0,20.84,49.893852,10.962625
094719456456,Bayern,Bamberg,Koppenwinder Forst,,0,12.91,49.856409,10.550738
094719457457,Bayern,Bamberg,Lindach,,0,6.24,49.8509,10.641787
094719459459,Bayern,Bamberg,Semberg,,0,4.49,49.959061,10.835411
094719460460,Bayern,Bamberg,Steinachsrangen,,0,5.74,49.799489,10.557119
094719461461,Bayern,Bamberg,Winkelhofer Forst,,0,8.51,49.827576,10.52371
094719462462,Bayern,Bamberg,Zückshuter Forst,,0,5.78,49.95207,10.918342
094720111111,Bayern,Bayreuth,Ahorntal,95491,2172,43.47,49.833646,11.401762
094720116116,Bayern,Bayreuth,"Bad Berneck i.Fichtelgebirge, St",95460,4276,38.26,50.043667,11.667129
094720119119,Bayern,Bayreuth,Bindlach,95463,7127,37.6,49.980901,11.611595
094720121121,Bayern,Bayreuth,Bischofsgrün,95493,1909,8.39,50.051153,11.798834
094720131131,Bayern,Bayreuth,Eckersdorf,95488,5047,36.17,49.932625,11.499114
094720138138,Bayern,Bayreuth,Fichtelberg,95686,1772,5.16,49.999449,11.851053
094720139139,Bayern,Bayreuth,"Gefrees, St",95480,4173,50.32,50.094949,11.73828
094720143143,Bayern,Bayreuth,"Goldkronach, St",95497,3408,30.68,50.010871,11.686917
094720150150,Bayern,Bayreuth,Heinersreuth,95500,3703,14.67,49.967748,11.53198
094720164164,Bayern,Bayreuth,Mehlmeisel,95694,1256,13.23,49.976004,11.854737
094720175175,Bayern,Bayreuth,"Pegnitz, St",91257,13614,99.98,49.756304,11.544194
094720179179,Bayern,Bayreuth,"Pottenstein, St",91278,5177,73.29,49.770946,11.408159
094720190190,Bayern,Bayreuth,Speichersdorf,95469,5901,52.91,49.87649,11.784103
094720197197,Bayern,Bayreuth,"Waischenfeld, St",91344,2955,57.93,49.845149,11.344906
094720198198,Bayern,Bayreuth,Warmensteinach,95485,2180,32.61,49.992474,11.778075
094725412115,Bayern,Bayreuth,Aufseß,91347,1250,29.4,49.8843,11.228675
094725412154,Bayern,Bayreuth,"Hollfeld, St",96142,4769,80.66,49.937051,11.290753
094725412176,Bayern,Bayreuth,Plankenfels,95515,837,14.0,49.885785,11.334739
094725413141,Bayern,Bayreuth,Glashütten,95496,1281,3.53,49.890901,11.448864
094725413167,Bayern,Bayreuth,Mistelgau,95490,3830,42.51,49.911983,11.465838
094725414140,Bayern,Bayreuth,Gesees,95494,1258,10.43,49.899555,11.537687
094725414155,Bayern,Bayreuth,Hummeltal,95503,2420,21.91,49.896162,11.504726
094725414166,Bayern,Bayreuth,Mistelbach,95511,1475,6.12,49.914144,11.519417
094725415133,Bayern,Bayreuth,Emtmannsberg,95517,979,22.33,49.892082,11.646078
094725415156,Bayern,Bayreuth,Kirchenpingarten,95466,1275,33.54,49.921908,11.786196
094725415188,Bayern,Bayreuth,Seybothenreuth,95517,1258,17.43,49.895897,11.704726
094725415199,Bayern,Bayreuth,"Weidenberg, M",95466,5811,68.9,49.941314,11.722766
094725416127,Bayern,Bayreuth,"Creußen, St",95473,4925,64.87,49.8444,11.624642
094725416146,Bayern,Bayreuth,Haag,95473,944,15.89,49.869477,11.561865
094725416180,Bayern,Bayreuth,Prebitz,95473,949,21.32,49.833939,11.68494
094725416184,Bayern,Bayreuth,"Schnabelwaid, M",91289,977,22.84,49.8123,11.583504
094725417118,Bayern,Bayreuth,"Betzenstein, St",91282,2515,51.84,49.682387,11.418135
094725417177,Bayern,Bayreuth,"Plech, M",91287,1333,15.29,49.651706,11.468558
094729451451,Bayern,Bayreuth,Bischofsgrüner Forst,,0,27.0,50.036261,11.785677
094729453453,Bayern,Bayreuth,Fichtelberg,,0,20.89,49.984479,11.820414
094729454454,Bayern,Bayreuth,Forst Neustädtlein a.Forst,,0,7.55,49.97637,11.470725
094729456456,Bayern,Bayreuth,Glashüttener Forst,,0,4.76,49.8743,11.461054
094729458458,Bayern,Bayreuth,Heinersreuther Forst,,0,7.61,49.964796,11.506742
094729463463,Bayern,Bayreuth,Neubauer Forst-Nord,,0,5.66,50.034138,11.849671
094729464464,Bayern,Bayreuth,Prüll,,0,2.22,49.774235,11.434341
094729468468,Bayern,Bayreuth,Veldensteinerforst,,0,55.6,49.687911,11.51342
094729469469,Bayern,Bayreuth,Waidacher Forst,,0,6.42,49.718304,11.405725
094729470470,Bayern,Bayreuth,Warmensteinacher Forst-Nord,,0,0.32,50.029009,11.807137
094730112112,Bayern,Coburg,Ahorn,96482,4003,19.83,50.236693,10.952243
094730120120,Bayern,Coburg,Dörfles-Esbach,96487,3535,3.83,50.281225,10.996187
094730121121,Bayern,Coburg,Ebersdorf b.Coburg,96237,6040,26.36,50.218128,11.077094
094730132132,Bayern,Coburg,Großheirath,96269,2541,22.27,50.176979,10.949359
094730138138,Bayern,Coburg,Itzgrund,96274,2313,33.08,50.124689,10.87883
094730141141,Bayern,Coburg,Lautertal,96486,4333,30.35,50.299243,10.977187
094730144144,Bayern,Coburg,Meeder,96484,3447,73.58,50.320427,10.907342
094730151151,Bayern,Coburg,"Neustadt b.Coburg, GKSt",96465,14620,61.89,50.327062,11.122297
094730158158,Bayern,Coburg,"Bad Rodach, St",96476,6182,80.45,50.341213,10.778713
094730159159,Bayern,Coburg,"Rödental, St",96472,12329,49.97,50.290191,11.032458
094730165165,Bayern,Coburg,"Seßlach, St",96145,3763,72.53,50.188751,10.84159
094730166166,Bayern,Coburg,Sonnefeld,96242,4422,34.69,50.223187,11.136199
094730170170,Bayern,Coburg,Untersiemau,96253,4087,20.49,50.194184,10.973392
094730174174,Bayern,Coburg,Weidhausen b.Coburg,96279,3113,9.61,50.204052,11.14054
094730175175,Bayern,Coburg,Weitramsdorf,96479,4999,33.7,50.255707,10.879827
094735418134,Bayern,Coburg,Grub a.Forst,96271,2510,11.97,50.228781,11.022901
094735418153,Bayern,Coburg,Niederfüllbach,96489,1450,2.59,50.219589,10.989109
094739452452,Bayern,Coburg,Callenberger Forst-West,,0,2.32,50.285756,10.840855
094739454454,Bayern,Coburg,Köllnholz,,0,0.9,50.281227,10.85277
094740123123,Bayern,Forchheim,"Eggolsheim, M",91330,6521,48.9,49.770379,11.05668
094740124124,Bayern,Forchheim,"Egloffstein, M",91349,2064,28.06,49.701188,11.258248
094740126126,Bayern,Forchheim,"Forchheim, GKSt",91301,33359,44.44,49.720292,11.0594
094740129129,Bayern,Forchheim,"Gößweinstein, M",91327,4290,57.69,49.770226,11.33677
094740133133,Bayern,Forchheim,Hallerndorf,91352,4162,41.31,49.759963,10.979423
094740134134,Bayern,Forchheim,Hausen,91353,3658,13.53,49.690973,11.036282
094740135135,Bayern,Forchheim,Heroldsbach,91336,5025,15.61,49.693227,10.997822
094740140140,Bayern,Forchheim,"Igensdorf, M",91338,5057,28.83,49.622736,11.230404
094740146146,Bayern,Forchheim,Langensendelbach,91094,3080,9.58,49.641856,11.070631
094740154154,Bayern,Forchheim,"Neunkirchen a.Brand, M",91077,8052,26.4,49.613014,11.12957
094740156156,Bayern,Forchheim,Obertrubach,91286,2200,21.16,49.695052,11.349238
094740161161,Bayern,Forchheim,"Pretzfeld, M",91362,2349,24.21,49.756286,11.173695
094740176176,Bayern,Forchheim,"Wiesenttal, M",91346,2524,45.88,49.803009,11.263003
094745420121,Bayern,Forchheim,"Ebermannstadt, St",91320,6692,49.95,49.779227,11.184751
094745420168,Bayern,Forchheim,Unterleinleiter,91364,1239,12.47,49.822464,11.190906
094745422145,Bayern,Forchheim,Kunreuth,91358,1404,9.82,49.68231,11.143324
094745422158,Bayern,Forchheim,Pinzberg,91361,1958,13.31,49.690649,11.100792
094745422175,Bayern,Forchheim,Wiesenthau,91369,1577,6.43,49.711875,11.13501
094745423143,Bayern,Forchheim,Kirchehrenbach,91356,2163,8.21,49.733627,11.144989
094745423147,Bayern,Forchheim,Leutenbach,91359,1660,19.41,49.709607,11.172303
094745423171,Bayern,Forchheim,Weilersbach,91365,1991,8.61,49.74482,11.133658
094745425122,Bayern,Forchheim,Effeltrich,91090,2441,11.93,49.659718,11.092476
094745425160,Bayern,Forchheim,Poxdorf,91099,1565,5.17,49.666,11.069212
094745426119,Bayern,Forchheim,Dormitz,91077,1919,4.58,49.596611,11.118547
094745426137,Bayern,Forchheim,Hetzles,91077,1376,11.77,49.635223,11.128533
094745426144,Bayern,Forchheim,Kleinsendelbach,91077,1448,7.5,49.593438,11.156814
094745427132,Bayern,Forchheim,"Gräfenberg, St",91322,4181,37.83,49.646221,11.248666
094745427138,Bayern,Forchheim,"Hiltpoltstein, M",91355,1486,25.54,49.660459,11.32105
094745427173,Bayern,Forchheim,Weißenohe,91367,1161,4.69,49.629594,11.253851
094750112112,Bayern,Hof,"Bad Steben, M",95138,3192,31.68,50.365393,11.643502
094750113113,Bayern,Hof,Berg,95180,1951,38.9,50.374512,11.779046
094750120120,Bayern,Hof,Döhlau,95182,3741,15.25,50.28053,11.946325
094750128128,Bayern,Hof,Geroldsgrün,95179,2598,32.28,50.337252,11.594804
094750136136,Bayern,Hof,"Helmbrechts, St",95233,8033,58.72,50.236794,11.715874
094750141141,Bayern,Hof,Köditz,95189,2346,31.46,50.331997,11.848635
094750142142,Bayern,Hof,Konradsreuth,95176,3119,43.24,50.268881,11.846084
094750154154,Bayern,Hof,"Münchberg, St",95213,9884,68.78,50.191739,11.789822
094750156156,Bayern,Hof,"Naila, St",95119,7486,37.4,50.330343,11.706881
094750158158,Bayern,Hof,"Oberkotzau, M",95145,5249,21.51,50.263757,11.930278
094750161161,Bayern,Hof,Regnitzlosau,95194,2219,39.9,50.303029,12.047015
094750162162,Bayern,Hof,"Rehau, St",95111,9055,80.33,50.248373,12.035833
094750168168,Bayern,Hof,"Schwarzenbach a.d.Saale, St",95120,6505,65.37,50.221068,11.938077
094750169169,Bayern,Hof,"Schwarzenbach a.Wald, St",95131,4170,44.62,50.284917,11.624044
094750171171,Bayern,Hof,"Selbitz, St",95152,4131,27.75,50.31501,11.7481
094750175175,Bayern,Hof,"Stammbach, M",95236,2317,34.67,50.145082,11.692963
094750189189,Bayern,Hof,"Zell im Fichtelgebirge, M",95239,1809,31.23,50.13339,11.821785
094755428137,Bayern,Hof,Issigau,95188,976,18.69,50.37648,11.721307
094755428146,Bayern,Hof,"Lichtenberg, St",95192,927,9.47,50.382765,11.675154
094755430123,Bayern,Hof,Feilitzsch,95183,2686,30.22,50.36188,11.935054
094755430127,Bayern,Hof,Gattendorf,95185,1029,22.19,50.32122,11.997165
094755430181,Bayern,Hof,Töpen,95183,1019,20.8,50.389208,11.873361
094755430182,Bayern,Hof,Trogen,95183,1367,12.32,50.364506,11.953831
094755431145,Bayern,Hof,Leupoldsgrün,95191,1235,10.25,50.289812,11.799216
094755431165,Bayern,Hof,"Schauenstein, St",95197,1830,26.66,50.277606,11.740779
094755432174,Bayern,Hof,"Sparneck, M",95234,1499,16.36,50.16197,11.84413
094755432184,Bayern,Hof,Weißdorf,95237,1209,21.91,50.185442,11.84847
094759454454,Bayern,Hof,Martinlamitzer Forst-Nord,,0,0.59,50.185398,12.025343
094760145145,Bayern,Kronach,"Kronach, St",96317,16497,66.98,50.239015,11.325279
094760146146,Bayern,Kronach,"Küps, M",96328,7663,35.63,50.190856,11.277948
094760152152,Bayern,Kronach,"Ludwigsstadt, St",96337,2989,58.74,50.484915,11.389636
094760159159,Bayern,Kronach,"Nordhalben, M",96365,1474,34.64,50.373073,11.5095
094760164164,Bayern,Kronach,"Pressig, M",96332,3835,53.19,50.345654,11.309643
094760175175,Bayern,Kronach,Steinbach a.Wald,96361,2976,36.15,50.432358,11.360734
094760177177,Bayern,Kronach,"Steinwiesen, M",96349,3250,55.02,50.294573,11.462438
094760178178,Bayern,Kronach,Stockheim,96342,4617,25.36,50.305186,11.283779
094760179179,Bayern,Kronach,"Tettau, M",96355,1862,23.8,50.468292,11.258933
094760183183,Bayern,Kronach,"Marktrodach, M",96364,3512,33.32,50.249569,11.384797
094760184184,Bayern,Kronach,"Wallenfels, St",96346,2413,45.65,50.268421,11.471178
094760185185,Bayern,Kronach,Weißenbrunn,96369,2704,26.41,50.200405,11.346192
094760189189,Bayern,Kronach,Wilhelmsthal,96352,3377,42.91,50.310361,11.372148
094765433166,Bayern,Kronach,Reichenbach,96358,649,8.65,50.424693,11.413805
094765433180,Bayern,Kronach,"Teuschnitz, St",96358,1827,34.25,50.398424,11.381023
094765433182,Bayern,Kronach,Tschirn,96367,499,20.14,50.39682,11.450201
094765434154,Bayern,Kronach,"Mitwitz, M",96268,2721,33.19,50.248048,11.209853
094765434171,Bayern,Kronach,Schneckenlohe,96277,941,9.31,50.21247,11.193223
094769451451,Bayern,Kronach,Birnbaum,,0,8.15,50.361467,11.443527
094770121121,Bayern,Kulmbach,Himmelkron,95502,3189,23.06,50.063103,11.595618
094770128128,Bayern,Kulmbach,"Kulmbach, GKSt",95311,26511,92.77,50.10807,11.455614
094770136136,Bayern,Kulmbach,"Mainleus, M",95336,6378,49.41,50.09987,11.375098
094770139139,Bayern,Kulmbach,"Marktschorgast, M",95509,1345,15.81,50.093518,11.654665
094770142142,Bayern,Kulmbach,Neudrossenfeld,95512,3738,50.25,50.015475,11.502495
094770143143,Bayern,Kulmbach,Neuenmarkt,95339,2954,18.95,50.090716,11.579601
094770148148,Bayern,Kulmbach,"Presseck, M",95353,1630,54.82,50.227553,11.554385
094770157157,Bayern,Kulmbach,"Thurnau, M",95349,4055,64.18,50.025545,11.392859
094770163163,Bayern,Kulmbach,"Wirsberg, M",95339,1900,17.21,50.106282,11.605966
094775435151,Bayern,Kulmbach,Rugendorf,95365,929,17.32,50.200404,11.461437
094775435156,Bayern,Kulmbach,"Stadtsteinach, St",95346,2996,39.8,50.163192,11.503963
094775436117,Bayern,Kulmbach,"Grafengehaig, M",95356,840,20.81,50.204046,11.59313
094775436138,Bayern,Kulmbach,"Marktleugast, M",95352,2946,33.87,50.171758,11.633195
094775437118,Bayern,Kulmbach,Guttenberg,95358,459,10.66,50.154765,11.564189
094775437129,Bayern,Kulmbach,"Kupferberg, St",95362,1033,8.28,50.139459,11.576725
094775437135,Bayern,Kulmbach,"Ludwigschorgast, M",95364,941,5.94,50.125956,11.560055
094775437159,Bayern,Kulmbach,Untersteinach,95369,1721,11.43,50.131913,11.528426
094775438124,Bayern,Kulmbach,"Kasendorf, M",95359,2380,39.0,50.03592,11.350335
094775438164,Bayern,Kulmbach,"Wonsees, M",96197,1128,36.79,49.976758,11.298461
094775439119,Bayern,Kulmbach,Harsdorf,95499,942,11.25,50.027984,11.56771
094775439127,Bayern,Kulmbach,Ködnitz,95361,1469,19.62,50.091395,11.528681
094775439158,Bayern,Kulmbach,Trebgast,95367,1513,17.08,50.068368,11.551244
094780111111,Bayern,Lichtenfels,Altenkunstadt,96264,5438,32.9,50.124993,11.249572
094780116116,Bayern,Lichtenfels,"Burgkunstadt, St",96224,6335,40.6,50.142232,11.249566
094780120120,Bayern,Lichtenfels,"Ebensfeld, M",96250,5630,68.72,50.067019,10.958925
094780139139,Bayern,Lichtenfels,"Lichtenfels, St",96215,20452,122.16,50.146042,11.064046
094780145145,Bayern,Lichtenfels,Michelau i.OFr.,96247,6042,19.35,50.162117,11.112
094780165165,Bayern,Lichtenfels,"Bad Staffelstein, St",96231,10731,99.51,50.10147,10.999853
094780176176,Bayern,Lichtenfels,"Weismain, St",96260,4815,90.14,50.084884,11.239386
094785441143,Bayern,Lichtenfels,"Marktgraitz, M",96257,1104,3.75,50.183198,11.195664
094785441155,Bayern,Lichtenfels,Redwitz a.d.Rodach,96257,3405,14.66,50.171858,11.202025
094785446127,Bayern,Lichtenfels,Hochstadt a.Main,96272,1560,13.78,50.150313,11.171136
094785446144,Bayern,Lichtenfels,"Marktzeuln, M",96275,1602,6.86,50.166441,11.1689
094789451451,Bayern,Lichtenfels,Breitengüßbacher Forst,,0,2.4,50.044996,10.909203
094789453453,Bayern,Lichtenfels,Neuensorger Forst,,0,5.09,50.195129,11.101839
094790112112,Bayern,Wunsiedel i.Fichtelgebirge,"Arzberg, St",95659,4844,43.19,50.057171,12.185347
094790129129,Bayern,Wunsiedel i.Fichtelgebirge,"Kirchenlamitz, St",95153,3059,48.48,50.151691,11.950309
094790135135,Bayern,Wunsiedel i.Fichtelgebirge,"Marktleuthen, St",95168,2762,35.48,50.127998,11.994074
094790136136,Bayern,Wunsiedel i.Fichtelgebirge,"Marktredwitz, GKSt",95615,17166,49.52,50.001792,12.086076
094790145145,Bayern,Wunsiedel i.Fichtelgebirge,Röslau,95195,1927,29.83,50.083981,11.973769
094790150150,Bayern,Wunsiedel i.Fichtelgebirge,"Schönwald, St",95173,3066,19.19,50.198824,12.088155
094790152152,Bayern,Wunsiedel i.Fichtelgebirge,"Selb, GKSt",95100,14536,86.07,50.169756,12.13074
094790166166,Bayern,Wunsiedel i.Fichtelgebirge,"Bad Weißenstadt, St",95163,2839,65.76,50.101234,11.885088
094790169169,Bayern,Wunsiedel i.Fichtelgebirge,"Wunsiedel, St",95632,8936,54.88,50.037027,12.002966
094795442126,Bayern,Wunsiedel i.Fichtelgebirge,Höchstädt i.Fichtelgebirge,95186,1007,14.95,50.102341,12.087209
094795442158,Bayern,Wunsiedel i.Fichtelgebirge,"Thiersheim, M",95707,1706,24.42,50.075961,12.128961
094795442159,Bayern,Wunsiedel i.Fichtelgebirge,"Thierstein, M",95199,1051,18.88,50.105743,12.102803
094795443127,Bayern,Wunsiedel i.Fichtelgebirge,"Hohenberg a.d.Eger, St",95691,1362,17.72,50.096856,12.222982
094795443147,Bayern,Wunsiedel i.Fichtelgebirge,"Schirnding, M",95706,1102,16.51,50.081415,12.228168
094795444111,Bayern,Wunsiedel i.Fichtelgebirge,Bad Alexandersbad,95680,930,8.94,50.015409,12.015655
094795444138,Bayern,Wunsiedel i.Fichtelgebirge,Nagel,95697,1629,7.78,49.977629,11.919349
094795444161,Bayern,Wunsiedel i.Fichtelgebirge,Tröstau,95709,2068,19.29,50.014059,11.951289
094799455455,Bayern,Wunsiedel i.Fichtelgebirge,Martinlamitzer Forst-Süd,,0,8.46,50.176093,12.028651
094799457457,Bayern,Wunsiedel i.Fichtelgebirge,Neubauer Forst-Süd,,0,3.13,50.025015,11.868277
094799459459,Bayern,Wunsiedel i.Fichtelgebirge,Tröstauer Forst-Ost,,0,9.71,49.988901,11.996048
094799460460,Bayern,Wunsiedel i.Fichtelgebirge,Tröstauer Forst-West,,0,14.46,50.008441,11.914061
094799461461,Bayern,Wunsiedel i.Fichtelgebirge,Vordorfer Forst,,0,9.71,50.04274,11.877847
095610000000,Bayern,Ansbach,Ansbach,91522,40554,99.91,49.303682,10.577254
095620000000,Bayern,Erlangen,Erlangen,91051,116450,76.96,49.59508,11.003274
095630000000,Bayern,Fürth,Fürth,90744,131344,63.35,49.478592,10.987404
095640000000,Bayern,Nürnberg,Nürnberg,90403,531159,186.44,49.450938,11.075269
095650000000,Bayern,Schwabach,Schwabach,91126,40702,40.8,49.328888,11.024451
095710113113,Bayern,Ansbach,"Arberg, M",91722,2215,31.29,49.144689,10.617586
095710114114,Bayern,Ansbach,Aurach,91589,3102,36.66,49.244603,10.412619
095710115115,Bayern,Ansbach,"Bechhofen, M",91572,6287,61.85,49.159901,10.553146
095710127127,Bayern,Ansbach,Burgoberbach,91595,3795,12.61,49.236891,10.592294
095710130130,Bayern,Ansbach,"Colmberg, M",91598,2142,38.34,49.354316,10.409638
095710135135,Bayern,Ansbach,"Dietenhofen, M",90599,5776,63.93,49.399969,10.690834
095710136136,Bayern,Ansbach,"Dinkelsbühl, GKSt",91550,12398,75.16,49.068879,10.320207
095710139139,Bayern,Ansbach,"Dürrwangen, M",91602,2500,23.03,49.108758,10.386423
095710145145,Bayern,Ansbach,"Feuchtwangen, St",91555,12390,137.21,49.167757,10.331415
095710146146,Bayern,Ansbach,"Flachslanden, M",91604,2472,40.93,49.399168,10.51377
095710165165,Bayern,Ansbach,"Heilsbronn, St",91560,9762,62.23,49.339366,10.786643
095710166166,Bayern,Ansbach,"Herrieden, St",91567,8241,81.66,49.23568,10.495052
095710170170,Bayern,Ansbach,Langfurth,91731,2039,21.15,49.098203,10.451706
095710171171,Bayern,Ansbach,"Lehrberg, M",91611,3146,50.85,49.344241,10.509747
095710174174,Bayern,Ansbach,"Leutershausen, St",91578,5606,84.07,49.29788,10.410982
095710175175,Bayern,Ansbach,"Lichtenau, M",91586,3802,41.35,49.276776,10.685213
095710177177,Bayern,Ansbach,"Merkendorf, St",91732,3114,26.07,49.203432,10.701601
095710180180,Bayern,Ansbach,Neuendettelsau,91564,8074,33.81,49.284493,10.788624
095710183183,Bayern,Ansbach,Oberdachstetten,91617,1598,23.62,49.416099,10.423792
095710190190,Bayern,Ansbach,Petersaurach,91580,4949,41.81,49.308214,10.746971
095710193193,Bayern,Ansbach,"Rothenburg ob der Tauber, GKSt",91541,11331,41.67,49.377149,10.179283
095710196196,Bayern,Ansbach,Sachsen b.Ansbach,91623,3700,20.94,49.288491,10.66144
095710199199,Bayern,Ansbach,Schnelldorf,91625,3568,51.43,49.198316,10.178253
095710200200,Bayern,Ansbach,"Schopfloch, M",91626,2929,15.34,49.12167,10.304867
095710214214,Bayern,Ansbach,"Wassertrüdingen, St",91717,6374,53.57,49.041141,10.59722
095710226226,Bayern,Ansbach,"Windsbach, St",91575,6110,68.12,49.249157,10.830957
095715501111,Bayern,Ansbach,Adelshofen,91587,892,27.18,49.439981,10.175
095715501152,Bayern,Ansbach,Gebsattel,91607,1746,19.12,49.351686,10.202593
095715501155,Bayern,Ansbach,Geslau,91608,1384,41.96,49.365617,10.310404
095715501169,Bayern,Ansbach,Insingen,91610,1204,21.32,49.302953,10.164123
095715501181,Bayern,Ansbach,Neusitz,91616,1941,13.78,49.372174,10.223165
095715501188,Bayern,Ansbach,Ohrenbach,91620,540,22.74,49.469719,10.210426
095715501205,Bayern,Ansbach,Steinsfeld,91628,1218,31.8,49.421065,10.212126
095715501225,Bayern,Ansbach,Windelsbach,91635,1085,38.47,49.398478,10.299785
095715502125,Bayern,Ansbach,Buch a.Wald,91592,984,26.43,49.330095,10.333667
095715502134,Bayern,Ansbach,Diebach,91583,1156,22.34,49.309419,10.187948
095715502137,Bayern,Ansbach,"Dombühl, M",91601,2065,17.89,49.255184,10.282781
095715502198,Bayern,Ansbach,"Schillingsfürst, St",91583,2786,27.5,49.286469,10.259851
095715502222,Bayern,Ansbach,Wettringen,91631,957,21.41,49.258406,10.156711
095715502228,Bayern,Ansbach,Wörnitz,91637,1879,24.46,49.255112,10.243792
095715504122,Bayern,Ansbach,Bruckberg,91590,1236,7.61,49.358083,10.697953
095715504194,Bayern,Ansbach,Rügland,91622,1256,20.91,49.400863,10.58597
095715504217,Bayern,Ansbach,Weihenzell,91629,2985,45.22,49.355549,10.627532
095715506189,Bayern,Ansbach,"Ornbau, St",91737,1747,15.16,49.176443,10.656504
095715506216,Bayern,Ansbach,"Weidenbach, M",91746,2490,21.71,49.198513,10.644225
095715507128,Bayern,Ansbach,Burk,91596,1101,14.08,49.132731,10.479999
095715507132,Bayern,Ansbach,"Dentlein a.Forst, M",91599,2320,18.01,49.147916,10.42364
095715507223,Bayern,Ansbach,Wieseth,91632,1322,20.59,49.160911,10.482033
095715508179,Bayern,Ansbach,Mönchsroth,91614,1646,11.92,49.020359,10.361003
095715508218,Bayern,Ansbach,"Weiltingen, M",91744,1393,24.02,49.039601,10.450092
095715508224,Bayern,Ansbach,Wilburgstetten,91634,1992,25.28,49.026437,10.391069
095715509141,Bayern,Ansbach,Ehingen,91725,1941,47.6,49.087977,10.540645
095715509154,Bayern,Ansbach,Gerolfingen,91726,937,12.59,49.053038,10.510701
095715509192,Bayern,Ansbach,Röckingen,91740,771,10.91,49.057243,10.560231
095715509208,Bayern,Ansbach,Unterschwaningen,91743,854,18.57,49.08256,10.617982
095715509227,Bayern,Ansbach,Wittelshofen,91749,1234,24.22,49.060123,10.480991
095715538178,Bayern,Ansbach,Mitteleschenbach,91734,1701,10.51,49.21321,10.797575
095715538229,Bayern,Ansbach,"Wolframs-Eschenbach, St",91639,3304,25.47,49.226119,10.723299
095719451451,Bayern,Ansbach,Unterer Wald,,0,1.82,49.138198,10.643294
095720111111,Bayern,Erlangen-Höchstadt,Adelsdorf,91325,9109,31.68,49.714781,10.892848
095720115115,Bayern,Erlangen-Höchstadt,"Baiersdorf, St",91083,7926,11.81,49.655938,11.029029
095720119119,Bayern,Erlangen-Höchstadt,Bubenreuth,91088,4578,4.14,49.628271,11.015911
095720121121,Bayern,Erlangen-Höchstadt,"Eckental, M",90542,14408,29.71,49.574111,11.201758
095720130130,Bayern,Erlangen-Höchstadt,Hemhofen,91334,5177,6.75,49.683384,10.939122
095720131131,Bayern,Erlangen-Höchstadt,"Heroldsberg, M",90562,8241,11.09,49.535894,11.156797
095720132132,Bayern,Erlangen-Höchstadt,"Herzogenaurach, St",91074,24312,47.62,49.568566,10.883873
095720135135,Bayern,Erlangen-Höchstadt,"Höchstadt a.d.Aisch, St",91315,13827,70.87,49.70285,10.805721
095720137137,Bayern,Erlangen-Höchstadt,Kalchreuth,90562,2986,10.87,49.55682,11.129965
095720142142,Bayern,Erlangen-Höchstadt,Möhrendorf,91096,4714,13.17,49.639461,11.000309
095720149149,Bayern,Erlangen-Höchstadt,Röttenbach,91341,4628,7.76,49.67125,10.926701
095720160160,Bayern,Erlangen-Höchstadt,"Wachenroth, M",96193,2256,23.17,49.750949,10.714318
095720164164,Bayern,Erlangen-Höchstadt,"Weisendorf, M",91085,6555,36.75,49.622389,10.825897
095725510126,Bayern,Erlangen-Höchstadt,Gremsdorf,91350,1636,12.96,49.69657,10.833743
095725510139,Bayern,Erlangen-Höchstadt,"Lonnerstadt, M",91475,2065,22.71,49.698239,10.764789
095725510143,Bayern,Erlangen-Höchstadt,"Mühlhausen, M",96172,1850,16.6,49.753344,10.775829
095725510159,Bayern,Erlangen-Höchstadt,"Vestenbergsgreuth, M",91487,1599,31.84,49.687248,10.650272
095725512114,Bayern,Erlangen-Höchstadt,Aurachtal,91086,3131,18.4,49.575073,10.822529
095725512147,Bayern,Erlangen-Höchstadt,Oberreichenbach,91097,1334,4.82,49.589955,10.769904
095725514120,Bayern,Erlangen-Höchstadt,Buckenhof,91054,3180,1.39,49.593544,11.050613
095725514141,Bayern,Erlangen-Höchstadt,Marloffstein,91080,1551,6.62,49.617749,11.064261
095725514154,Bayern,Erlangen-Höchstadt,Spardorf,91080,2278,3.22,49.608953,11.05448
095725514158,Bayern,Erlangen-Höchstadt,Uttenreuth,91080,4782,6.11,49.596937,11.074167
095725539127,Bayern,Erlangen-Höchstadt,Großenseebach,91091,2408,7.2,49.631864,10.875794
095725539133,Bayern,Erlangen-Höchstadt,Heßdorf,91093,3834,24.77,49.627077,10.909826
095729451451,Bayern,Erlangen-Höchstadt,Birkach,,0,3.24,49.728689,10.767373
095729452452,Bayern,Erlangen-Höchstadt,Buckenhofer Forst,,0,8.63,49.579298,11.071255
095729453453,Bayern,Erlangen-Höchstadt,Dormitzer Forst,,0,10.17,49.569601,11.102344
095729454454,Bayern,Erlangen-Höchstadt,Erlenstegener Forst,,0,11.77,49.495527,11.157501
095729455455,Bayern,Erlangen-Höchstadt,Forst Tennenlohe,,0,10.81,49.557464,11.052058
095729456456,Bayern,Erlangen-Höchstadt,Geschaidt,,0,8.48,49.518791,11.164632
095729457457,Bayern,Erlangen-Höchstadt,Kalchreuther Forst,,0,6.1,49.547477,11.09316
095729458458,Bayern,Erlangen-Höchstadt,Kraftshofer Forst,,0,12.18,49.5155,11.099582
095729459459,Bayern,Erlangen-Höchstadt,Mark,,0,20.94,49.654123,10.948914
095729460460,Bayern,Erlangen-Höchstadt,Neunhofer Forst,,0,10.17,49.53241,11.075031
095730111111,Bayern,Fürth,"Ammerndorf, M",90614,1994,5.06,49.421097,10.853041
095730114114,Bayern,Fürth,"Cadolzburg, M",90556,11203,45.39,49.457442,10.853014
095730115115,Bayern,Fürth,Großhabersdorf,90613,4213,35.49,49.40395,10.78977
095730120120,Bayern,Fürth,"Langenzenn, St",90579,10485,46.33,49.493317,10.794782
095730122122,Bayern,Fürth,"Oberasbach, St",90522,17678,12.09,49.422443,10.958495
095730124124,Bayern,Fürth,Puschendorf,90617,2193,3.39,49.522831,10.832113
095730125125,Bayern,Fürth,"Roßtal, M",90574,9626,44.34,49.398892,10.886133
095730127127,Bayern,Fürth,"Stein, St",90547,14997,19.51,49.414352,11.015582
095730133133,Bayern,Fürth,"Wilhermsdorf, M",91452,5203,26.64,49.482063,10.717409
095730134134,Bayern,Fürth,"Zirndorf, St",90513,26229,28.79,49.441541,10.956456
095735517126,Bayern,Fürth,Seukendorf,90556,3124,8.48,49.489647,10.877123
095735517130,Bayern,Fürth,Veitsbronn,90587,6281,16.18,49.512235,10.884913
095735540123,Bayern,Fürth,Obermichelbach,90587,3187,9.27,49.530771,10.909913
095735540129,Bayern,Fürth,Tuchenbach,90587,1374,6.48,49.530704,10.859901
095740112112,Bayern,Nürnberger Land,"Altdorf b.Nürnberg, St",90518,15527,48.59,49.385516,11.354924
095740117117,Bayern,Nürnberger Land,Burgthann,90559,11558,39.19,49.351392,11.315139
095740123123,Bayern,Nürnberger Land,"Feucht, M",90537,13604,9.81,49.375014,11.214677
095740132132,Bayern,Nürnberger Land,"Hersbruck, St",91217,12261,22.9,49.507981,11.429693
095740135135,Bayern,Nürnberger Land,Kirchensittenbach,91241,2060,43.21,49.556363,11.421843
095740138138,Bayern,Nürnberger Land,"Lauf a.d.Pegnitz, St",91207,25754,59.86,49.511562,11.278019
095740139139,Bayern,Nürnberger Land,Leinburg,91227,6640,29.44,49.449884,11.308645
095740140140,Bayern,Nürnberger Land,"Neuhaus a.d.Pegnitz, M",91284,2652,23.31,49.629382,11.548709
095740141141,Bayern,Nürnberger Land,Neunkirchen a.Sand,91233,4506,14.13,49.526335,11.318896
095740146146,Bayern,Nürnberger Land,Ottensoos,91242,1909,10.0,49.509901,11.341643
095740147147,Bayern,Nürnberger Land,Pommelsbrunn,91224,5278,50.05,49.503169,11.512782
095740150150,Bayern,Nürnberger Land,Reichenschwand,91244,2461,6.84,49.513193,11.372008
095740152152,Bayern,Nürnberger Land,"Röthenbach a.d.Pegnitz, St",90552,12512,14.29,49.482066,11.238754
095740154154,Bayern,Nürnberger Land,Rückersdorf,90607,4749,3.57,49.493374,11.242961
095740155155,Bayern,Nürnberger Land,"Schnaittach, M",91220,8538,49.34,49.559467,11.341063
095740156156,Bayern,Nürnberger Land,Schwaig b.Nürnberg,90571,8910,5.9,49.472306,11.199107
095740157157,Bayern,Nürnberger Land,Schwarzenbruck,90592,8212,22.25,49.355442,11.240717
095740158158,Bayern,Nürnberger Land,Simmelsdorf,91245,3186,40.87,49.597489,11.33841
095740164164,Bayern,Nürnberger Land,Winkelhaid,90610,4178,6.45,49.388147,11.302872
095745527129,Bayern,Nürnberger Land,Hartenstein,91235,1454,24.76,49.596327,11.523338
095745527160,Bayern,Nürnberger Land,"Velden, St",91235,1706,21.34,49.613677,11.510901
095745527161,Bayern,Nürnberger Land,Vorra,91247,1631,22.08,49.557506,11.493948
095745528111,Bayern,Nürnberger Land,Alfeld,91236,1126,17.95,49.428806,11.543979
095745528128,Bayern,Nürnberger Land,Happurg,91230,3509,42.57,49.49335,11.471277
095745529120,Bayern,Nürnberger Land,Engelthal,91238,1067,13.63,49.471886,11.398281
095745529131,Bayern,Nürnberger Land,Henfenfeld,91239,1731,6.64,49.496846,11.390931
095745529145,Bayern,Nürnberger Land,Offenhausen,91238,1563,22.5,49.450965,11.412171
095749451451,Bayern,Nürnberger Land,Behringersdorfer Forst,,0,11.16,49.498324,11.200164
095749452452,Bayern,Nürnberger Land,Brunn,,0,10.18,49.444058,11.251194
095749453453,Bayern,Nürnberger Land,Engelthaler Forst,,0,2.42,49.461019,11.379707
095749454454,Bayern,Nürnberger Land,Feuchter Forst,,0,20.82,49.385171,11.239853
095749455455,Bayern,Nürnberger Land,Fischbach,,0,18.37,49.417236,11.220296
095749456456,Bayern,Nürnberger Land,Forsthof,,0,7.43,49.431328,11.168428
095749457457,Bayern,Nürnberger Land,Günthersbühler Forst,,0,5.92,49.521981,11.207748
095749458458,Bayern,Nürnberger Land,Haimendorfer Forst,,0,7.53,49.45945,11.223705
095749460460,Bayern,Nürnberger Land,Laufamholzer Forst,,0,6.55,49.452682,11.194427
095749461461,Bayern,Nürnberger Land,Leinburg,,0,4.2,49.43533,11.31369
095749462462,Bayern,Nürnberger Land,Rückersdorfer Forst,,0,5.15,49.512087,11.239181
095749463463,Bayern,Nürnberger Land,Schönberg,,0,3.33,49.495644,11.297486
095749464464,Bayern,Nürnberger Land,Winkelhaid,,0,18.44,49.403827,11.30536
095749465465,Bayern,Nürnberger Land,Zerzabelshofer Forst,,0,6.55,49.450613,11.17003
095750112112,Bayern,Neustadt a.d.Aisch-Bad Windsheim,"Bad Windsheim, St",91438,12329,78.24,49.502758,10.4192
095750116116,Bayern,Neustadt a.d.Aisch-Bad Windsheim,"Burghaslach, M",96152,2738,43.97,49.732278,10.599379
095750119119,Bayern,Neustadt a.d.Aisch-Bad Windsheim,Dietersheim,91463,2143,31.23,49.557686,10.540104
095750121121,Bayern,Neustadt a.d.Aisch-Bad Windsheim,"Emskirchen, M",91448,5837,67.27,49.551754,10.717297
095750135135,Bayern,Neustadt a.d.Aisch-Bad Windsheim,"Ipsheim, M",91472,2159,42.24,49.526422,10.483195
095750145145,Bayern,Neustadt a.d.Aisch-Bad Windsheim,"Markt Erlbach, M",91459,5540,60.89,49.493537,10.65224
095750153153,Bayern,Neustadt a.d.Aisch-Bad Windsheim,"Neustadt a.d.Aisch, St",91413,13293,61.21,49.579782,10.612689
095750156156,Bayern,Neustadt a.d.Aisch-Bad Windsheim,"Obernzenn, M",91619,2495,39.67,49.44945,10.467934
095755518138,Bayern,Neustadt a.d.Aisch-Bad Windsheim,Langenfeld,91474,1068,7.2,49.613982,10.514136
095755518144,Bayern,Neustadt a.d.Aisch-Bad Windsheim,"Markt Bibart, M",91477,1793,30.11,49.647731,10.42751
095755518147,Bayern,Neustadt a.d.Aisch-Bad Windsheim,"Markt Taschendorf, M",91480,1034,27.68,49.699912,10.554177
095755518157,Bayern,Neustadt a.d.Aisch-Bad Windsheim,"Oberscheinfeld, M",91483,1060,42.25,49.709395,10.43155
095755518161,Bayern,Neustadt a.d.Aisch-Bad Windsheim,"Scheinfeld, St",91443,4516,45.12,49.665093,10.462384
095755518165,Bayern,Neustadt a.d.Aisch-Bad Windsheim,"Sugenheim, M",91484,2296,63.38,49.602746,10.435371
095755519122,Bayern,Neustadt a.d.Aisch-Bad Windsheim,Ergersheim,91465,1041,30.0,49.510702,10.327624
095755519127,Bayern,Neustadt a.d.Aisch-Bad Windsheim,Gollhofen,97258,890,17.02,49.570716,10.192689
095755519130,Bayern,Neustadt a.d.Aisch-Bad Windsheim,Hemmersheim,97258,655,23.83,49.562474,10.095223
095755519134,Bayern,Neustadt a.d.Aisch-Bad Windsheim,"Ippesheim, M",97258,1109,23.56,49.602473,10.224031
095755519146,Bayern,Neustadt a.d.Aisch-Bad Windsheim,"Markt Nordheim, M",91478,1136,39.31,49.591076,10.355455
095755519155,Bayern,Neustadt a.d.Aisch-Bad Windsheim,Oberickelsheim,97258,729,18.22,49.599867,10.136126
095755519163,Bayern,Neustadt a.d.Aisch-Bad Windsheim,Simmershofen,97215,955,34.2,49.531539,10.12469
095755519168,Bayern,Neustadt a.d.Aisch-Bad Windsheim,"Uffenheim, St",97215,6497,59.47,49.544139,10.23417
095755519179,Bayern,Neustadt a.d.Aisch-Bad Windsheim,Weigenheim,97215,956,32.64,49.575806,10.261001
095755520129,Bayern,Neustadt a.d.Aisch-Bad Windsheim,Hagenbüchach,91469,1652,11.52,49.533835,10.771067
095755520181,Bayern,Neustadt a.d.Aisch-Bad Windsheim,Wilhelmsdorf,91489,1440,7.8,49.563552,10.737654
095755521113,Bayern,Neustadt a.d.Aisch-Bad Windsheim,"Baudenbach, M",91460,1250,22.09,49.62386,10.536675
095755521118,Bayern,Neustadt a.d.Aisch-Bad Windsheim,Diespeck,91456,3702,21.0,49.595487,10.627065
095755521128,Bayern,Neustadt a.d.Aisch-Bad Windsheim,Gutenstetten,91468,1289,21.36,49.615842,10.630312
095755521150,Bayern,Neustadt a.d.Aisch-Bad Windsheim,Münchsteinach,91481,1417,29.46,49.638754,10.595943
095755522117,Bayern,Neustadt a.d.Aisch-Bad Windsheim,"Dachsbach, M",91462,1815,20.57,49.63911,10.706058
095755522125,Bayern,Neustadt a.d.Aisch-Bad Windsheim,Gerhardshofen,91466,2508,27.22,49.630671,10.691437
095755522167,Bayern,Neustadt a.d.Aisch-Bad Windsheim,"Uehlfeld, M",91486,3097,31.23,49.671251,10.722083
095755524115,Bayern,Neustadt a.d.Aisch-Bad Windsheim,"Burgbernheim, St",91593,3517,42.3,49.450379,10.324447
095755524124,Bayern,Neustadt a.d.Aisch-Bad Windsheim,Gallmersgarten,91605,736,15.18,49.458198,10.279387
095755524133,Bayern,Neustadt a.d.Aisch-Bad Windsheim,Illesheim,91471,934,21.42,49.480197,10.379299
095755524143,Bayern,Neustadt a.d.Aisch-Bad Windsheim,"Marktbergel, M",91613,1646,24.19,49.443326,10.363102
095755525152,Bayern,Neustadt a.d.Aisch-Bad Windsheim,"Neuhof a.d.Zenn, M",90616,2186,30.85,49.456964,10.643548
095755525166,Bayern,Neustadt a.d.Aisch-Bad Windsheim,Trautskirchen,90619,1309,19.81,49.457658,10.590874
095759451451,Bayern,Neustadt a.d.Aisch-Bad Windsheim,Osing,,0,2.74,49.568268,10.393354
095760111111,Bayern,Roth,"Abenberg, St",91183,5455,48.41,49.241703,10.963645
095760113113,Bayern,Roth,"Allersberg, M",90580,8498,59.7,49.251415,11.236588
095760117117,Bayern,Roth,Büchenbach,91186,5419,30.76,49.266782,11.052778
095760121121,Bayern,Roth,Georgensgmünd,91166,6891,46.89,49.188088,11.013793
095760122122,Bayern,Roth,"Greding, St",91171,7070,103.73,49.046413,11.353332
095760126126,Bayern,Roth,"Heideck, St",91180,4662,58.64,49.132203,11.126163
095760127127,Bayern,Roth,"Hilpoltstein, St",91161,13707,89.72,49.190711,11.188846
095760128128,Bayern,Roth,Kammerstein,91126,3046,37.08,49.292456,10.974932
095760132132,Bayern,Roth,"Schwanstetten, M",90596,7146,32.35,49.301115,11.121745
095760137137,Bayern,Roth,Rednitzhembach,91126,6922,13.01,49.30264,11.079203
095760141141,Bayern,Roth,Röttenbach,91187,3351,21.64,49.151493,11.031847
095760142142,Bayern,Roth,Rohr,91189,3724,46.52,49.339156,10.888876
095760143143,Bayern,Roth,"Roth, St",91154,25473,96.33,49.244523,11.090664
095760147147,Bayern,Roth,"Spalt, St",91174,5203,55.67,49.176045,10.92494
095760148148,Bayern,Roth,"Thalmässing, M",91177,5233,80.55,49.087489,11.218105
095760151151,Bayern,Roth,"Wendelstein, M",90530,16410,50.88,49.354851,11.1449
095769451451,Bayern,Roth,Abenberger Wald,,0,3.16,49.230549,10.980497
095769452452,Bayern,Roth,Dechenwald,,0,1.67,49.305071,10.9066
095769453453,Bayern,Roth,Forst Kleinschwarzenlohe,,0,13.91,49.373935,11.142348
095769454454,Bayern,Roth,Heidenberg,,0,3.23,49.286753,10.999405
095769455455,Bayern,Roth,Soos,,0,1.3,49.29445,11.101864
095770114114,Bayern,Weißenburg-Gunzenhausen,Muhr a.See,91735,2425,10.95,49.155246,10.71106
095770136136,Bayern,Weißenburg-Gunzenhausen,"Gunzenhausen, St",91710,16698,82.72,49.113471,10.759225
095770148148,Bayern,Weißenburg-Gunzenhausen,Langenaltheim,91799,2221,39.06,48.893971,10.93313
095770158158,Bayern,Weißenburg-Gunzenhausen,"Pappenheim, St",91788,3934,64.32,48.934776,10.974589
095770161161,Bayern,Weißenburg-Gunzenhausen,"Pleinfeld, M",91785,7322,71.36,49.105396,10.985801
095770162162,Bayern,Weißenburg-Gunzenhausen,Polsingen,91805,1779,33.86,48.919506,10.710624
095770168168,Bayern,Weißenburg-Gunzenhausen,Solnhofen,91807,1784,13.56,48.895721,10.994054
095770173173,Bayern,Weißenburg-Gunzenhausen,"Treuchtlingen, St",91757,13110,103.38,48.9582,10.905634
095770177177,Bayern,Weißenburg-Gunzenhausen,"Weißenburg i.Bay., GKSt",91781,18172,97.59,49.030107,10.971667
095775532111,Bayern,Weißenburg-Gunzenhausen,"Absberg, M",91720,1435,18.98,49.14455,10.881266
095775532138,Bayern,Weißenburg-Gunzenhausen,Haundorf,91729,2740,51.34,49.176499,10.773709
095775532159,Bayern,Weißenburg-Gunzenhausen,Pfofeld,91738,1454,23.88,49.104669,10.838689
095775532172,Bayern,Weißenburg-Gunzenhausen,Theilenhofen,91741,1140,20.33,49.083211,10.852464
095775533113,Bayern,Weißenburg-Gunzenhausen,Alesheim,91793,962,20.45,49.046568,10.866072
095775533122,Bayern,Weißenburg-Gunzenhausen,Dittenheim,91723,1873,29.33,49.0573,10.788649
095775533149,Bayern,Weißenburg-Gunzenhausen,"Markt Berolzheim, M",91801,1259,14.56,49.007979,10.844561
095775533150,Bayern,Weißenburg-Gunzenhausen,Meinheim,91802,840,16.35,49.029251,10.813813
095775534125,Bayern,Weißenburg-Gunzenhausen,"Ellingen, St",91792,3923,31.25,49.060787,10.967915
095775534127,Bayern,Weißenburg-Gunzenhausen,Ettenstatt,91796,886,15.85,49.077933,11.055524
095775534141,Bayern,Weißenburg-Gunzenhausen,Höttingen,91798,1078,19.26,49.062695,11.005087
095775535115,Bayern,Weißenburg-Gunzenhausen,Bergen,91790,1147,19.92,49.073504,11.113882
095775535120,Bayern,Weißenburg-Gunzenhausen,Burgsalach,91790,1141,19.3,49.033186,11.097575
095775535151,Bayern,Weißenburg-Gunzenhausen,"Nennslingen, M",91790,1429,21.97,49.046734,11.131541
095775535163,Bayern,Weißenburg-Gunzenhausen,Raitenbuch,91790,1215,38.17,49.014939,11.126572
095775536133,Bayern,Weißenburg-Gunzenhausen,"Gnotzheim, M",91728,805,12.47,49.059888,10.71384
095775536140,Bayern,Weißenburg-Gunzenhausen,"Heidenheim, M",91719,2464,52.26,49.017099,10.743353
095775536179,Bayern,Weißenburg-Gunzenhausen,Westheim,91747,1171,28.32,49.003705,10.66252
096610000000,Bayern,Aschaffenburg,Aschaffenburg,63701,73326,62.45,49.973506,9.147832
096620000000,Bayern,Schweinfurt,Schweinfurt,97420,54539,35.7,50.045505,10.230301
096630000000,Bayern,Würzburg,Würzburg,97070,133753,87.6,49.79393,9.93725
096710111111,Bayern,Aschaffenburg,"Alzenau, St",63755,17968,59.3,50.08681,9.071865
096710112112,Bayern,Aschaffenburg,Bessenbach,63856,5373,29.97,49.961041,9.246066
096710114114,Bayern,Aschaffenburg,Karlstein a.Main,63791,7531,12.67,50.048052,9.008497
096710119119,Bayern,Aschaffenburg,Geiselbach,63826,2099,12.44,50.122675,9.198109
096710120120,Bayern,Aschaffenburg,Glattbach,63864,3183,3.53,50.007221,9.149913
096710121121,Bayern,Aschaffenburg,"Goldbach, M",63773,9784,10.96,49.997821,9.183308
096710122122,Bayern,Aschaffenburg,"Großostheim, M",63762,15762,44.31,49.919187,9.074496
096710124124,Bayern,Aschaffenburg,Haibach,63808,7977,7.35,49.964977,9.202982
096710130130,Bayern,Aschaffenburg,"Hösbach, M",63768,12965,30.58,50.003889,9.203202
096710133133,Bayern,Aschaffenburg,Johannesberg,63867,4075,13.63,50.030749,9.143557
096710134134,Bayern,Aschaffenburg,Kahl a.Main,63796,8544,10.64,50.070293,9.005097
096710136136,Bayern,Aschaffenburg,Kleinostheim,63801,8153,13.89,49.99941,9.062952
096710139139,Bayern,Aschaffenburg,Laufach,63846,5049,15.6,50.013879,9.297033
096710140140,Bayern,Aschaffenburg,Mainaschaff,63814,8627,7.3,49.981077,9.087302
096710143143,Bayern,Aschaffenburg,"Mömbris, M",63776,11247,35.86,50.068869,9.16584
096710148148,Bayern,Aschaffenburg,Rothenbuch,63860,1658,7.05,49.967421,9.397565
096710150150,Bayern,Aschaffenburg,Sailauf,63877,3591,13.81,50.024451,9.255757
096710155155,Bayern,Aschaffenburg,"Stockstadt a.Main, M",63811,7852,18.87,49.979668,9.063789
096710156156,Bayern,Aschaffenburg,Waldaschaff,63857,4053,6.59,49.973959,9.299599
096710157157,Bayern,Aschaffenburg,Weibersbrunn,63879,1806,2.89,49.93084,9.365114
096715602126,Bayern,Aschaffenburg,Heigenbrücken,63869,2224,6.73,50.026528,9.371773
096715602128,Bayern,Aschaffenburg,Heinrichsthal,63871,816,4.52,50.071523,9.344068
096715603127,Bayern,Aschaffenburg,Heimbuchenthal,63872,2128,17.14,49.895194,9.303118
096715603141,Bayern,Aschaffenburg,Mespelbrunn,63875,2170,15.52,49.916005,9.289835
096715603160,Bayern,Aschaffenburg,Dammbach,63874,1887,38.57,49.861134,9.336741
096715604113,Bayern,Aschaffenburg,Blankenbach,63825,1466,3.96,50.063453,9.232669
096715604135,Bayern,Aschaffenburg,Kleinkahl,63828,1807,14.2,50.106403,9.275529
096715604138,Bayern,Aschaffenburg,Krombach,63829,2011,10.65,50.083556,9.206654
096715604152,Bayern,Aschaffenburg,"Schöllkrippen, M",63825,4092,12.64,50.085774,9.245601
096715604153,Bayern,Aschaffenburg,Sommerkahl,63825,1254,5.46,50.070187,9.258161
096715604159,Bayern,Aschaffenburg,Westerngrund,63825,1945,14.77,50.125878,9.240606
096715604162,Bayern,Aschaffenburg,Wiesen,63831,1023,5.64,50.112221,9.363698
096719451451,Bayern,Aschaffenburg,Forst Hain i.Spessart,,0,21.1,50.003991,9.368206
096719453453,Bayern,Aschaffenburg,Heinrichsthaler Forst,,0,26.75,50.052689,9.372651
096719456456,Bayern,Aschaffenburg,Rohrbrunner Forst,,0,33.36,49.911893,9.402574
096719457457,Bayern,Aschaffenburg,Rothenbucher Forst,,0,34.91,49.965143,9.425294
096719458458,Bayern,Aschaffenburg,Sailaufer Forst,,0,14.35,50.043221,9.299442
096719459459,Bayern,Aschaffenburg,Schöllkrippener Forst,,0,18.08,50.086066,9.304291
096719460460,Bayern,Aschaffenburg,Waldaschaffer Forst,,0,23.11,49.939989,9.324707
096719461461,Bayern,Aschaffenburg,Wiesener Forst,,0,20.19,50.113165,9.334437
096720112112,Bayern,Bad Kissingen,"Bad Bocklet, M",97708,4669,37.92,50.265699,10.080311
096720113113,Bayern,Bad Kissingen,"Bad Brückenau, St",97769,6415,23.71,50.309455,9.786819
096720114114,Bayern,Bad Kissingen,"Bad Kissingen, GKSt",97688,23191,69.92,50.200795,10.077888
096720117117,Bayern,Bad Kissingen,"Burkardroth, M",97705,7256,69.15,50.267701,9.994594
096720127127,Bayern,Bad Kissingen,"Hammelburg, St",97762,10557,128.88,50.115381,9.89097
096720134134,Bayern,Bad Kissingen,Motten,97786,1729,23.8,50.398797,9.769753
096720135135,Bayern,Bad Kissingen,"Münnerstadt, St",97702,7538,93.11,50.248726,10.195481
096720136136,Bayern,Bad Kissingen,Nüdlingen,97720,3811,26.34,50.22115,10.123789
096720139139,Bayern,Bad Kissingen,"Oberthulba, M",97723,4954,52.48,50.198925,9.961254
096720140140,Bayern,Bad Kissingen,Oerlenbach,97714,5052,33.42,50.143562,10.133993
096720161161,Bayern,Bad Kissingen,Wartmannsroth,97797,2109,53.47,50.166472,9.787031
096720163163,Bayern,Bad Kissingen,"Wildflecken, M",97772,2863,80.33,50.375776,9.906676
096720166166,Bayern,Bad Kissingen,"Zeitlofs, M",97799,1968,40.92,50.260481,9.673434
096725606126,Bayern,Bad Kissingen,"Geroda, M",97779,778,16.8,50.279954,9.893743
096725606138,Bayern,Bad Kissingen,Oberleichtersbach,97789,2104,27.59,50.273228,9.804018
096725606145,Bayern,Bad Kissingen,Riedenberg,97792,930,15.14,50.319842,9.860312
096725606149,Bayern,Bad Kissingen,"Schondra, M",97795,1621,28.62,50.269823,9.859881
096725607121,Bayern,Bad Kissingen,"Elfershausen, M",97725,2832,34.9,50.145341,9.964231
096725607124,Bayern,Bad Kissingen,Fuchsstadt,97727,1866,18.3,50.108272,9.930172
096725608111,Bayern,Bad Kissingen,Aura a.d.Saale,97717,855,10.1,50.164483,10.00738
096725608122,Bayern,Bad Kissingen,"Euerdorf, M",97717,1505,16.33,50.147727,10.019246
096725608142,Bayern,Bad Kissingen,Ramsthal,97729,1090,10.42,50.13965,10.069741
096725608155,Bayern,Bad Kissingen,"Sulzthal, M",97717,849,15.05,50.131792,10.034484
096725609131,Bayern,Bad Kissingen,"Maßbach, M",97711,4334,59.31,50.184506,10.275658
096725609143,Bayern,Bad Kissingen,Rannungen,97517,1086,17.34,50.167317,10.206469
096725609157,Bayern,Bad Kissingen,Thundorf i.UFr.,97711,988,15.58,50.200112,10.319093
096729451451,Bayern,Bad Kissingen,Dreistelzer Forst,,0,0.85,50.278549,9.7652
096729454454,Bayern,Bad Kissingen,Forst Detter-Süd,,0,11.39,50.206806,9.753397
096729455455,Bayern,Bad Kissingen,Geiersnest-Ost,,0,19.61,50.221623,9.813822
096729456456,Bayern,Bad Kissingen,Geiersnest-West,,0,2.42,50.242766,9.780896
096729458458,Bayern,Bad Kissingen,Kälberberg,,0,2.34,50.273828,9.695502
096729461461,Bayern,Bad Kissingen,Mottener Forst-Süd,,0,5.05,50.354494,9.783898
096729462462,Bayern,Bad Kissingen,Neuwirtshauser Forst,,0,20.69,50.213551,9.849565
096729463463,Bayern,Bad Kissingen,Omerz u. Roter Berg,,0,6.51,50.180874,9.733342
096729464464,Bayern,Bad Kissingen,Römershager Forst-Nord,,0,12.92,50.332386,9.793132
096729465465,Bayern,Bad Kissingen,Römershager Forst-Ost,,0,3.76,50.308844,9.836082
096729466466,Bayern,Bad Kissingen,Roßbacher Forst,,0,21.15,50.197388,9.711081
096729468468,Bayern,Bad Kissingen,Waldfensterer Forst,,0,11.29,50.243612,9.94484
096730114114,Bayern,Rhön-Grabfeld,"Bad Neustadt a.d.Saale, St",97616,15405,36.9,50.329758,10.206512
096730117117,Bayern,Rhön-Grabfeld,"Bischofsheim i.d.Rhön, St",97653,4686,67.7,50.400975,10.008969
096730141141,Bayern,Rhön-Grabfeld,"Bad Königshofen i.Grabfeld, St",97631,5917,69.51,50.299384,10.467271
096730149149,Bayern,Rhön-Grabfeld,"Oberelsbach, M",97656,2634,67.65,50.440597,10.119621
096730162162,Bayern,Rhön-Grabfeld,Sandberg,97657,2291,28.02,50.34894,10.007038
096735633116,Bayern,Rhön-Grabfeld,Bastheim,97654,1976,41.74,50.402048,10.203209
096735633130,Bayern,Rhön-Grabfeld,Hendungen,97640,824,22.79,50.394282,10.353266
096735633142,Bayern,Rhön-Grabfeld,"Mellrichstadt, St",97638,5458,56.04,50.428478,10.308184
096735633151,Bayern,Rhön-Grabfeld,Oberstreu,97640,1464,22.62,50.402879,10.286933
096735633170,Bayern,Rhön-Grabfeld,Stockheim,97640,1029,19.68,50.458635,10.27181
096735634113,Bayern,Rhön-Grabfeld,Aubstadt,97633,736,11.92,50.334541,10.434479
096735634126,Bayern,Rhön-Grabfeld,Großbardorf,97633,931,16.54,50.268767,10.36886
096735634131,Bayern,Rhön-Grabfeld,Herbstadt,97633,611,20.7,50.330664,10.501167
096735634134,Bayern,Rhön-Grabfeld,Höchheim,97633,1023,25.26,50.363156,10.449855
096735634172,Bayern,Rhön-Grabfeld,Sulzdorf a.d.Lederhecke,97528,1140,36.36,50.240205,10.561715
096735634173,Bayern,Rhön-Grabfeld,Sulzfeld,97633,1772,22.52,50.260471,10.404897
096735634174,Bayern,Rhön-Grabfeld,"Trappstadt, M",97633,869,25.79,50.319828,10.570697
096735635135,Bayern,Rhön-Grabfeld,Hohenroth,97618,3555,17.14,50.314143,10.17179
096735635146,Bayern,Rhön-Grabfeld,Niederlauer,97618,1652,9.08,50.296206,10.17964
096735635156,Bayern,Rhön-Grabfeld,Rödelmaier,97618,948,6.27,50.319705,10.277472
096735635161,Bayern,Rhön-Grabfeld,Salz,97616,2278,8.65,50.309492,10.20876
096735635163,Bayern,Rhön-Grabfeld,Schönau a.d.Brend,97659,1199,15.57,50.380479,10.104756
096735635171,Bayern,Rhön-Grabfeld,Strahlungen,97618,961,13.43,50.283115,10.232177
096735635186,Bayern,Rhön-Grabfeld,Burglauer,97724,1710,13.94,50.276566,10.17997
096735637123,Bayern,Rhön-Grabfeld,"Fladungen, St",97650,2064,46.34,50.522474,10.144596
096735637129,Bayern,Rhön-Grabfeld,Hausen,97647,687,24.23,50.505343,10.12623
096735637147,Bayern,Rhön-Grabfeld,Nordheim v.d.Rhön,97647,1046,16.56,50.478924,10.18169
096735638133,Bayern,Rhön-Grabfeld,Heustreu,97618,1263,10.56,50.35418,10.258
096735638136,Bayern,Rhön-Grabfeld,Hollstadt,97618,1510,24.3,50.353197,10.288395
096735638175,Bayern,Rhön-Grabfeld,Unsleben,97618,965,8.92,50.377835,10.256482
096735638183,Bayern,Rhön-Grabfeld,Wollbach,97618,1404,7.58,50.365686,10.225025
096735639153,Bayern,Rhön-Grabfeld,"Ostheim v.d.Rhön, St",97645,3308,40.85,50.457945,10.230125
096735639167,Bayern,Rhön-Grabfeld,Sondheim v.d.Rhön,97647,933,18.58,50.464136,10.158129
096735639182,Bayern,Rhön-Grabfeld,Willmars,97647,555,12.18,50.501247,10.241892
096735640127,Bayern,Rhön-Grabfeld,Großeibstadt,97633,1034,16.65,50.300535,10.409736
096735640160,Bayern,Rhön-Grabfeld,"Saal a.d.Saale, M",97633,1517,21.57,50.317076,10.354982
096735640184,Bayern,Rhön-Grabfeld,Wülfershausen a.d.Saale,97618,1547,18.13,50.3335,10.345803
096739451451,Bayern,Rhön-Grabfeld,Bundorfer Forst,,0,18.06,50.220955,10.456075
096739452452,Bayern,Rhön-Grabfeld,Burgwallbacher Forst,,0,16.18,50.359113,10.070776
096739453453,Bayern,Rhön-Grabfeld,Forst Schmalwasser-Nord,,0,1.69,50.354384,10.029739
096739454454,Bayern,Rhön-Grabfeld,Forst Schmalwasser-Süd,,0,14.27,50.315433,10.043833
096739455455,Bayern,Rhön-Grabfeld,Mellrichstadter Forst,,0,4.14,50.517337,10.197895
096739456456,Bayern,Rhön-Grabfeld,Steinacher Forst r.d.Saale,,0,19.84,50.327098,10.096019
096739457457,Bayern,Rhön-Grabfeld,Sulzfelder Forst,,0,2.54,50.229111,10.427781
096739458458,Bayern,Rhön-Grabfeld,Weigler,,0,2.72,50.360659,10.38767
096740133133,Bayern,Haßberge,"Eltmann, St",97483,5304,40.81,49.971589,10.664635
096740147147,Bayern,Haßberge,"Haßfurt, St",97437,13780,52.66,50.031494,10.506648
096740159159,Bayern,Haßberge,Oberaurach,97514,3995,45.13,49.926205,10.660283
096740163163,Bayern,Haßberge,Knetzgau,97478,6379,61.57,49.994429,10.546513
096740164164,Bayern,Haßberge,"Königsberg i.Bay., St",97486,3575,61.88,50.080997,10.569258
096740171171,Bayern,Haßberge,"Maroldsweisach, M",96126,3069,71.86,50.197969,10.658122
096740187187,Bayern,Haßberge,Rauhenebrach,96181,2713,61.07,49.888834,10.552708
096740195195,Bayern,Haßberge,Sand a.Main,97522,3033,12.27,49.987545,10.588094
096740210210,Bayern,Haßberge,Untermerzbach,96190,1591,27.75,50.126535,10.856144
096740221221,Bayern,Haßberge,"Zeil a.Main, St",97475,5506,35.67,50.008547,10.595267
096745610118,Bayern,Haßberge,Breitbrunn,96151,1034,12.4,50.018072,10.70173
096745610129,Bayern,Haßberge,Ebelsbach,97500,3795,25.77,49.984027,10.674474
096745610160,Bayern,Haßberge,Kirchlauter,96166,1320,16.91,50.043605,10.716606
096745610201,Bayern,Haßberge,Stettfeld,96188,1107,11.15,49.971541,10.724647
096745611130,Bayern,Haßberge,"Ebern, St",96106,7153,95.01,50.093985,10.793894
096745611184,Bayern,Haßberge,Pfarrweisach,96176,1430,28.43,50.14588,10.737993
096745611190,Bayern,Haßberge,"Rentweinsdorf, M",96184,1513,24.61,50.065013,10.798737
096745612111,Bayern,Haßberge,Aidhausen,97491,1625,37.3,50.154108,10.436956
096745612120,Bayern,Haßberge,Bundorf,97494,915,40.23,50.214316,10.522238
096745612121,Bayern,Haßberge,"Burgpreppach, M",97496,1333,38.76,50.140945,10.648428
096745612149,Bayern,Haßberge,"Hofheim i.UFr., St",97461,5095,56.34,50.137398,10.522104
096745612153,Bayern,Haßberge,Riedbach,97519,1718,31.68,50.120708,10.450476
096745612223,Bayern,Haßberge,Ermershausen,96126,522,9.21,50.208875,10.625056
096745613139,Bayern,Haßberge,Gädheim,97503,1315,9.58,50.024261,10.343449
096745613180,Bayern,Haßberge,Theres,97531,2667,30.77,50.019983,10.447021
096745613219,Bayern,Haßberge,Wonfurt,97539,1903,17.36,50.011902,10.466646
096750117117,Bayern,Kitzingen,"Dettelbach, St",97337,6890,60.94,49.801715,10.160342
096750127127,Bayern,Kitzingen,"Geiselwind, M",96160,2672,48.75,49.773441,10.470633
096750141141,Bayern,Kitzingen,"Kitzingen, GKSt",97318,23028,46.99,49.736047,10.159239
096750144144,Bayern,Kitzingen,"Mainbernheim, St",97350,2215,12.21,49.708023,10.218579
096750158158,Bayern,Kitzingen,"Prichsenstadt, St",97357,2989,48.87,49.817844,10.350427
096750165165,Bayern,Kitzingen,"Schwarzach a.Main, M",97359,3659,21.11,49.799637,10.230255
096755614111,Bayern,Kitzingen,"Abtswind, M",97355,837,12.81,49.77071,10.372217
096755614116,Bayern,Kitzingen,Castell,97355,832,22.92,49.743044,10.34926
096755614162,Bayern,Kitzingen,"Rüdenhausen, M",97355,852,6.88,49.765202,10.342259
096755614178,Bayern,Kitzingen,"Wiesentheid, M",97353,4893,33.37,49.794578,10.343607
096755615131,Bayern,Kitzingen,"Großlangheim, M",97320,1557,14.77,49.755144,10.239769
096755615142,Bayern,Kitzingen,"Kleinlangheim, M",97355,1664,19.09,49.770453,10.285372
096755615177,Bayern,Kitzingen,Wiesenbronn,97355,1086,10.57,49.747215,10.305512
096755616139,Bayern,Kitzingen,"Iphofen, St",97346,4822,78.06,49.70383,10.259423
096755616148,Bayern,Kitzingen,"Markt Einersheim, M",97348,1221,7.77,49.687505,10.295646
096755616161,Bayern,Kitzingen,Rödelsee,97348,2014,11.49,49.728659,10.244063
096755616179,Bayern,Kitzingen,"Willanzheim, M",97348,1597,25.14,49.680328,10.231733
096755617112,Bayern,Kitzingen,Albertshofen,97320,2107,3.8,49.770836,10.158976
096755617113,Bayern,Kitzingen,Biebelried,97318,1282,22.73,49.764669,10.08231
096755617114,Bayern,Kitzingen,Buchbrunn,97320,1089,4.57,49.759408,10.135227
096755617146,Bayern,Kitzingen,Mainstockheim,97320,1939,8.52,49.772867,10.152113
096755617170,Bayern,Kitzingen,Sulzfeld a.Main,97320,1240,7.68,49.708224,10.130682
096755618147,Bayern,Kitzingen,"Marktbreit, St",97340,3764,20.16,49.668679,10.144126
096755618149,Bayern,Kitzingen,"Marktsteft, St",97342,1801,10.51,49.696729,10.135151
096755618150,Bayern,Kitzingen,Martinsheim,97340,1013,23.22,49.62401,10.149589
096755618156,Bayern,Kitzingen,"Obernbreit, M",97342,1636,9.84,49.65804,10.166032
096755618166,Bayern,Kitzingen,Segnitz,97340,803,2.72,49.673075,10.142531
096755618167,Bayern,Kitzingen,"Seinsheim, M",97342,1046,17.51,49.641667,10.21951
096755619155,Bayern,Kitzingen,Nordheim a.Main,97334,980,5.35,49.858395,10.18145
096755619169,Bayern,Kitzingen,Sommerach,97334,1493,5.71,49.828894,10.204484
096755619174,Bayern,Kitzingen,"Volkach, St",97332,8450,60.1,49.864209,10.226896
096760112112,Bayern,Miltenberg,"Amorbach, St",63916,3911,50.9,49.644565,9.21813
096760117117,Bayern,Miltenberg,Collenberg,97903,2448,25.66,49.771638,9.338969
096760118118,Bayern,Miltenberg,Dorfprozelten,97904,1702,11.33,49.778692,9.380231
096760119119,Bayern,Miltenberg,Eichenbühl,63928,2464,31.23,49.705561,9.327814
096760121121,Bayern,Miltenberg,"Elsenfeld, M",63820,9069,24.38,49.846407,9.161132
096760122122,Bayern,Miltenberg,"Erlenbach a.Main, St",63906,9688,16.31,49.802337,9.160594
096760123123,Bayern,Miltenberg,"Eschau, M",63863,3883,38.11,49.820249,9.256995
096760124124,Bayern,Miltenberg,Faulbach,97906,2566,10.99,49.783411,9.442597
096760125125,Bayern,Miltenberg,"Großheubach, M",63920,4963,18.89,49.727262,9.221888
096760126126,Bayern,Miltenberg,Großwallstadt,63868,4155,14.02,49.878601,9.158679
096760131131,Bayern,Miltenberg,"Kirchzell, M",63931,2193,63.82,49.618171,9.177112
096760134134,Bayern,Miltenberg,"Klingenberg a.Main, St",63911,6006,21.13,49.783497,9.183177
096760136136,Bayern,Miltenberg,Leidersbach,63849,4634,19.84,49.902153,9.218337
096760139139,Bayern,Miltenberg,"Miltenberg, St",63897,9283,60.26,49.701266,9.257405
096760140140,Bayern,Miltenberg,Mömlingen,63853,4728,18.45,49.858373,9.083711
096760144144,Bayern,Miltenberg,Niedernberg,63843,4756,15.6,49.911359,9.137005
096760145145,Bayern,Miltenberg,"Obernburg a.Main, St",63785,8583,24.82,49.842701,9.143788
096760156156,Bayern,Miltenberg,"Schneeberg, M",63936,1748,16.59,49.639942,9.247183
096760160160,Bayern,Miltenberg,"Sulzbach a.Main, M",63834,7374,19.93,49.908857,9.151373
096760165165,Bayern,Miltenberg,"Weilbach, M",63937,2016,27.26,49.666356,9.214786
096760169169,Bayern,Miltenberg,"Wörth a.Main, St",63939,4748,15.88,49.797293,9.156411
096765626116,Bayern,Miltenberg,"Bürgstadt, M",63927,4148,17.38,49.715559,9.266927
096765626143,Bayern,Miltenberg,Neunkirchen,63930,1437,16.64,49.706531,9.398533
096765627132,Bayern,Miltenberg,"Kleinheubach, M",63924,3608,9.49,49.719166,9.209407
096765627135,Bayern,Miltenberg,Laudenbach,63925,1462,4.94,49.744751,9.173847
096765627153,Bayern,Miltenberg,Rüdenau,63924,717,4.01,49.711322,9.180702
096765630128,Bayern,Miltenberg,Hausen,63840,1836,8.05,49.869813,9.209492
096765630133,Bayern,Miltenberg,"Kleinwallstadt, M",63839,5604,15.79,49.872351,9.166624
096765631141,Bayern,Miltenberg,"Mönchberg, M",63933,2504,24.15,49.792408,9.266743
096765631151,Bayern,Miltenberg,Röllbach,63934,1758,12.41,49.773849,9.247397
096765632111,Bayern,Miltenberg,Altenbuch,97901,1212,37.64,49.827992,9.401534
096765632158,Bayern,Miltenberg,"Stadtprozelten, St",97909,1542,10.87,49.783331,9.408401
096769452452,Bayern,Miltenberg,Forstwald,,0,4.11,49.826092,9.179781
096769455455,Bayern,Miltenberg,Hohe Wart,,0,4.68,49.914347,9.264481
096770114114,Bayern,Main-Spessart,"Arnstein, St",97450,8235,112.1,49.978736,9.966942
096770127127,Bayern,Main-Spessart,Eußenheim,97776,2994,56.8,49.989568,9.808713
096770129129,Bayern,Main-Spessart,"Frammersbach, M",97833,4404,19.19,50.063544,9.470432
096770131131,Bayern,Main-Spessart,"Gemünden a.Main, St",97737,10021,75.06,50.051307,9.700757
096770148148,Bayern,Main-Spessart,"Karlstadt, St",97753,14719,98.15,49.962153,9.764132
096770154154,Bayern,Main-Spessart,"Triefenstein, M",97855,4170,25.47,49.811476,9.602788
096770155155,Bayern,Main-Spessart,"Lohr a.Main, St",97816,14964,90.42,49.993219,9.575872
096770157157,Bayern,Main-Spessart,"Marktheidenfeld, St",97828,11306,35.7,49.844144,9.600307
096770177177,Bayern,Main-Spessart,"Rieneck, St",97794,1833,26.19,50.093154,9.648272
096775620137,Bayern,Main-Spessart,Hasloch,97907,1324,10.38,49.793076,9.491265
096775620151,Bayern,Main-Spessart,"Kreuzwertheim, M",97892,3776,19.99,49.766448,9.515263
096775620182,Bayern,Main-Spessart,Schollbrunn,97852,861,12.3,49.835206,9.463565
096775621119,Bayern,Main-Spessart,Birkenfeld,97834,2117,29.15,49.858627,9.694672
096775621120,Bayern,Main-Spessart,Bischbrunn,97836,1808,36.96,49.868565,9.492085
096775621125,Bayern,Main-Spessart,Erlenbach b.Marktheidenfeld,97837,2387,15.31,49.819185,9.626853
096775621126,Bayern,Main-Spessart,Esselbach,97839,2070,11.93,49.852286,9.52914
096775621135,Bayern,Main-Spessart,Hafenlohr,97840,1759,11.33,49.869021,9.603567
096775621146,Bayern,Main-Spessart,"Karbach, M",97842,1472,24.14,49.867316,9.637912
096775621178,Bayern,Main-Spessart,Roden,97849,1008,20.05,49.89529,9.626192
096775621181,Bayern,Main-Spessart,"Rothenfels, St",97851,948,12.07,49.890749,9.589787
096775621193,Bayern,Main-Spessart,Urspringen,97857,1399,17.99,49.901774,9.671973
096775622116,Bayern,Main-Spessart,Aura i.Sinngrund,97773,913,12.07,50.174553,9.574579
096775622122,Bayern,Main-Spessart,"Burgsinn, M",97775,2306,51.31,50.147057,9.649037
096775622128,Bayern,Main-Spessart,Fellen,97778,838,34.34,50.152252,9.589888
096775622159,Bayern,Main-Spessart,Mittelsinn,97785,743,14.32,50.193443,9.614814
096775622169,Bayern,Main-Spessart,"Obersinn, M",97791,928,11.69,50.209147,9.615206
096775623132,Bayern,Main-Spessart,Gössenheim,97780,1097,11.5,50.019333,9.781104
096775623133,Bayern,Main-Spessart,Gräfendorf,97782,1283,45.3,50.121214,9.738256
096775623149,Bayern,Main-Spessart,Karsbach,97783,1677,30.16,50.041066,9.783261
096775624164,Bayern,Main-Spessart,Neuendorf,97788,803,9.64,50.036072,9.645834
096775624166,Bayern,Main-Spessart,Neustadt a.Main,97845,1140,19.81,49.930042,9.56761
096775624172,Bayern,Main-Spessart,Rechtenbach,97848,1050,7.28,49.983652,9.507095
096775624186,Bayern,Main-Spessart,Steinfeld,97854,2079,33.69,49.951957,9.668391
096775625142,Bayern,Main-Spessart,Himmelstadt,97267,1601,13.41,49.924436,9.799753
096775625175,Bayern,Main-Spessart,Retzstadt,97282,1675,18.08,49.911453,9.880656
096775625189,Bayern,Main-Spessart,"Thüngen, M",97289,1265,13.6,49.941657,9.857816
096775625203,Bayern,Main-Spessart,"Zellingen, M",97225,6343,41.44,49.899128,9.817367
096775656165,Bayern,Main-Spessart,Neuhütten,97843,1105,5.95,50.003105,9.41984
096775656170,Bayern,Main-Spessart,Partenstein,97846,2679,10.45,50.041254,9.516827
096775656200,Bayern,Main-Spessart,Wiesthal,97859,1215,9.24,50.030589,9.430765
096779452452,Bayern,Main-Spessart,Burgjoß,,0,23.11,50.215206,9.532677
096779453453,Bayern,Main-Spessart,Forst Aura,,0,23.42,50.2042,9.684562
096779454454,Bayern,Main-Spessart,Forst Lohrerstraße,,0,21.32,49.963455,9.468782
096779455455,Bayern,Main-Spessart,Frammersbacher Forst,,0,16.8,50.076382,9.496699
096779456456,Bayern,Main-Spessart,Fürstl. Löwenstein'scher Park,,0,30.66,49.900165,9.51676
096779457457,Bayern,Main-Spessart,Haurain,,0,3.13,50.090975,9.48998
096779458458,Bayern,Main-Spessart,Herrnwald,,0,2.99,50.09903,9.571336
096779459459,Bayern,Main-Spessart,Langenprozeltener Forst,,0,8.66,50.068183,9.606868
096779461461,Bayern,Main-Spessart,Partensteiner Forst,,0,19.37,50.00673,9.47189
096779463463,Bayern,Main-Spessart,Ruppertshüttener Forst,,0,17.77,50.07971,9.572257
096780115115,Bayern,Schweinfurt,Bergrheinfeld,97493,5208,19.86,50.006556,10.180496
096780123123,Bayern,Schweinfurt,Dittelbrunn,97456,7460,23.84,50.075732,10.220985
096780128128,Bayern,Schweinfurt,Euerbach,97502,2850,17.4,50.062696,10.129685
096780132132,Bayern,Schweinfurt,Geldersheim,97505,2514,15.32,50.041966,10.154551
096780135135,Bayern,Schweinfurt,Gochsheim,97469,6082,20.67,50.019951,10.282762
096780136136,Bayern,Schweinfurt,Grafenrheinfeld,97506,3488,11.35,50.002934,10.198374
096780138138,Bayern,Schweinfurt,Grettstadt,97508,4315,34.93,49.984825,10.311893
096780150150,Bayern,Schweinfurt,Kolitzheim,97509,5663,59.09,49.919644,10.236498
096780160160,Bayern,Schweinfurt,Niederwerrn,97464,8347,9.78,50.063381,10.173669
096780168168,Bayern,Schweinfurt,Poppenhausen,97490,4360,39.12,50.100273,10.144501
096780170170,Bayern,Schweinfurt,Röthlein,97520,4377,19.08,49.985703,10.215423
096780174174,Bayern,Schweinfurt,Schonungen,97451,7575,81.02,50.051285,10.304632
096780176176,Bayern,Schweinfurt,Schwebheim,97525,4115,8.1,49.990136,10.248666
096780178178,Bayern,Schweinfurt,Sennfeld,97526,4193,6.98,50.042146,10.260167
096780181181,Bayern,Schweinfurt,"Stadtlauringen, M",97488,4145,63.61,50.187718,10.360578
096780186186,Bayern,Schweinfurt,Üchtelhausen,97532,3736,62.12,50.092281,10.269843
096780190190,Bayern,Schweinfurt,Waigolshausen,97534,2614,23.75,49.962578,10.121655
096780192192,Bayern,Schweinfurt,Wasserlosen,97535,3379,51.3,50.095045,10.029698
096780193193,Bayern,Schweinfurt,"Werneck, M",97440,10056,73.57,49.982612,10.099729
096785642122,Bayern,Schweinfurt,Dingolshausen,97497,1328,10.23,49.906407,10.387831
096785642124,Bayern,Schweinfurt,Donnersdorf,97499,1948,26.97,49.969906,10.417671
096785642130,Bayern,Schweinfurt,Frankenwinheim,97447,984,14.73,49.887039,10.313963
096785642134,Bayern,Schweinfurt,"Gerolzhofen, St",97447,6771,18.39,49.899878,10.350935
096785642153,Bayern,Schweinfurt,Lülsfeld,97511,758,11.2,49.867669,10.320149
096785642157,Bayern,Schweinfurt,Michelau i.Steigerwald,97513,1166,14.16,49.90689,10.430249
096785642164,Bayern,Schweinfurt,"Oberschwarzach, M",97516,1430,25.51,49.860794,10.410276
096785642183,Bayern,Schweinfurt,Sulzheim,97529,2029,26.78,49.946332,10.339803
096785643175,Bayern,Schweinfurt,Schwanfeld,97523,1754,11.99,49.921585,10.137673
096785643196,Bayern,Schweinfurt,Wipfeld,97537,963,5.23,49.921203,10.178171
096789451451,Bayern,Schweinfurt,Bürgerwald,,0,7.99,49.887165,10.457912
096789452452,Bayern,Schweinfurt,Geiersberg,,0,0.78,49.863634,10.43593
096789453453,Bayern,Schweinfurt,Hundelshausen,,0,11.1,49.93494,10.472252
096789454454,Bayern,Schweinfurt,Nonnenkloster,,0,1.22,49.89064,10.43592
096789455455,Bayern,Schweinfurt,Stollbergerforst,,0,4.2,49.880574,10.430385
096789456456,Bayern,Schweinfurt,Vollburg,,0,1.46,49.903984,10.460871
096789457457,Bayern,Schweinfurt,Wustvieler Forst,,0,8.56,49.8992,10.497409
096790126126,Bayern,Würzburg,Eisingen,97249,3379,5.33,49.759302,9.830518
096790134134,Bayern,Würzburg,Gaukönigshofen,97253,2445,31.99,49.63341,10.002455
096790136136,Bayern,Würzburg,Gerbrunn,97218,6500,4.59,49.778601,9.982932
096790142142,Bayern,Würzburg,Güntersleben,97261,4368,16.04,49.869746,9.906743
096790143143,Bayern,Würzburg,Hausen b.Würzburg,97262,2524,21.98,49.927963,10.027047
096790147147,Bayern,Würzburg,"Höchberg, M",97204,9503,7.55,49.784677,9.881124
096790155155,Bayern,Würzburg,Kleinrinderfeld,97271,1956,7.74,49.699387,9.844336
096790156156,Bayern,Würzburg,Kürnach,97273,4541,12.28,49.846629,10.039905
096790164164,Bayern,Würzburg,"Neubrunn, M",97277,2266,26.54,49.730953,9.672206
096790170170,Bayern,Würzburg,"Ochsenfurt, St",97199,11247,63.57,49.665427,10.060849
096790175175,Bayern,Würzburg,"Randersacker, M",97236,3356,16.26,49.75917,9.982109
096790176176,Bayern,Würzburg,"Reichenberg, M",97234,4216,34.79,49.731665,9.916221
096790180180,Bayern,Würzburg,"Rimpar, M",97222,7569,36.41,49.857057,9.956389
096790185185,Bayern,Würzburg,Rottendorf,97228,5271,14.83,49.790279,10.026372
096790193193,Bayern,Würzburg,Theilheim,97288,2310,9.69,49.753886,10.030428
096790194194,Bayern,Würzburg,Thüngersheim,97291,2645,11.06,49.878637,9.84164
096790200200,Bayern,Würzburg,Leinach,97274,3245,28.01,49.865408,9.798952
096790201201,Bayern,Würzburg,Unterpleichfeld,97294,3148,23.93,49.868528,10.044621
096790202202,Bayern,Würzburg,Veitshöchheim,97209,9694,10.76,49.833205,9.87255
096790204204,Bayern,Würzburg,Waldbrunn,97295,2915,6.62,49.758046,9.800435
096790205205,Bayern,Würzburg,Waldbüttelbrunn,97297,4904,19.16,49.787616,9.842148
096790209209,Bayern,Würzburg,"Zell a.Main, M",97299,4346,9.95,49.811009,9.86927
096795644114,Bayern,Würzburg,"Aub, St",97239,1325,17.54,49.552013,10.06413
096795644135,Bayern,Würzburg,"Gelchsheim, M",97255,834,15.75,49.572998,10.020985
096795644188,Bayern,Würzburg,Sonderhofen,97255,876,18.8,49.59447,10.001698
096795645117,Bayern,Würzburg,Bergtheim,97241,3709,26.48,49.898712,10.067369
096795645169,Bayern,Würzburg,Oberpleichfeld,97241,1133,8.65,49.876795,10.085127
096795646124,Bayern,Würzburg,"Eibelstadt, St",97246,3089,7.07,49.724853,10.000876
096795646131,Bayern,Würzburg,"Frickenhausen a.Main, M",97252,1194,10.55,49.671127,10.09358
096795646187,Bayern,Würzburg,"Sommerhausen, M",97286,1889,7.21,49.70595,10.025809
096795646206,Bayern,Würzburg,"Winterhausen, M",97286,1386,8.73,49.707964,10.014912
096795647130,Bayern,Würzburg,Estenfeld,97230,5291,18.13,49.830509,10.004205
096795647167,Bayern,Würzburg,"Eisenheim, M",97247,1314,11.56,49.890048,10.17989
096795647174,Bayern,Würzburg,Prosselsheim,97279,1152,20.03,49.863381,10.128597
096795648122,Bayern,Würzburg,"Bütthard, M",97244,1279,36.26,49.599237,9.879553
096795648138,Bayern,Würzburg,"Giebelstadt, M",97232,5556,48.05,49.653361,9.947387
096795649144,Bayern,Würzburg,"Helmstadt, M",97264,2517,22.8,49.760569,9.707384
096795649149,Bayern,Würzburg,Holzkirchen,97292,945,8.42,49.782004,9.6806
096795649177,Bayern,Würzburg,"Remlingen, M",97280,1460,20.45,49.80431,9.694674
096795649196,Bayern,Würzburg,Uettingen,97292,1938,13.52,49.795403,9.729739
096795650137,Bayern,Würzburg,Geroldshausen,97256,1363,10.39,49.684161,9.900551
096795650153,Bayern,Würzburg,Kirchheim,97268,2172,18.98,49.655984,9.858042
096795651154,Bayern,Würzburg,Kist,97270,2662,3.86,49.744365,9.844874
096795651165,Bayern,Würzburg,Altertheim,97237,1962,24.06,49.727574,9.763603
096795652128,Bayern,Würzburg,Erlabrunn,97250,1835,4.01,49.860126,9.842166
096795652161,Bayern,Würzburg,Margetshöchheim,97276,3085,6.67,49.835946,9.863862
096795654118,Bayern,Würzburg,Bieberehren,97243,850,14.82,49.514836,10.008247
096795654179,Bayern,Würzburg,Riedenheim,97283,739,23.99,49.556588,9.974407
096795654182,Bayern,Würzburg,"Röttingen, St",97285,1687,27.21,49.510312,9.969683
096795654192,Bayern,Würzburg,Tauberrettersheim,97285,799,8.56,49.49422,9.935868
096795655141,Bayern,Würzburg,Greußenheim,97259,1609,17.66,49.814012,9.765505
096795655146,Bayern,Würzburg,Hettstadt,97265,3588,13.92,49.801523,9.815768
096799451451,Bayern,Würzburg,Gramschatzer Wald,,0,22.27,49.90172,9.953369
096799452452,Bayern,Würzburg,Guttenberger Wald,,0,18.05,49.734663,9.868219
096799453453,Bayern,Würzburg,Irtenberger Wald,,0,14.8,49.736308,9.805923
097610000000,Bayern,Augsburg,Augsburg,86150,301786,146.85,48.368384,10.897594
097620000000,Bayern,Kaufbeuren,Kaufbeuren,87600,46282,40.02,47.879698,10.620583
097630000000,Bayern,Kempten (Allgäu),Kempten (Allgäu),87435,67916,63.28,47.724016,10.317823
097640000000,Bayern,Memmingen,Memmingen,87700,44378,70.11,47.984959,10.181558
097710112112,Bayern,Aichach-Friedberg,Affing,86444,5586,44.82,48.457486,10.981809
097710113113,Bayern,Aichach-Friedberg,"Aichach, St",86551,22011,92.83,48.459481,11.129767
097710130130,Bayern,Aichach-Friedberg,"Friedberg, St",86316,29980,81.25,48.355216,10.980953
097710140140,Bayern,Aichach-Friedberg,Hollenbach,86568,2530,26.09,48.488339,11.075061
097710141141,Bayern,Aichach-Friedberg,"Inchenhofen, M",86570,2760,27.54,48.511121,11.115439
097710142142,Bayern,Aichach-Friedberg,Kissing,86438,11671,23.12,48.295828,10.98699
097710145145,Bayern,Aichach-Friedberg,Merching,86504,3203,24.83,48.244229,10.983652
097710158158,Bayern,Aichach-Friedberg,Rehling,86508,2710,26.25,48.486862,10.924886
097710160160,Bayern,Aichach-Friedberg,Ried,86510,3289,29.21,48.289923,11.043276
097715701114,Bayern,Aichach-Friedberg,"Aindling, M",86447,4694,31.38,48.513814,10.953041
097715701155,Bayern,Aichach-Friedberg,Petersdorf,86574,1744,19.49,48.507729,11.018061
097715701169,Bayern,Aichach-Friedberg,Todtenweis,86447,1508,20.25,48.516117,10.930284
097715703144,Bayern,Aichach-Friedberg,"Kühbach, M",86556,4100,37.5,48.49172,11.184385
097715703162,Bayern,Aichach-Friedberg,Schiltberg,86576,1956,29.78,48.461785,11.249492
097715704111,Bayern,Aichach-Friedberg,Adelzhausen,86559,1875,16.96,48.35707,11.137667
097715704122,Bayern,Aichach-Friedberg,Dasing,86453,5840,40.83,48.384785,11.048293
097715704129,Bayern,Aichach-Friedberg,Eurasburg,86495,1840,23.94,48.335239,11.085901
097715704149,Bayern,Aichach-Friedberg,Obergriesbach,86573,2022,10.31,48.421666,11.064895
097715704165,Bayern,Aichach-Friedberg,Sielenbach,86577,1872,17.84,48.402154,11.164912
097715705146,Bayern,Aichach-Friedberg,"Mering, M",86415,15329,26.83,48.267229,10.988462
097715705163,Bayern,Aichach-Friedberg,Schmiechen,86511,1461,13.5,48.212774,10.965841
097715705168,Bayern,Aichach-Friedberg,Steindorf,82297,988,16.2,48.215553,11.001126
097715771156,Bayern,Aichach-Friedberg,"Pöttmes, M",86554,7052,82.59,48.584611,11.089143
097715771176,Bayern,Aichach-Friedberg,Baar (Schwaben),86674,1260,16.9,48.588885,10.960289
097720111111,Bayern,Augsburg,Adelsried,86477,2569,9.7,48.425522,10.719444
097720115115,Bayern,Augsburg,Altenmünster,86450,4826,41.15,48.464837,10.590476
097720117117,Bayern,Augsburg,Aystetten,86482,3062,9.29,48.404945,10.775351
097720121121,Bayern,Augsburg,"Biberbach, M",86485,3475,36.86,48.518491,10.811551
097720125125,Bayern,Augsburg,"Bobingen, St",86399,18108,50.25,48.271966,10.835456
097720130130,Bayern,Augsburg,"Diedorf, M",86420,10634,33.31,48.35371,10.777114
097720131131,Bayern,Augsburg,"Dinkelscherben, M",86424,6719,67.66,48.347727,10.590678
097720141141,Bayern,Augsburg,"Fischach, M",86850,5089,30.18,48.290489,10.655872
097720145145,Bayern,Augsburg,Gablingen,86456,4804,26.71,48.455715,10.82349
097720147147,Bayern,Augsburg,"Gersthofen, St",86368,23409,34.01,48.424752,10.87901
097720149149,Bayern,Augsburg,Graben,86836,4040,14.55,48.188776,10.822428
097720159159,Bayern,Augsburg,Horgau,86497,2935,26.47,48.394913,10.683894
097720163163,Bayern,Augsburg,"Königsbrunn, St",86343,27847,18.4,48.267499,10.889586
097720167167,Bayern,Augsburg,Kutzenhausen,86500,2730,27.92,48.341876,10.693702
097720171171,Bayern,Augsburg,Langweid a.Lech,86462,8818,23.55,48.492842,10.855713
097720177177,Bayern,Augsburg,"Meitingen, M",86405,12328,29.87,48.546777,10.853749
097720184184,Bayern,Augsburg,"Neusäß, St",86356,23026,25.22,48.395449,10.831597
097720200200,Bayern,Augsburg,"Schwabmünchen, St",86830,15512,55.5,48.179039,10.757701
097720202202,Bayern,Augsburg,"Stadtbergen, St",86391,15595,11.49,48.36738,10.845885
097720207207,Bayern,Augsburg,"Thierhaupten, M",86672,4086,39.19,48.566043,10.907739
097720215215,Bayern,Augsburg,Wehringen,86517,3171,14.11,48.245187,10.800312
097720223223,Bayern,Augsburg,"Zusmarshausen, M",86441,6661,68.6,48.398719,10.596714
097725706114,Bayern,Augsburg,Allmannshofen,86695,976,10.32,48.612811,10.804495
097725706134,Bayern,Augsburg,Ehingen,86678,1158,9.65,48.59731,10.799608
097725706136,Bayern,Augsburg,Ellgau,86679,1163,13.91,48.59937,10.869101
097725706166,Bayern,Augsburg,Kühlenthal,86707,838,7.13,48.56553,10.820736
097725706185,Bayern,Augsburg,Nordendorf,86695,2660,7.52,48.594912,10.831375
097725706217,Bayern,Augsburg,Westendorf,86707,1743,6.32,48.5734,10.836618
097725707126,Bayern,Augsburg,Bonstetten,86486,1582,6.75,48.439122,10.706286
097725707137,Bayern,Augsburg,Emersacker,86494,1519,11.64,48.489038,10.673265
097725707156,Bayern,Augsburg,Heretsried,86465,1048,17.3,48.459,10.736938
097725707216,Bayern,Augsburg,"Welden, M",86465,3900,17.98,48.457621,10.658608
097725708148,Bayern,Augsburg,Gessertshausen,86459,4380,41.35,48.331324,10.733868
097725708211,Bayern,Augsburg,Ustersbach,86514,1205,11.13,48.31583,10.640653
097725709168,Bayern,Augsburg,Langenneufnach,86863,1967,12.81,48.265363,10.605271
097725709178,Bayern,Augsburg,Mickhausen,86866,1367,15.88,48.244483,10.639736
097725709179,Bayern,Augsburg,Mittelneufnach,86868,1116,16.92,48.175793,10.596678
097725709197,Bayern,Augsburg,Scherstetten,86872,1103,15.7,48.180734,10.640778
097725709214,Bayern,Augsburg,Walkertshofen,86877,1175,12.74,48.226285,10.590536
097725710151,Bayern,Augsburg,Großaitingen,86845,5314,39.05,48.228812,10.781536
097725710160,Bayern,Augsburg,Kleinaitingen,86507,1267,15.66,48.219286,10.840706
097725710186,Bayern,Augsburg,Oberottmarshausen,86507,1775,8.6,48.238311,10.85721
097725711162,Bayern,Augsburg,Klosterlechfeld,86836,3045,2.36,48.158939,10.829978
097725711209,Bayern,Augsburg,Untermeitingen,86836,7785,16.02,48.160674,10.814241
097725712157,Bayern,Augsburg,Hiltenfingen,86856,1666,14.55,48.161613,10.718065
097725712170,Bayern,Augsburg,Langerringen,86853,4185,42.1,48.142528,10.759404
097729451451,Bayern,Augsburg,Schmellerforst,,0,3.28,48.319902,10.517877
097730117117,Bayern,Dillingen a.d.Donau,"Bissingen, M",86657,3647,64.2,48.714739,10.617074
097730122122,Bayern,Dillingen a.d.Donau,Buttenwiesen,86647,6124,59.49,48.604433,10.721337
097730125125,Bayern,Dillingen a.d.Donau,"Dillingen a.d.Donau, GKSt",89407,19643,75.59,48.577159,10.496633
097730144144,Bayern,Dillingen a.d.Donau,"Lauingen (Donau), St",89415,11604,44.39,48.570341,10.429935
097735713113,Bayern,Dillingen a.d.Donau,Bächingen a.d.Brenz,89431,1302,7.35,48.546161,10.312137
097735713136,Bayern,Dillingen a.d.Donau,"Gundelfingen a.d.Donau, St",89423,7836,54.06,48.549064,10.367549
097735713137,Bayern,Dillingen a.d.Donau,Haunsheim,89437,1583,17.81,48.597246,10.377094
097735713153,Bayern,Dillingen a.d.Donau,Medlingen,89441,994,17.09,48.567599,10.318138
097735714112,Bayern,Dillingen a.d.Donau,Bachhagel,89429,2282,19.74,48.632815,10.321505
097735714170,Bayern,Dillingen a.d.Donau,Syrgenstein,89428,3862,16.64,48.657789,10.301133
097735714187,Bayern,Dillingen a.d.Donau,Zöschingen,89447,762,14.63,48.673287,10.324288
097735715147,Bayern,Dillingen a.d.Donau,Mödingen,89426,1416,23.03,48.644493,10.430915
097735715183,Bayern,Dillingen a.d.Donau,"Wittislingen, M",89426,2543,17.41,48.620356,10.414959
097735715186,Bayern,Dillingen a.d.Donau,Ziertheim,89446,1133,20.81,48.654111,10.39664
097735716119,Bayern,Dillingen a.d.Donau,Blindheim,89434,1795,26.4,48.631656,10.618163
097735716139,Bayern,Dillingen a.d.Donau,"Höchstädt a.d.Donau, St",89420,6910,37.45,48.611681,10.567234
097735716146,Bayern,Dillingen a.d.Donau,Lutzingen,89440,972,24.97,48.646718,10.544484
097735716150,Bayern,Dillingen a.d.Donau,Finningen,89435,1874,27.82,48.656942,10.497394
097735716164,Bayern,Dillingen a.d.Donau,Schwenningen,89443,1396,25.05,48.655503,10.65185
097735718116,Bayern,Dillingen a.d.Donau,Binswangen,86637,1331,11.91,48.557831,10.640403
097735718143,Bayern,Dillingen a.d.Donau,Laugna,86502,1556,27.58,48.529665,10.695387
097735718179,Bayern,Dillingen a.d.Donau,Villenbach,86637,1270,17.8,48.509484,10.615175
097735718182,Bayern,Dillingen a.d.Donau,"Wertingen, St",86637,9534,51.88,48.561872,10.682594
097735718188,Bayern,Dillingen a.d.Donau,Zusamaltheim,86637,1308,17.93,48.530034,10.635449
097735719111,Bayern,Dillingen a.d.Donau,"Aislingen, M",89344,1356,19.35,48.506631,10.455887
097735719133,Bayern,Dillingen a.d.Donau,Glött,89353,1085,10.99,48.499951,10.484402
097735719140,Bayern,Dillingen a.d.Donau,Holzheim,89438,3752,40.86,48.513757,10.529584
097740116116,Bayern,Günzburg,Ursberg,86513,3199,25.4,48.265505,10.444326
097740119119,Bayern,Günzburg,Bibertal,89346,4908,27.3,48.417306,10.18502
097740121121,Bayern,Günzburg,"Burgau, St",89331,10677,25.92,48.431944,10.406193
097740122122,Bayern,Günzburg,"Burtenbach, M",89349,3447,37.64,48.339553,10.448229
097740135135,Bayern,Günzburg,"Günzburg, GKSt",89312,21291,55.4,48.45447,10.281413
097740144144,Bayern,Günzburg,"Jettingen-Scheppach, M",89343,6976,54.12,48.389117,10.436027
097740145145,Bayern,Günzburg,Kammeltal,89358,3361,41.72,48.372717,10.364935
097740150150,Bayern,Günzburg,"Krumbach (Schwaben), St",86381,14258,44.64,48.242164,10.360594
097740155155,Bayern,Günzburg,"Leipheim, St",89340,7385,32.16,48.448055,10.223257
097740162162,Bayern,Günzburg,"Neuburg a.d.Kammel, M",86476,3285,37.9,48.304251,10.360202
097745727136,Bayern,Günzburg,Gundremmingen,89355,1369,10.84,48.501014,10.404234
097745727171,Bayern,Günzburg,"Offingen, M",89362,4365,14.91,48.482447,10.361991
097745727174,Bayern,Günzburg,Rettenbach,89364,1691,12.74,48.458365,10.352678
097745728127,Bayern,Günzburg,Dürrlauingen,89350,1491,12.34,48.466745,10.433134
097745728140,Bayern,Günzburg,Haldenwang,89356,2127,17.99,48.437474,10.449315
097745728151,Bayern,Günzburg,Landensberg,89361,647,7.94,48.43447,10.5234
097745728178,Bayern,Günzburg,Röfingen,89365,1209,6.62,48.424444,10.444424
097745728196,Bayern,Günzburg,Winterbach,89368,789,14.83,48.464226,10.488332
097745729118,Bayern,Günzburg,Bubesheim,89347,1570,7.76,48.43348,10.253443
097745729148,Bayern,Günzburg,Kötz,89359,3319,20.53,48.407043,10.273333
097745730133,Bayern,Günzburg,Ellzee,89352,1258,14.77,48.337528,10.318667
097745730143,Bayern,Günzburg,"Ichenhausen, St",89335,9354,34.27,48.372441,10.305508
097745730191,Bayern,Günzburg,"Waldstetten, M",89367,1287,11.13,48.348836,10.291038
097745731111,Bayern,Günzburg,Aletshausen,86480,1217,17.65,48.1998,10.389531
097745731117,Bayern,Günzburg,Breitenthal,86488,1258,13.27,48.23717,10.297763
097745731124,Bayern,Günzburg,Deisenhausen,86489,1436,11.67,48.256156,10.324676
097745731129,Bayern,Günzburg,Ebershausen,86491,620,9.09,48.204561,10.313389
097745731189,Bayern,Günzburg,Wiesenbach,86519,1022,11.48,48.303642,10.313066
097745731192,Bayern,Günzburg,Waltenhausen,86480,742,13.43,48.189497,10.363351
097745732115,Bayern,Günzburg,Balzhausen,86483,1255,14.63,48.242055,10.493311
097745732160,Bayern,Günzburg,"Münsterhausen, M",86505,1986,18.47,48.308592,10.455458
097745732185,Bayern,Günzburg,"Thannhausen, St",86470,6424,20.03,48.282534,10.470124
097745733166,Bayern,Günzburg,Aichen,86479,1180,17.62,48.227088,10.53914
097745733198,Bayern,Günzburg,"Ziemetshausen, M",86473,3177,42.95,48.293618,10.532308
097749451451,Bayern,Günzburg,Ebershauser-Nattenhauser Wald,,0,2.1,48.206855,10.343059
097749452452,Bayern,Günzburg,Winzerwald,,0,1.16,48.213485,10.434489
097750115115,Bayern,Neu-Ulm,Bellenberg,89287,4709,5.12,48.25525,10.093865
097750129129,Bayern,Neu-Ulm,"Illertissen, St",89257,18484,36.39,48.222701,10.10286
097750134134,Bayern,Neu-Ulm,Nersingen,89278,9725,24.28,48.428565,10.123851
097750135135,Bayern,Neu-Ulm,"Neu-Ulm, GKSt",89210,62843,80.95,48.392999,9.998683
097750139139,Bayern,Neu-Ulm,Elchingen,89270,9768,24.88,48.437492,10.051368
097750149149,Bayern,Neu-Ulm,Roggenburg,89297,2747,27.43,48.278334,10.230854
097750152152,Bayern,Neu-Ulm,"Senden, St",89250,23676,25.21,48.323834,10.04419
097750162162,Bayern,Neu-Ulm,"Vöhringen, St",89269,14060,23.69,48.277272,10.076052
097750164164,Bayern,Neu-Ulm,"Weißenhorn, St",89264,14238,53.72,48.304461,10.160072
097755739126,Bayern,Neu-Ulm,Holzheim,89291,1973,7.6,48.379539,10.10655
097755739143,Bayern,Neu-Ulm,"Pfaffenhofen a.d.Roth, M",89284,7287,42.68,48.354606,10.160693
097755740111,Bayern,Neu-Ulm,"Altenstadt, M",89281,5417,31.3,48.159753,10.11339
097755740132,Bayern,Neu-Ulm,"Kellmünz a.d.Iller, M",89293,1572,8.52,48.123643,10.129397
097755740142,Bayern,Neu-Ulm,Osterberg,89296,921,13.79,48.147788,10.170488
097755741118,Bayern,Neu-Ulm,"Buch, M",89290,4340,40.06,48.222374,10.178679
097755741141,Bayern,Neu-Ulm,Oberroth,89294,1000,9.94,48.173533,10.19101
097755741161,Bayern,Neu-Ulm,Unterroth,89299,1069,15.39,48.196151,10.169778
097759451451,Bayern,Neu-Ulm,Auwald,,0,5.25,48.228288,10.074248
097759452452,Bayern,Neu-Ulm,Oberroggenburger Wald,,0,6.25,48.222811,10.254103
097759454454,Bayern,Neu-Ulm,Stoffenrieder Forst,,0,15.79,48.331495,10.242764
097759455455,Bayern,Neu-Ulm,Unterroggenburger Wald,,0,17.6,48.263171,10.272677
097760111111,Bayern,Lindau (Bodensee),Bodolz,88131,2918,3.03,47.571583,9.661948
097760114114,Bayern,Lindau (Bodensee),"Heimenkirch, M",88178,3488,21.24,47.630373,9.903797
097760116116,Bayern,Lindau (Bodensee),"Lindau (Bodensee), GKSt",88131,25702,33.06,47.546458,9.684376
097760117117,Bayern,Lindau (Bodensee),"Lindenberg i.Allgäu, St",88161,11572,11.84,47.602267,9.885042
097760120120,Bayern,Lindau (Bodensee),Nonnenhorn,88149,1779,1.97,47.576263,9.608645
097760122122,Bayern,Lindau (Bodensee),Opfenbach,88145,2345,16.77,47.627061,9.833368
097760125125,Bayern,Lindau (Bodensee),"Scheidegg, M",88175,4475,27.36,47.581684,9.848308
097760128128,Bayern,Lindau (Bodensee),Wasserburg (Bodensee),88142,3890,6.33,47.570249,9.638482
097760129129,Bayern,Lindau (Bodensee),"Weiler-Simmerberg, M",88171,6327,31.31,47.582302,9.916736
097760131131,Bayern,Lindau (Bodensee),Hergatz,88145,2442,18.79,47.649596,9.829729
097765735115,Bayern,Lindau (Bodensee),Hergensweiler,88138,1915,12.09,47.610668,9.77809
097765735126,Bayern,Lindau (Bodensee),Sigmarszell,88138,2911,16.0,47.588967,9.763071
097765735130,Bayern,Lindau (Bodensee),Weißensberg,88138,2716,7.84,47.579215,9.721621
097765737112,Bayern,Lindau (Bodensee),Gestratz,88167,1334,15.32,47.647887,9.98642
097765737113,Bayern,Lindau (Bodensee),Grünenbach,88167,1571,25.1,47.628654,10.008945
097765737118,Bayern,Lindau (Bodensee),Maierhöfen,88167,1494,17.93,47.65296,10.050338
097765737124,Bayern,Lindau (Bodensee),Röthenbach (Allgäu),88167,1964,14.94,47.622897,9.973255
097765738121,Bayern,Lindau (Bodensee),Oberreute,88179,1678,13.48,47.564533,9.944133
097765738127,Bayern,Lindau (Bodensee),Stiefenhofen,88167,1878,28.98,47.592899,10.003327
097770129129,Bayern,Ostallgäu,"Füssen, St",87629,15334,43.5,47.569686,10.70045
097770130130,Bayern,Ostallgäu,Germaringen,87656,3884,22.88,47.921672,10.667839
097770147147,Bayern,Ostallgäu,Lechbruck am See,86983,2767,17.23,47.701215,10.795091
097770151151,Bayern,Ostallgäu,"Marktoberdorf, St",87616,18463,95.15,47.779483,10.618465
097770152152,Bayern,Ostallgäu,Mauerstetten,87665,3258,16.57,47.892332,10.669985
097770153153,Bayern,Ostallgäu,"Nesselwang, M",87484,3749,29.54,47.621926,10.500066
097770159159,Bayern,Ostallgäu,Pfronten,87459,7706,62.22,47.581473,10.557878
097770165165,Bayern,Ostallgäu,"Ronsberg, M",87671,1631,16.52,47.898111,10.412979
097770169169,Bayern,Ostallgäu,Schwangau,87645,3248,76.0,47.576893,10.736935
097770173173,Bayern,Ostallgäu,Halblech,87642,3376,125.42,47.629783,10.820668
097775748121,Bayern,Ostallgäu,"Buchloe, St",86807,13785,36.18,48.036908,10.729643
097775748140,Bayern,Ostallgäu,Jengen,86860,2617,33.74,47.999749,10.725372
097775748145,Bayern,Ostallgäu,Lamerdingen,86862,2230,34.25,48.092526,10.740889
097775748177,Bayern,Ostallgäu,"Waal, M",86875,2364,27.95,47.996127,10.776097
097775749139,Bayern,Ostallgäu,"Irsee, M",87660,1611,17.44,47.908097,10.57232
097775749158,Bayern,Ostallgäu,Pforzen,87666,2429,23.69,47.929763,10.6129
097775749164,Bayern,Ostallgäu,Rieden,87668,1461,8.41,47.953885,10.646483
097775751141,Bayern,Ostallgäu,"Kaltental, M",87662,1741,22.15,47.909688,10.753276
097775751155,Bayern,Ostallgäu,Oberostendorf,86869,1485,21.04,47.942458,10.741766
097775751157,Bayern,Ostallgäu,Osterzell,87662,704,10.8,47.878055,10.743709
097775751172,Bayern,Ostallgäu,Stöttwang,87677,1934,19.8,47.890527,10.715039
097775751182,Bayern,Ostallgäu,Westendorf,87679,1966,11.93,47.932307,10.713095
097775752111,Bayern,Ostallgäu,Aitrang,87648,2031,30.73,47.817575,10.534541
097775752112,Bayern,Ostallgäu,Biessenhofen,87640,4258,27.01,47.833183,10.639856
097775752118,Bayern,Ostallgäu,Bidingen,87651,1884,36.3,47.829747,10.726827
097775752167,Bayern,Ostallgäu,Ruderatshofen,87674,1731,33.52,47.81891,10.589056
097775753114,Bayern,Ostallgäu,Baisweil,87650,1357,26.29,47.943787,10.541831
097775753124,Bayern,Ostallgäu,Eggenthal,87653,1402,28.04,47.914934,10.511897
097775753128,Bayern,Ostallgäu,Friesenried,87654,1498,22.26,47.875252,10.533666
097775754138,Bayern,Ostallgäu,Günzach,87634,1352,23.47,47.823449,10.435285
097775754154,Bayern,Ostallgäu,"Obergünzburg, M",87634,6360,46.69,47.845843,10.419253
097775754176,Bayern,Ostallgäu,Untrasried,87496,1680,25.75,47.828095,10.379496
097775755131,Bayern,Ostallgäu,Görisried,87657,1343,23.14,47.706839,10.506919
097775755144,Bayern,Ostallgäu,Kraftisried,87647,924,16.24,47.779165,10.469881
097775755175,Bayern,Ostallgäu,"Unterthingau, M",87647,2805,45.28,47.771521,10.506239
097775756125,Bayern,Ostallgäu,Eisenberg,87637,1114,13.58,47.612055,10.604366
097775756135,Bayern,Ostallgäu,Hopferau,87659,1218,13.15,47.612561,10.633921
097775756149,Bayern,Ostallgäu,Lengenwang,87663,1525,19.61,47.698667,10.602972
097775756168,Bayern,Ostallgäu,Rückholz,87494,1043,17.23,47.658218,10.539754
097775756170,Bayern,Ostallgäu,Seeg,87637,3076,50.02,47.654554,10.608685
097775756179,Bayern,Ostallgäu,Wald,87616,1163,17.94,47.722897,10.557986
097775770163,Bayern,Ostallgäu,Rieden am Forggensee,87669,1383,13.14,47.616803,10.71286
097775770166,Bayern,Ostallgäu,Roßhaupten,87672,2239,39.01,47.652601,10.718053
097775772171,Bayern,Ostallgäu,Stötten a.Auerberg,87675,2020,40.73,47.737011,10.688702
097775772183,Bayern,Ostallgäu,Rettenbach a.Auerberg,87675,916,12.87,47.773654,10.749235
097780116116,Bayern,Unterallgäu,"Bad Wörishofen, St",86825,16893,57.79,48.002989,10.592777
097780123123,Bayern,Unterallgäu,Buxheim,87740,3147,10.23,47.998886,10.134546
097780137137,Bayern,Unterallgäu,Ettringen,86833,3476,41.5,48.104011,10.652382
097780168168,Bayern,Unterallgäu,"Markt Rettenbach, M",87733,4037,51.41,47.947929,10.394846
097780169169,Bayern,Unterallgäu,"Markt Wald, M",86865,2072,30.84,48.137261,10.581081
097780173173,Bayern,Unterallgäu,"Mindelheim, St",87719,15296,56.42,48.047279,10.491139
097780196196,Bayern,Unterallgäu,Sontheim,87776,2794,26.52,48.008522,10.352914
097780204204,Bayern,Unterallgäu,"Tussenhausen, M",86874,3040,41.75,48.102383,10.561265
097785757119,Bayern,Unterallgäu,Böhen,87736,784,20.55,47.881258,10.300894
097785757149,Bayern,Unterallgäu,Hawangen,87749,1262,14.53,47.971213,10.26318
097785757186,Bayern,Unterallgäu,"Ottobeuren, M",87724,8429,55.98,47.941672,10.300871
097785758115,Bayern,Unterallgäu,"Babenhausen, M",87727,5694,27.23,48.143052,10.253448
097785758130,Bayern,Unterallgäu,Egg a.d.Günz,87743,1192,20.71,48.086384,10.283864
097785758157,Bayern,Unterallgäu,Kirchhaslach,87755,1312,31.99,48.149798,10.309701
097785758184,Bayern,Unterallgäu,Oberschönegg,87770,1074,18.28,48.107199,10.299785
097785758217,Bayern,Unterallgäu,Winterrieden,87785,936,9.79,48.121675,10.224421
097785758221,Bayern,Unterallgäu,Kettershausen,86498,1874,26.69,48.182167,10.261922
097785759121,Bayern,Unterallgäu,Breitenbrunn,87739,2322,41.89,48.137046,10.40141
097785759183,Bayern,Unterallgäu,Oberrieden,87769,1202,20.81,48.086861,10.427632
097785759187,Bayern,Unterallgäu,"Pfaffenhausen, M",87772,2678,21.14,48.120469,10.457079
097785759190,Bayern,Unterallgäu,Salgen,87775,1464,23.29,48.129483,10.478717
097785760134,Bayern,Unterallgäu,Eppishausen,87745,1934,39.45,48.167869,10.518989
097785760158,Bayern,Unterallgäu,"Kirchheim i.Schw., M",87757,2528,31.95,48.172874,10.474075
097785761120,Bayern,Unterallgäu,Boos,87737,2384,17.59,48.074953,10.194234
097785761139,Bayern,Unterallgäu,Fellheim,87748,1123,5.07,48.072741,10.151743
097785761150,Bayern,Unterallgäu,Heimertingen,87751,1868,13.84,48.038173,10.154832
097785761177,Bayern,Unterallgäu,Niederrieden,87767,1517,13.89,48.057656,10.188971
097785761188,Bayern,Unterallgäu,Pleß,87773,906,15.39,48.093359,10.150899
097785762136,Bayern,Unterallgäu,"Erkheim, M",87746,3220,32.16,48.03756,10.335028
097785762163,Bayern,Unterallgäu,Lauben,87761,1391,18.4,48.060002,10.288982
097785762180,Bayern,Unterallgäu,Kammlach,87754,1862,26.73,48.045102,10.419999
097785762214,Bayern,Unterallgäu,Westerheim,87784,2225,21.16,48.01194,10.304083
097785764111,Bayern,Unterallgäu,Amberg,86854,1552,11.01,48.06153,10.680351
097785764203,Bayern,Unterallgäu,"Türkheim, M",86842,7454,31.56,48.05981,10.639923
097785764209,Bayern,Unterallgäu,Rammingen,86871,1576,19.26,48.070394,10.580658
097785764216,Bayern,Unterallgäu,Wiedergeltingen,86879,1472,11.55,48.039749,10.673163
097785765118,Bayern,Unterallgäu,Benningen,87734,2124,11.17,47.967567,10.211963
097785765151,Bayern,Unterallgäu,Holzgünz,87752,1378,12.08,48.02553,10.258484
097785765162,Bayern,Unterallgäu,Lachen,87760,1697,13.31,47.945918,10.238632
097785765171,Bayern,Unterallgäu,Memmingerberg,87766,2951,6.08,47.987719,10.208405
097785765202,Bayern,Unterallgäu,Trunkelsberg,87779,1730,1.94,48.002901,10.21907
097785765205,Bayern,Unterallgäu,Ungerhausen,87781,1114,7.02,48.005224,10.266633
097785766113,Bayern,Unterallgäu,Apfeltrach,87742,991,15.01,48.020061,10.494802
097785766127,Bayern,Unterallgäu,"Dirlewang, M",87742,2285,23.25,48.002688,10.505072
097785766199,Bayern,Unterallgäu,Stetten,87778,1477,15.7,48.023937,10.442548
097785766207,Bayern,Unterallgäu,Unteregg,87782,1414,23.69,47.963267,10.466101
097785767161,Bayern,Unterallgäu,Kronburg,87758,1756,20.26,47.90474,10.156359
097785767164,Bayern,Unterallgäu,Lautrach,87763,1273,8.07,47.897235,10.115516
097785767165,Bayern,Unterallgäu,"Legau, M",87764,3232,36.38,47.85645,10.129067
097785768144,Bayern,Unterallgäu,"Bad Grönenbach, M",87730,5771,41.99,47.875068,10.221332
097785768218,Bayern,Unterallgäu,Wolfertschwenden,87787,2102,14.48,47.894552,10.262371
097785768219,Bayern,Unterallgäu,Woringen,87789,2101,17.53,47.923644,10.200981
097789451451,Bayern,Unterallgäu,Ungerhauser Wald,,0,3.24,48.003628,10.284101
097790115115,Bayern,Donau-Ries,Asbach-Bäumenheim,86663,4777,11.9,48.682934,10.818019
097790131131,Bayern,Donau-Ries,"Donauwörth, GKSt",86609,20024,77.04,48.719139,10.777945
097790147147,Bayern,Donau-Ries,Fremdingen,86742,2056,50.08,48.97034,10.455724
097790155155,Bayern,Donau-Ries,"Harburg (Schwaben), St",86655,5543,73.16,48.786821,10.692591
097790169169,Bayern,Donau-Ries,"Kaisheim, M",86687,3999,41.73,48.768255,10.79681
097790178178,Bayern,Donau-Ries,Marxheim,86688,2571,46.58,48.741629,10.946638
097790181181,Bayern,Donau-Ries,Mertingen,86690,3977,38.41,48.657172,10.807913
097790185185,Bayern,Donau-Ries,Möttingen,86753,2700,31.84,48.809073,10.591308
097790194194,Bayern,Donau-Ries,"Nördlingen, GKSt",86720,20442,68.09,48.85157,10.489272
097790196196,Bayern,Donau-Ries,Oberndorf a.Lech,86698,2649,19.37,48.672063,10.867317
097790201201,Bayern,Donau-Ries,"Rain, St",86641,9197,77.13,48.690496,10.921054
097790218218,Bayern,Donau-Ries,Tapfheim,86660,4126,44.45,48.671087,10.679235
097795720176,Bayern,Donau-Ries,Maihingen,86747,1302,14.18,48.927633,10.502083
097795720177,Bayern,Donau-Ries,Marktoffingen,86748,1281,13.59,48.923783,10.468622
097795720224,Bayern,Donau-Ries,"Wallerstein, M",86757,3399,19.44,48.884922,10.47642
097795721117,Bayern,Donau-Ries,Auhausen,86736,1055,15.55,49.008065,10.621651
097795721138,Bayern,Donau-Ries,Ehingen a.Ries,86741,756,15.64,48.965136,10.554899
097795721154,Bayern,Donau-Ries,Hainsfarth,86744,1389,17.54,48.959308,10.623252
097795721180,Bayern,Donau-Ries,Megesheim,86750,837,12.54,48.938941,10.649913
097795721188,Bayern,Donau-Ries,Munningen,86754,1706,22.76,48.921702,10.602907
097795721197,Bayern,Donau-Ries,"Oettingen i.Bay., St",86732,5189,34.22,48.955274,10.605363
097795722111,Bayern,Donau-Ries,Alerheim,86733,1676,23.37,48.84666,10.616329
097795722112,Bayern,Donau-Ries,Amerdingen,86735,854,19.11,48.725457,10.486326
097795722130,Bayern,Donau-Ries,Deiningen,86738,1843,15.33,48.863193,10.570377
097795722136,Bayern,Donau-Ries,Ederheim,86739,1100,16.57,48.808833,10.469864
097795722146,Bayern,Donau-Ries,Forheim,86735,529,23.26,48.758933,10.448158
097795722162,Bayern,Donau-Ries,Hohenaltheim,86745,540,17.78,48.78423,10.534662
097795722184,Bayern,Donau-Ries,Mönchsdeggingen,86751,1450,32.05,48.774266,10.57975
097795722203,Bayern,Donau-Ries,Reimlingen,86756,1366,9.53,48.817302,10.51656
097795722226,Bayern,Donau-Ries,Wechingen,86759,1397,24.03,48.892784,10.614636
097795723148,Bayern,Donau-Ries,Fünfstetten,86681,1339,26.71,48.832623,10.76439
097795723167,Bayern,Donau-Ries,Huisheim,86685,1636,22.77,48.823186,10.704435
097795723198,Bayern,Donau-Ries,Otting,86700,793,13.39,48.872038,10.798237
097795723228,Bayern,Donau-Ries,"Wemding, St",86650,5742,31.6,48.874451,10.723207
097795723231,Bayern,Donau-Ries,Wolferstadt,86709,1131,30.67,48.902579,10.780292
097795724126,Bayern,Donau-Ries,Buchdorf,86675,2060,16.66,48.78494,10.824739
097795724129,Bayern,Donau-Ries,Daiting,86653,800,25.46,48.791856,10.904183
097795724186,Bayern,Donau-Ries,"Monheim, St",86653,5416,69.33,48.841433,10.855355
097795724206,Bayern,Donau-Ries,Rögling,86703,602,10.74,48.847454,10.94659
097795724217,Bayern,Donau-Ries,Tagmersheim,86704,1047,15.94,48.824459,10.974232
097795725149,Bayern,Donau-Ries,Genderkingen,86682,1176,11.67,48.707762,10.879082
097795725163,Bayern,Donau-Ries,Holzheim,86684,1131,20.29,48.612696,10.949824
097795725187,Bayern,Donau-Ries,Münster,86692,1226,17.72,48.623205,10.906217
097795725192,Bayern,Donau-Ries,Niederschönenfeld,86694,1433,14.34,48.721745,10.932959
097799452452,Bayern,Donau-Ries,Dornstadt-Linkersbaindt,,0,17.76,49.017706,10.569225
097799453453,Bayern,Donau-Ries,Esterholz,,0,3.25,48.63422,11.024378
097800112112,Bayern,Oberallgäu,"Altusried, M",87452,10426,91.67,47.803647,10.215024
097800114114,Bayern,Oberallgäu,Betzigau,87488,2880,29.27,47.736057,10.380666
097800115115,Bayern,Oberallgäu,Blaichach,87544,5539,50.11,47.542493,10.257416
097800117117,Bayern,Oberallgäu,"Buchenberg, M",87474,4126,58.17,47.695984,10.239748
097800118118,Bayern,Oberallgäu,Burgberg i.Allgäu,87545,3117,15.95,47.538563,10.285671
097800119119,Bayern,Oberallgäu,"Dietmannsried, M",87463,8492,53.68,47.808713,10.288985
097800120120,Bayern,Oberallgäu,Durach,87471,6924,20.73,47.697468,10.344273
097800122122,Bayern,Oberallgäu,Haldenwang,87490,3789,26.7,47.80179,10.346413
097800123123,Bayern,Oberallgäu,"Bad Hindelang, M",87541,5039,137.12,47.506738,10.370607
097800124124,Bayern,Oberallgäu,"Immenstadt i.Allgäu, St",87509,14237,81.43,47.560431,10.218869
097800125125,Bayern,Oberallgäu,Lauben,87493,3464,8.41,47.780476,10.297132
097800128128,Bayern,Oberallgäu,Oy-Mittelberg,87466,4532,60.17,47.64607,10.452462
097800132132,Bayern,Oberallgäu,"Oberstaufen, M",87534,7794,125.95,47.554303,10.021839
097800133133,Bayern,Oberallgäu,"Oberstdorf, M",87561,9289,229.9,47.408447,10.276053
097800137137,Bayern,Oberallgäu,Rettenberg,87549,4402,60.15,47.575009,10.290746
097800139139,Bayern,Oberallgäu,"Sonthofen, St",87527,21641,46.55,47.51239,10.281195
097800140140,Bayern,Oberallgäu,"Sulzberg, M",87477,5059,40.99,47.661163,10.349761
097800143143,Bayern,Oberallgäu,Waltenhofen,87448,9787,59.76,47.670993,10.30443
097800145145,Bayern,Oberallgäu,"Wertach, M",87497,2753,45.65,47.60257,10.410242
097800146146,Bayern,Oberallgäu,"Wiggensbach, M",87487,5061,31.81,47.745013,10.231536
097800147147,Bayern,Oberallgäu,Wildpoldsried,87499,2586,21.36,47.768108,10.402917
097805742113,Bayern,Oberallgäu,Balderschwang,87538,388,41.74,47.465751,10.103847
097805742116,Bayern,Oberallgäu,Bolsterlang,87538,1073,20.37,47.461085,10.232296
097805742121,Bayern,Oberallgäu,Fischen i.Allgäu,87538,3120,13.57,47.459403,10.270591
097805742131,Bayern,Oberallgäu,Obermaiselstein,87538,1037,25.01,47.449379,10.239691
097805742134,Bayern,Oberallgäu,Ofterschwang,87527,2035,19.56,47.495843,10.237983
097805745127,Bayern,Oberallgäu,Missen-Wilhams,87547,1561,34.95,47.597616,10.12767
097805745144,Bayern,Oberallgäu,"Weitnau, M",87480,5270,65.19,47.640846,10.126481
097809451451,Bayern,Oberallgäu,Kempter Wald,,0,12.04,47.709854,10.441791
100410100100,Saarland,Regionalverband Saarbrücken,"Saarbrücken, Landeshauptstadt",66111,182859,167.52,49.236608,6.995542
100410511511,Saarland,Regionalverband Saarbrücken,"Friedrichsthal, Stadt",66299,10090,8.99,49.32234,7.09686
100410512512,Saarland,Regionalverband Saarbrücken,Großrosseln,66352,7844,25.26,49.205999,6.839853
100410513513,Saarland,Regionalverband Saarbrücken,Heusweiler,66265,18385,40.01,49.338578,6.928681
100410514514,Saarland,Regionalverband Saarbrücken,Kleinblittersdorf,66271,10734,27.19,49.156787,7.039191
100410515515,Saarland,Regionalverband Saarbrücken,"Püttlingen, Stadt",66346,18314,23.95,49.287743,6.884983
100410516516,Saarland,Regionalverband Saarbrücken,Quierschied,66287,12757,20.21,49.324795,7.053288
100410517517,Saarland,Regionalverband Saarbrücken,Riegelsberg,66292,14255,14.65,49.304923,6.945007
100410518518,Saarland,Regionalverband Saarbrücken,"Sulzbach/ Saar, Stadt",66280,16191,16.07,49.29895,7.060058
100410519519,Saarland,Regionalverband Saarbrücken,"Völklingen, Stadt",66333,40565,67.1,49.249592,6.85431
100420111111,Saarland,Merzig-Wadern,Beckingen,66701,15406,51.85,49.394177,6.69679
100420112112,Saarland,Merzig-Wadern,Losheim am See,66679,16415,96.95,49.509713,6.743149
100420113113,Saarland,Merzig-Wadern,"Merzig, Kreisstadt",66663,31341,108.98,49.44354,6.64256
100420114114,Saarland,Merzig-Wadern,Mettlach,66693,12478,78.19,49.493948,6.600077
100420115115,Saarland,Merzig-Wadern,Perl,66706,9405,75.24,49.473406,6.386208
100420116116,Saarland,Merzig-Wadern,"Wadern, Stadt",66687,16415,111.22,49.53951,6.890001
100420117117,Saarland,Merzig-Wadern,Weiskirchen,66709,6522,33.65,49.556125,6.820098
100429999999,Saarland,Merzig-Wadern,Deutsch-luxemburgisches Hoheitsgebiet,,0,1.03,,
100430111111,Saarland,Neunkirchen,Eppelborn,66571,16611,47.25,49.406885,6.967465
100430112112,Saarland,Neunkirchen,Illingen,66557,15932,36.09,49.377607,7.051397
100430113113,Saarland,Neunkirchen,Merchweiler,66589,10081,12.8,49.358969,7.058254
100430114114,Saarland,Neunkirchen,"Neunkirchen, Kreisstadt",66538,46896,75.26,49.345482,7.178148
100430115115,Saarland,Neunkirchen,"Ottweiler, Stadt",66564,14177,45.56,49.402493,7.16207
100430116116,Saarland,Neunkirchen,Schiffweiler,66578,15832,21.42,49.371056,7.129121
100430117117,Saarland,Neunkirchen,Spiesen-Elversberg,66583,13078,11.42,49.315412,7.152489
100440111111,Saarland,Saarlouis,"Dillingen/ Saar, Stadt",66763,21295,22.05,49.351599,6.726833
100440112112,Saarland,Saarlouis,"Lebach, Stadt",66822,19269,64.21,49.410528,6.912464
100440113113,Saarland,Saarlouis,Nalbach,66809,9106,22.43,49.379009,6.788315
100440114114,Saarland,Saarlouis,Rehlingen-Siersburg,66780,14889,61.24,49.376129,6.680221
100440115115,Saarland,Saarlouis,"Saarlouis, Kreisstadt",66740,37675,43.3,49.31506,6.75122
100440116116,Saarland,Saarlouis,Saarwellingen,66793,13590,41.67,49.353678,6.806558
100440117117,Saarland,Saarlouis,Schmelz,66839,16869,58.62,49.440709,6.85793
100440118118,Saarland,Saarlouis,Schwalbach,66773,17940,27.37,49.303926,6.815906
100440119119,Saarland,Saarlouis,Überherrn,66802,12089,34.32,49.242344,6.698331
100440120120,Saarland,Saarlouis,Wadgassen,66787,17987,25.91,49.261607,6.805318
100440121121,Saarland,Saarlouis,Wallerfangen,66798,9211,42.22,49.329587,6.716472
100440122122,Saarland,Saarlouis,Bous,66359,7334,7.63,49.276851,6.801916
100440123123,Saarland,Saarlouis,Ensdorf,66806,6833,8.39,49.304964,6.778554
100450111111,Saarland,Saarpfalz-Kreis,"Bexbach, Stadt",66450,17730,31.09,49.347836,7.257578
100450112112,Saarland,Saarpfalz-Kreis,"Blieskastel, Stadt",66440,19935,108.21,49.23727,7.252923
100450113113,Saarland,Saarpfalz-Kreis,Gersheim,66453,6191,57.37,49.147023,7.21001
100450114114,Saarland,Saarpfalz-Kreis,"Homburg, Kreisstadt",66424,43412,82.61,49.323778,7.342736
100450115115,Saarland,Saarpfalz-Kreis,Kirkel,66459,10104,31.34,49.284514,7.226366
100450116116,Saarland,Saarpfalz-Kreis,Mandelbachtal,66399,10719,57.71,49.197062,7.142743
100450117117,Saarland,Saarpfalz-Kreis,"St. Ingbert, Stadt",66386,35209,49.95,49.27897,7.115276
100460111111,Saarland,St. Wendel,Freisen,66629,8093,48.09,49.552395,7.248603
100460112112,Saarland,St. Wendel,Marpingen,66646,10243,39.83,49.451724,7.057295
100460113113,Saarland,St. Wendel,Namborn,66640,7028,25.98,49.521212,7.140686
100460114114,Saarland,St. Wendel,Nohfelden,66625,9874,100.82,49.586753,7.143099
100460115115,Saarland,St. Wendel,Nonnweiler,66620,8399,66.83,49.606237,6.970552
100460116116,Saarland,St. Wendel,Oberthal,66649,6045,23.87,49.511195,7.089249
100460117117,Saarland,St. Wendel,"St. Wendel, Kreisstadt",66606,25365,113.54,49.468359,7.173032
100460118118,Saarland,St. Wendel,Tholey,66636,12325,57.55,49.483965,7.037625
110000000000,Berlin,"Berlin, Stadt","Berlin, Stadt",10178,3700577,891.12,52.51767,13.405538
120510000000,Brandenburg,"Brandenburg an der Havel, Stadt","Brandenburg an der Havel, Stadt",14770,73945,229.73,52.408651,12.563364
120520000000,Brandenburg,"Cottbus, Stadt","Cottbus/Chóśebuz, Stadt",03046,95140,165.61,51.759345,14.335117
120530000000,Brandenburg,"Frankfurt (Oder), Stadt","Frankfurt (Oder), Stadt",15230,56586,147.85,52.344651,14.551151
120540000000,Brandenburg,"Potsdam, Stadt","Potsdam, Stadt",14469,185137,188.24,52.400355,13.05358
120600005005,Brandenburg,Barnim,Ahrensfelde,16356,14464,57.9,52.576115,13.57961
120600020020,Brandenburg,Barnim,"Bernau bei Berlin, Stadt",16321,44706,104.21,52.678368,13.587912
120600052052,Brandenburg,Barnim,"Eberswalde, Stadt",16225,41867,93.63,52.834577,13.820369
120600181181,Brandenburg,Barnim,Panketal,16341,21343,25.87,52.654626,13.543257
120600198198,Brandenburg,Barnim,Schorfheide,16244,10520,238.17,52.850132,13.682846
120600269269,Brandenburg,Barnim,Wandlitz,16348,24633,162.84,52.752045,13.449752
120600280280,Brandenburg,Barnim,"Werneuchen, Stadt",16356,9430,117.02,52.630925,13.730878
120605003024,Brandenburg,Barnim,"Biesenthal, Stadt",16359,6370,60.89,52.765802,13.63123
120605003034,Brandenburg,Barnim,Breydin,16230,812,35.31,52.777824,13.836028
120605003154,Brandenburg,Barnim,Marienwerder,16348,1620,40.32,52.842116,13.599177
120605003161,Brandenburg,Barnim,Melchow,16230,1131,16.6,52.775711,13.702863
120605003192,Brandenburg,Barnim,Rüdnitz,16321,2154,13.92,52.721251,13.62511
120605003250,Brandenburg,Barnim,Sydower Fließ,16230,1024,32.39,52.7089,13.719273
120605006012,Brandenburg,Barnim,Althüttendorf,16247,670,18.81,52.962341,13.806665
120605006068,Brandenburg,Barnim,Friedrichswalde,16247,793,45.08,53.028652,13.707059
120605006100,Brandenburg,Barnim,"Joachimsthal, Stadt",16247,3303,121.67,52.97943,13.744797
120605006296,Brandenburg,Barnim,Ziethen,16247,433,24.36,52.95847,13.894945
120605011036,Brandenburg,Barnim,Britz,16230,2096,15.5,52.887165,13.81107
120605011045,Brandenburg,Barnim,Chorin,16230,2218,122.05,52.90212,13.87165
120605011092,Brandenburg,Barnim,Hohenfinow,16248,524,21.84,52.809713,13.925103
120605011128,Brandenburg,Barnim,Liepe,16248,600,10.85,52.861098,13.968217
120605011149,Brandenburg,Barnim,Lunow-Stolzenhagen,16248,1136,33.91,52.922391,14.119319
120605011172,Brandenburg,Barnim,Niederfinow,16248,590,13.29,52.833886,13.928078
120605011176,Brandenburg,Barnim,"Oderberg, Stadt",16248,1948,36.12,52.866613,14.044652
120605011185,Brandenburg,Barnim,Parsteinsee,16248,500,17.06,52.932981,14.07355
120610020020,Brandenburg,Dahme-Spreewald,Bestensee,15741,9388,38.05,52.243008,13.632815
120610112112,Brandenburg,Dahme-Spreewald,Eichwalde,15732,6380,2.79,52.37158,13.622166
120610217217,Brandenburg,Dahme-Spreewald,Heidesee,15754,7464,135.67,52.293584,13.790831
120610219219,Brandenburg,Dahme-Spreewald,Heideblick,15926,3448,166.57,51.832852,13.642563
120610260260,Brandenburg,Dahme-Spreewald,"Königs Wusterhausen, Stadt",15711,39590,96.04,52.299444,13.624464
120610316316,Brandenburg,Dahme-Spreewald,"Lübben (Spreewald) / Lubin (Błota), Stadt",15907,13992,120.86,51.942032,13.896595
120610320320,Brandenburg,Dahme-Spreewald,"Luckau, Stadt",15926,9138,207.44,51.852659,13.715887
120610329329,Brandenburg,Dahme-Spreewald,Märkische Heide/Markojska Góla,15913,3736,211.55,52.038253,14.037763
120610332332,Brandenburg,Dahme-Spreewald,"Mittenwalde, Stadt",15749,9977,99.13,52.264886,13.536256
120610433433,Brandenburg,Dahme-Spreewald,Schönefeld,12529,19351,81.62,52.387554,13.506629
120610444444,Brandenburg,Dahme-Spreewald,Schulzendorf,15732,9716,9.1,52.357838,13.596432
120610540540,Brandenburg,Dahme-Spreewald,"Wildau, Stadt",15745,10952,9.11,52.321356,13.636571
120610572572,Brandenburg,Dahme-Spreewald,Zeuthen,15738,11330,12.68,52.353337,13.630155
120615108192,Brandenburg,Dahme-Spreewald,Groß Köris,15746,2619,69.02,52.159665,13.655728
120615108216,Brandenburg,Dahme-Spreewald,Halbe,15757,2483,78.02,52.10614,13.698782
120615108328,Brandenburg,Dahme-Spreewald,"Märkisch Buchholz, Stadt",15748,847,24.86,52.109763,13.761856
120615108344,Brandenburg,Dahme-Spreewald,Münchehofe,15748,418,62.32,52.147148,13.836398
120615108448,Brandenburg,Dahme-Spreewald,Schwerin,15755,963,6.71,52.152793,13.637041
120615108492,Brandenburg,Dahme-Spreewald,"Teupitz, Stadt",15755,1907,48.16,52.136218,13.610567
120615113005,Brandenburg,Dahme-Spreewald,Alt Zauche-Wußwerk/Stara Niwa-Wózwjerch,15913,483,33.31,51.917765,14.016045
120615113061,Brandenburg,Dahme-Spreewald,Byhleguhre-Byhlen/Beła Góra-Bělin,15913,746,35.8,51.879267,14.172163
120615113224,Brandenburg,Dahme-Spreewald,Jamlitz,15868,501,43.42,51.991607,14.354101
120615113308,Brandenburg,Dahme-Spreewald,"Lieberose, Stadt",15868,1301,73.03,51.988274,14.30064
120615113352,Brandenburg,Dahme-Spreewald,Neu Zauche/Nowa Niwa,15913,1037,39.02,51.92858,14.090753
120615113450,Brandenburg,Dahme-Spreewald,Schwielochsee/Gójacki Jazor,15913,1462,131.41,52.019648,14.174865
120615113470,Brandenburg,Dahme-Spreewald,Spreewaldheide/Błośańska Góla,15913,424,36.15,51.930504,14.168133
120615113476,Brandenburg,Dahme-Spreewald,Straupitz (Spreewald)/Tšupc (Błota),15913,906,21.71,51.912102,14.120032
120615114017,Brandenburg,Dahme-Spreewald,Bersteland,15910,847,29.5,51.96523,13.744925
120615114097,Brandenburg,Dahme-Spreewald,Drahnsdorf,15938,685,26.93,51.91603,13.576087
120615114164,Brandenburg,Dahme-Spreewald,"Golßen, Stadt",15938,2415,63.67,51.970422,13.602979
120615114244,Brandenburg,Dahme-Spreewald,Kasel-Golzig,15938,678,34.39,51.934426,13.698458
120615114265,Brandenburg,Dahme-Spreewald,Krausnick-Groß Wasserburg,15910,682,54.79,52.031752,13.829042
120615114405,Brandenburg,Dahme-Spreewald,Rietzneuendorf-Staakow,15910,612,28.11,52.010784,13.666971
120615114428,Brandenburg,Dahme-Spreewald,Schlepzig/Słopišća,15910,602,30.65,52.028481,13.895191
120615114435,Brandenburg,Dahme-Spreewald,Schönwald,15910,1251,44.93,51.977766,13.764921
120615114471,Brandenburg,Dahme-Spreewald,Steinreich,15938,422,41.96,51.941927,13.442532
120615114510,Brandenburg,Dahme-Spreewald,Unterspreewald,15910,727,26.02,52.108315,13.902915
120620092092,Brandenburg,Elbe-Elster,"Doberlug-Kirchhain, Stadt",03253,8117,150.36,51.635945,13.561167
120620124124,Brandenburg,Elbe-Elster,"Elsterwerda, Stadt",04910,7592,40.5,51.460775,13.520152
120620140140,Brandenburg,Elbe-Elster,"Finsterwalde, Stadt",03238,15488,77.52,51.629598,13.707896
120620224224,Brandenburg,Elbe-Elster,"Herzberg (Elster), Stadt",04916,8753,149.01,51.69229,13.23544
120620410410,Brandenburg,Elbe-Elster,Röderland,04932,3571,46.26,51.429725,13.493509
120620461461,Brandenburg,Elbe-Elster,"Schönewalde, Stadt",04916,2827,156.16,51.814067,13.228504
120620469469,Brandenburg,Elbe-Elster,"Sonnewalde, Stadt",03249,3110,119.29,51.695472,13.644831
120625031024,Brandenburg,Elbe-Elster,"Bad Liebenwerda, Stadt",04924,8835,138.88,51.515956,13.394139
120625031128,Brandenburg,Elbe-Elster,"Falkenberg/Elster, Stadt",04895,6036,82.16,51.587007,13.236202
120625031341,Brandenburg,Elbe-Elster,"Mühlberg/Elbe, Stadt",04931,3253,89.2,51.434662,13.220314
120625031500,Brandenburg,Elbe-Elster,"Uebigau-Wahrenbrück, Stadt",04938,4847,135.61,51.59403,13.299497
120625202219,Brandenburg,Elbe-Elster,Heideland,03238,461,31.74,51.603797,13.670059
120625202417,Brandenburg,Elbe-Elster,Rückersdorf,03238,1346,24.71,51.575187,13.563897
120625202440,Brandenburg,Elbe-Elster,Schilda,03253,422,8.69,51.606556,13.387897
120625202453,Brandenburg,Elbe-Elster,Schönborn,03253,1460,38.83,51.596921,13.496651
120625202492,Brandenburg,Elbe-Elster,Tröbitz,03253,610,10.59,51.596654,13.429498
120625205088,Brandenburg,Elbe-Elster,Crinitz,03246,1137,21.95,51.737593,13.758335
120625205293,Brandenburg,Elbe-Elster,Lichterfeld-Schacksdorf,03238,913,40.26,51.61528,13.760694
120625205333,Brandenburg,Elbe-Elster,Massen-Niederlausitz,03238,1883,76.08,51.642931,13.732237
120625205425,Brandenburg,Elbe-Elster,Sallgast,03238,1413,42.23,51.588502,13.848571
120625207177,Brandenburg,Elbe-Elster,Gorden-Staupitz,03238,904,28.51,51.534994,13.623827
120625207240,Brandenburg,Elbe-Elster,Hohenleipisch,04934,1728,35.06,51.497262,13.558446
120625207372,Brandenburg,Elbe-Elster,Plessa,04928,2472,52.74,51.463914,13.619668
120625207464,Brandenburg,Elbe-Elster,Schraden,04928,516,16.5,51.425191,13.694503
120625209134,Brandenburg,Elbe-Elster,Fichtwald,04936,587,31.76,51.697732,13.471073
120625209237,Brandenburg,Elbe-Elster,Hohenbucko,04936,613,43.04,51.763612,13.47168
120625209282,Brandenburg,Elbe-Elster,Kremitzaue,04936,782,23.59,51.725756,13.315825
120625209289,Brandenburg,Elbe-Elster,Lebusa,04936,785,33.79,51.797024,13.416883
120625209445,Brandenburg,Elbe-Elster,"Schlieben, Stadt",04936,2309,78.65,51.722303,13.384798
120625211196,Brandenburg,Elbe-Elster,Gröden,04932,1316,22.14,51.405884,13.573783
120625211208,Brandenburg,Elbe-Elster,Großthiemig,04932,965,20.1,51.381269,13.67473
120625211232,Brandenburg,Elbe-Elster,Hirschfeld,04932,1155,20.46,51.386942,13.616906
120625211336,Brandenburg,Elbe-Elster,Merzdorf,04932,811,12.8,51.402367,13.535293
120630036036,Brandenburg,Havelland,Brieselang,14656,13192,44.26,52.581603,12.997668
120630056056,Brandenburg,Havelland,Dallgow-Döberitz,14624,10860,66.55,52.535741,13.082659
120630080080,Brandenburg,Havelland,"Falkensee, Stadt",14612,46213,43.34,52.562932,13.095729
120630148148,Brandenburg,Havelland,"Ketzin/Havel, Stadt",14669,6636,93.63,52.477436,12.843529
120630189189,Brandenburg,Havelland,Milower Land,14715,4208,161.33,52.522804,12.311809
120630208208,Brandenburg,Havelland,"Nauen, Stadt",14641,19854,268.16,52.607013,12.876378
120630244244,Brandenburg,Havelland,"Premnitz, Stadt",14727,7966,46.27,52.530804,12.337104
120630252252,Brandenburg,Havelland,"Rathenow, Stadt",14712,24761,113.11,52.60768,12.332831
120630273273,Brandenburg,Havelland,Schönwalde-Glien,14621,10468,97.35,52.599887,13.129571
120630357357,Brandenburg,Havelland,Wustermark,14641,11059,52.88,52.545674,12.942829
120635302088,Brandenburg,Havelland,"Friesack, Stadt",14662,2525,84.03,52.73771,12.579825
120635302142,Brandenburg,Havelland,Wiesenaue,14662,758,46.94,52.727519,12.62743
120635302202,Brandenburg,Havelland,Mühlenberge,14662,748,39.62,52.672338,12.640341
120635302228,Brandenburg,Havelland,Paulinenaue,14641,1321,31.59,52.675763,12.710464
120635302240,Brandenburg,Havelland,Pessin,14641,594,20.39,52.642745,12.666402
120635302256,Brandenburg,Havelland,Retzow,14641,495,14.84,52.624672,12.685425
120635306165,Brandenburg,Havelland,Kotzen,14715,649,42.87,52.637012,12.520248
120635306186,Brandenburg,Havelland,Märkisch Luch,14715,1337,71.53,52.566196,12.558619
120635306212,Brandenburg,Havelland,Nennhausen,14715,1765,89.69,52.603483,12.505222
120635306293,Brandenburg,Havelland,Stechow-Ferchesar,14715,872,51.22,52.630741,12.460703
120635309094,Brandenburg,Havelland,Gollenberg,14728,387,30.51,52.754595,12.375881
120635309112,Brandenburg,Havelland,Großderschau,16845,419,20.15,52.791655,12.369177
120635309134,Brandenburg,Havelland,Havelaue,14715,880,74.81,52.703673,12.310633
120635309161,Brandenburg,Havelland,Kleßen-Görne,14728,325,42.18,52.740603,12.493926
120635309260,Brandenburg,Havelland,"Rhinow, Stadt",14728,1614,31.66,52.750977,12.342021
120635309274,Brandenburg,Havelland,Seeblick,14715,886,48.41,52.666875,12.336942
120640029029,Brandenburg,Märkisch-Oderland,"Altlandsberg, Stadt",15345,9680,106.6,52.566902,13.728164
120640044044,Brandenburg,Märkisch-Oderland,"Bad Freienwalde (Oder), Stadt",16259,11750,131.11,52.788194,14.031047
120640136136,Brandenburg,Märkisch-Oderland,Fredersdorf-Vogelsdorf,15370,14688,16.42,52.531041,13.755292
120640227227,Brandenburg,Märkisch-Oderland,Hoppegarten,15366,18085,31.98,52.504358,13.650114
120640274274,Brandenburg,Märkisch-Oderland,Letschin,15324,3713,142.21,52.645851,14.360067
120640317317,Brandenburg,Märkisch-Oderland,"Müncheberg, Stadt",15374,6776,152.29,52.503279,14.140462
120640336336,Brandenburg,Märkisch-Oderland,Neuenhagen bei Berlin,15366,19295,19.61,52.529791,13.688932
120640380380,Brandenburg,Märkisch-Oderland,Petershagen/Eggersdorf,15345,15360,17.63,52.537708,13.815749
120640428428,Brandenburg,Märkisch-Oderland,Rüdersdorf bei Berlin,15562,15898,70.39,52.470577,13.786091
120640448448,Brandenburg,Märkisch-Oderland,"Seelow, Stadt",15306,5421,42.73,52.533809,14.381058
120640472472,Brandenburg,Märkisch-Oderland,"Strausberg, Stadt",15344,27765,67.94,52.579644,13.881977
120640512512,Brandenburg,Märkisch-Oderland,"Wriezen, Stadt",16269,7024,95.14,52.720931,14.134186
120645403053,Brandenburg,Märkisch-Oderland,Beiersdorf-Freudenberg,16259,632,25.35,52.69905,13.816021
120645403125,Brandenburg,Märkisch-Oderland,Falkenberg,16259,2191,59.6,52.805096,13.958062
120645403205,Brandenburg,Märkisch-Oderland,Heckelberg-Brunow,16259,715,35.78,52.737857,13.837146
120645403222,Brandenburg,Märkisch-Oderland,Höhenland,16259,1049,53.95,52.703291,13.885506
120645404009,Brandenburg,Märkisch-Oderland,Alt Tucheband,15328,835,30.68,52.536635,14.511961
120645404057,Brandenburg,Märkisch-Oderland,Bleyen-Genschmar,15328,408,29.68,52.613691,14.511907
120645404172,Brandenburg,Märkisch-Oderland,Golzow,15328,773,17.29,52.573968,14.493029
120645404266,Brandenburg,Märkisch-Oderland,Küstriner Vorland,15328,2501,46.52,52.549913,14.55354
120645404538,Brandenburg,Märkisch-Oderland,Zechin,15328,631,27.85,52.608839,14.452063
120645406268,Brandenburg,Märkisch-Oderland,"Lebus, Stadt",15326,3015,54.42,52.425777,14.539936
120645406388,Brandenburg,Märkisch-Oderland,Podelzig,15326,875,25.23,52.471733,14.534429
120645406420,Brandenburg,Märkisch-Oderland,Reitwein,15328,462,23.9,52.501045,14.580288
120645406480,Brandenburg,Märkisch-Oderland,Treplin,15236,356,11.35,52.397056,14.395128
120645406539,Brandenburg,Märkisch-Oderland,Zeschdorf,15326,1241,40.44,52.426849,14.44273
120645408084,Brandenburg,Märkisch-Oderland,"Buckow (Märkische Schweiz), Stadt",15377,1488,14.42,52.568175,14.073102
120645408153,Brandenburg,Märkisch-Oderland,Garzau-Garzin,15345,505,26.1,52.533872,13.945498
120645408303,Brandenburg,Märkisch-Oderland,Märkische Höhe,15377,601,34.26,52.611019,14.112168
120645408370,Brandenburg,Märkisch-Oderland,Oberbarnim,15377,2081,52.72,52.590786,13.949866
120645408408,Brandenburg,Märkisch-Oderland,Rehfelde,15345,5386,46.51,52.527478,13.923456
120645408484,Brandenburg,Märkisch-Oderland,Waldsieversdorf,15377,864,15.57,52.542844,14.069325
120645412128,Brandenburg,Märkisch-Oderland,Falkenhagen (Mark),15306,669,27.23,52.428725,14.31639
120645412130,Brandenburg,Märkisch-Oderland,Fichtenhöhe,15306,468,22.91,52.44673,14.42896
120645412190,Brandenburg,Märkisch-Oderland,Gusow-Platkow,15306,1206,38.05,52.571655,14.353613
120645412288,Brandenburg,Märkisch-Oderland,Lietzen,15306,662,29.25,52.470767,14.342499
120645412290,Brandenburg,Märkisch-Oderland,Lindendorf,15306,1345,40.14,52.494627,14.406379
120645412340,Brandenburg,Märkisch-Oderland,Neuhardenberg,15320,2550,78.13,52.596345,14.237179
120645412482,Brandenburg,Märkisch-Oderland,Vierlinden,15306,1459,69.74,52.522048,14.27109
120645414061,Brandenburg,Märkisch-Oderland,Bliesdorf,16269,1299,34.97,52.693135,14.160301
120645414349,Brandenburg,Märkisch-Oderland,Neulewin,16259,921,41.0,52.724922,14.278128
120645414365,Brandenburg,Märkisch-Oderland,Neutrebbin,15320,1338,36.76,52.663302,14.225618
120645414371,Brandenburg,Märkisch-Oderland,Oderaue,16259,1554,65.91,52.765114,14.162889
120645414393,Brandenburg,Märkisch-Oderland,Prötzel,15345,1095,86.1,52.637357,13.987671
120645414417,Brandenburg,Märkisch-Oderland,Reichenow-Möglin,15345,562,22.81,52.664784,14.107646
120650036036,Brandenburg,Oberhavel,Birkenwerder,16547,7958,18.12,52.688528,13.282792
120650084084,Brandenburg,Oberhavel,"Fürstenberg/Havel, Stadt",16798,5715,213.85,53.184686,13.145303
120650096096,Brandenburg,Oberhavel,Glienicke/Nordbahn,16548,12161,4.61,52.630739,13.314719
120650136136,Brandenburg,Oberhavel,"Hennigsdorf, Stadt",16761,26602,31.48,52.639059,13.209009
120650144144,Brandenburg,Oberhavel,"Hohen Neuendorf, Stadt",16540,26819,48.56,52.671291,13.279528
120650165165,Brandenburg,Oberhavel,"Kremmen, Stadt",16766,7535,209.61,52.76282,13.026328
120650180180,Brandenburg,Oberhavel,Leegebruch,16767,6734,6.45,52.723649,13.193664
120650193193,Brandenburg,Oberhavel,"Liebenwalde, Stadt",16559,4419,142.14,52.871681,13.393076
120650198198,Brandenburg,Oberhavel,Löwenberger Land,16775,8482,245.43,52.89704,13.153342
120650225225,Brandenburg,Oberhavel,Mühlenbecker Land,16567,15090,52.65,52.665367,13.378858
120650251251,Brandenburg,Oberhavel,Oberkrämer,16727,12112,103.62,52.696092,13.111985
120650256256,Brandenburg,Oberhavel,"Oranienburg, Stadt",16515,49824,163.69,52.754051,13.236623
120650332332,Brandenburg,Oberhavel,"Velten, Stadt",16727,12674,23.42,52.690363,13.178818
120650356356,Brandenburg,Oberhavel,"Zehdenick, Stadt",16792,12875,223.06,52.979224,13.332283
120655502100,Brandenburg,Oberhavel,"Gransee, Stadt",16775,5828,121.68,53.00684,13.158105
120655502117,Brandenburg,Oberhavel,Großwoltersdorf,16775,709,52.67,53.069534,13.096307
120655502276,Brandenburg,Oberhavel,Schönermark,16775,409,11.91,53.007176,13.120006
120655502301,Brandenburg,Oberhavel,Sonnenberg,16775,818,50.57,53.019253,13.088633
120655502310,Brandenburg,Oberhavel,Stechlin,16775,1094,84.73,53.102905,13.05065
120660052052,Brandenburg,Oberspreewald-Lausitz,"Calau/Kalawa, Stadt",03205,7582,163.49,51.74682,13.949411
120660112112,Brandenburg,Oberspreewald-Lausitz,"Großräschen/Rań, Stadt",01983,8327,81.86,51.588116,14.010831
120660176176,Brandenburg,Oberspreewald-Lausitz,"Lauchhammer, Stadt",01979,13801,89.3,51.494487,13.762113
120660196196,Brandenburg,Oberspreewald-Lausitz,"Lübbenau/Spreewald / Lubnjow/Błota, Stadt",03222,15729,139.51,51.868584,13.968659
120660285285,Brandenburg,Oberspreewald-Lausitz,Schipkau,01998,6704,68.94,51.518499,13.899221
120660296296,Brandenburg,Oberspreewald-Lausitz,"Schwarzheide, Stadt",01987,5675,33.44,51.478084,13.854253
120660304304,Brandenburg,Oberspreewald-Lausitz,"Senftenberg/Zły Komorow, Stadt",01968,23147,127.56,51.518751,14.004312
120660320320,Brandenburg,Oberspreewald-Lausitz,"Vetschau/Spreewald / Wětošow/Błota, Stadt",03226,7533,111.42,51.783746,14.07382
120665601008,Brandenburg,Oberspreewald-Lausitz,Altdöbern,03229,2286,61.54,51.651872,14.035029
120665601041,Brandenburg,Oberspreewald-Lausitz,Bronkow,03205,526,38.54,51.670289,13.916569
120665601202,Brandenburg,Oberspreewald-Lausitz,Luckaitztal,03229,741,41.91,51.691991,14.006457
120665601226,Brandenburg,Oberspreewald-Lausitz,Neu-Seeland/Nowa Jazorina,03103,547,37.99,51.57861,14.111179
120665601228,Brandenburg,Oberspreewald-Lausitz,Neupetershain/Nowe Wiki,03103,1174,18.8,51.605157,14.164538
120665606064,Brandenburg,Oberspreewald-Lausitz,Frauendorf,01945,702,20.83,51.416001,13.769359
120665606104,Brandenburg,Oberspreewald-Lausitz,Großkmehlen,01990,1014,13.88,51.378633,13.724272
120665606168,Brandenburg,Oberspreewald-Lausitz,Kroppen,01945,699,15.25,51.384458,13.799154
120665606188,Brandenburg,Oberspreewald-Lausitz,Lindenau,01945,738,11.17,51.400004,13.717932
120665606240,Brandenburg,Oberspreewald-Lausitz,"Ortrand, Stadt",01990,1966,7.36,51.375972,13.757107
120665606316,Brandenburg,Oberspreewald-Lausitz,Tettau,01945,750,8.84,51.432007,13.727191
120665607116,Brandenburg,Oberspreewald-Lausitz,Grünewald,01945,520,13.45,51.400232,13.994866
120665607120,Brandenburg,Oberspreewald-Lausitz,Guteborn,01945,533,16.69,51.420759,13.929125
120665607124,Brandenburg,Oberspreewald-Lausitz,Hermsdorf,01945,703,33.03,51.404965,13.894611
120665607132,Brandenburg,Oberspreewald-Lausitz,Hohenbocka,01945,980,15.6,51.43189,14.007666
120665607272,Brandenburg,Oberspreewald-Lausitz,"Ruhland, Stadt",01945,3713,37.22,51.459153,13.866195
120665607292,Brandenburg,Oberspreewald-Lausitz,Schwarzbach,01945,654,15.84,51.45178,13.936142
120670036036,Brandenburg,Oder-Spree,"Beeskow, Stadt",15848,7930,77.9,52.172338,14.24693
120670120120,Brandenburg,Oder-Spree,"Eisenhüttenstadt, Stadt",15890,24791,63.47,52.145788,14.631279
120670124124,Brandenburg,Oder-Spree,"Erkner, Stadt",15537,11523,16.53,52.4197,13.754248
120670137137,Brandenburg,Oder-Spree,"Friedland, Stadt",15848,2925,174.15,52.102722,14.264623
120670144144,Brandenburg,Oder-Spree,"Fürstenwalde/Spree, Stadt",15517,31981,70.67,52.35966,14.064713
120670201201,Brandenburg,Oder-Spree,Grünheide (Mark),15537,8997,126.9,52.425521,13.822805
120670426426,Brandenburg,Oder-Spree,Rietz-Neuendorf,15848,4143,184.82,52.212581,14.207199
120670440440,Brandenburg,Oder-Spree,Schöneiche bei Berlin,15566,12997,16.73,52.479548,13.695636
120670481481,Brandenburg,Oder-Spree,"Storkow (Mark), Stadt",15859,9202,180.72,52.257122,13.932683
120670493493,Brandenburg,Oder-Spree,Tauche,15848,3667,121.6,52.153119,14.160976
120670544544,Brandenburg,Oder-Spree,Woltersdorf,15569,8353,9.12,52.450193,13.756782
120675701076,Brandenburg,Oder-Spree,Brieskow-Finkenheerd,15295,2253,13.61,52.251075,14.576398
120675701180,Brandenburg,Oder-Spree,Groß Lindow,15295,1638,15.39,52.235314,14.531031
120675701508,Brandenburg,Oder-Spree,Vogelsang,15890,736,5.86,52.181972,14.663918
120675701528,Brandenburg,Oder-Spree,Wiesenau,15295,1204,29.75,52.230713,14.591206
120675701552,Brandenburg,Oder-Spree,Ziltendorf,15295,1413,28.77,52.206164,14.624316
120675705292,Brandenburg,Oder-Spree,Lawitz,15898,556,6.07,52.106323,14.635461
120675705338,Brandenburg,Oder-Spree,Neißemünde,15898,1579,42.28,52.064489,14.699259
120675705357,Brandenburg,Oder-Spree,Neuzelle,15898,4169,135.94,52.090954,14.648753
120675706040,Brandenburg,Oder-Spree,Berkenbrück,15518,1072,17.84,52.352247,14.148048
120675706072,Brandenburg,Oder-Spree,Briesen (Mark),15518,2944,111.68,52.344886,14.277635
120675706237,Brandenburg,Oder-Spree,Jacobsdorf,15236,1793,50.58,52.338669,14.354154
120675706473,Brandenburg,Oder-Spree,Steinhöfel,15518,4365,160.47,52.400101,14.165947
120675707024,Brandenburg,Oder-Spree,Bad Saarow,15526,6242,50.36,52.292978,14.062758
120675707112,Brandenburg,Oder-Spree,Diensdorf-Radlow,15864,636,9.35,52.241128,14.063444
120675707288,Brandenburg,Oder-Spree,Langewahl,15518,846,13.45,52.32712,14.104684
120675707413,Brandenburg,Oder-Spree,Reichenwalde,15526,1223,26.31,52.264685,13.998033
120675707520,Brandenburg,Oder-Spree,Wendisch Rietz,15864,1658,25.07,52.216425,14.005932
120675708205,Brandenburg,Oder-Spree,Grunow-Dammendorf,15299,479,45.14,52.157661,14.394097
120675708324,Brandenburg,Oder-Spree,Mixdorf,15299,880,13.22,52.195416,14.406866
120675708336,Brandenburg,Oder-Spree,"Müllrose, Stadt",15299,4646,69.23,52.245406,14.414235
120675708397,Brandenburg,Oder-Spree,Ragow-Merz,15848,507,43.75,52.195296,14.300804
120675708438,Brandenburg,Oder-Spree,Schlaubetal,15890,1765,52.55,52.142495,14.533249
120675708458,Brandenburg,Oder-Spree,Siehdichum,15890,1444,73.63,52.189266,14.531316
120675709173,Brandenburg,Oder-Spree,Gosen-Neu Zittau,15537,3206,15.26,52.388631,13.741699
120675709408,Brandenburg,Oder-Spree,Rauen,15518,1987,21.59,52.328301,14.025285
120675709469,Brandenburg,Oder-Spree,Spreenhagen,15528,3392,137.03,52.341228,13.875127
120680117117,Brandenburg,Ostprignitz-Ruppin,Fehrbellin,16833,8946,270.38,52.813492,12.764153
120680181181,Brandenburg,Ostprignitz-Ruppin,Heiligengrabe,16909,4302,207.66,53.145062,12.364917
120680264264,Brandenburg,Ostprignitz-Ruppin,"Kyritz, Stadt",16866,9059,157.36,52.942534,12.396369
120680320320,Brandenburg,Ostprignitz-Ruppin,"Neuruppin, Stadt",16816,31887,305.19,52.923365,12.806498
120680353353,Brandenburg,Ostprignitz-Ruppin,"Rheinsberg, Stadt",16831,7663,328.15,53.099024,12.892207
120680468468,Brandenburg,Ostprignitz-Ruppin,"Wittstock/Dosse, Stadt",16909,13642,420.2,53.163299,12.485875
120680477477,Brandenburg,Ostprignitz-Ruppin,Wusterhausen/Dosse,16868,5725,196.35,52.891156,12.462
120685804188,Brandenburg,Ostprignitz-Ruppin,Herzberg (Mark),16835,650,18.73,52.902818,12.96994
120685804280,Brandenburg,Ostprignitz-Ruppin,"Lindow (Mark), Stadt",16835,2931,65.47,52.970129,12.986769
120685804372,Brandenburg,Ostprignitz-Ruppin,Rüthnick,16835,454,17.69,52.881027,12.994752
120685804437,Brandenburg,Ostprignitz-Ruppin,Vielitzsee,16835,463,22.18,52.932593,13.014725
120685805052,Brandenburg,Ostprignitz-Ruppin,Breddin,16845,865,44.97,52.884617,12.22172
120685805109,Brandenburg,Ostprignitz-Ruppin,Dreetz,16845,1112,64.74,52.802908,12.459731
120685805324,Brandenburg,Ostprignitz-Ruppin,"Neustadt (Dosse), Stadt",16845,3502,75.88,52.857148,12.438658
120685805409,Brandenburg,Ostprignitz-Ruppin,Sieversdorf-Hohenofen,16845,664,20.02,52.820337,12.396063
120685805417,Brandenburg,Ostprignitz-Ruppin,Stüdenitz-Schönermark,16845,594,24.35,52.889374,12.279773
120685805501,Brandenburg,Ostprignitz-Ruppin,Zernitz-Lohm,16845,875,37.38,52.860796,12.3167
120685807072,Brandenburg,Ostprignitz-Ruppin,Dabergotz,16818,659,12.66,52.902483,12.723063
120685807306,Brandenburg,Ostprignitz-Ruppin,Märkisch Linden,16818,1201,44.19,52.918014,12.708379
120685807413,Brandenburg,Ostprignitz-Ruppin,Storbeck-Frankendorf,16818,485,42.69,53.012389,12.700449
120685807425,Brandenburg,Ostprignitz-Ruppin,Temnitzquell,16818,744,65.76,53.013421,12.645607
120685807426,Brandenburg,Ostprignitz-Ruppin,Temnitztal,16845,1487,52.49,52.877321,12.629868
120685807452,Brandenburg,Ostprignitz-Ruppin,Walsleben,16818,794,31.91,52.938938,12.668225
120690017017,Brandenburg,Potsdam-Mittelmark,"Beelitz, Stadt",14547,14102,181.31,52.232322,12.977691
120690020020,Brandenburg,Potsdam-Mittelmark,"Bad Belzig, Stadt",14806,11109,236.1,52.140642,12.586743
120690249249,Brandenburg,Potsdam-Mittelmark,Groß Kreutz (Havel),14550,8943,99.35,52.403684,12.776671
120690304304,Brandenburg,Potsdam-Mittelmark,Kleinmachnow,14532,19174,11.91,52.410025,13.22825
120690306306,Brandenburg,Potsdam-Mittelmark,Kloster Lehnin,14797,11243,200.91,52.319273,12.745314
120690397397,Brandenburg,Potsdam-Mittelmark,Michendorf,14552,13769,68.68,52.309633,13.028498
120690454454,Brandenburg,Potsdam-Mittelmark,Nuthetal,14558,9302,48.03,52.349935,13.104062
120690590590,Brandenburg,Potsdam-Mittelmark,Schwielowsee,14548,10741,58.3,52.311064,12.929695
120690596596,Brandenburg,Potsdam-Mittelmark,Seddiner See,14554,4790,23.98,52.288384,12.990337
120690604604,Brandenburg,Potsdam-Mittelmark,Stahnsdorf,14532,16041,49.47,52.391689,13.216273
120690616616,Brandenburg,Potsdam-Mittelmark,"Teltow, Stadt",14513,27698,21.59,52.400559,13.268496
120690632632,Brandenburg,Potsdam-Mittelmark,"Treuenbrietzen, Stadt",14929,7490,212.42,52.094645,12.870622
120690656656,Brandenburg,Potsdam-Mittelmark,"Werder (Havel), Stadt",14542,27064,117.12,52.376456,12.934139
120690665665,Brandenburg,Potsdam-Mittelmark,Wiesenburg/Mark,14827,4233,220.19,52.114356,12.454639
120695902018,Brandenburg,Potsdam-Mittelmark,Beetzsee,14778,2724,21.28,52.461693,12.537066
120695902019,Brandenburg,Potsdam-Mittelmark,Beetzseeheide,14778,762,37.6,52.494945,12.629564
120695902270,Brandenburg,Potsdam-Mittelmark,"Havelsee, Stadt",14798,3126,81.97,52.495639,12.455492
120695902460,Brandenburg,Potsdam-Mittelmark,Päwesin,14778,506,23.65,52.511131,12.714854
120695902541,Brandenburg,Potsdam-Mittelmark,Roskow,14778,1204,39.26,52.472329,12.715223
120695904052,Brandenburg,Potsdam-Mittelmark,Borkheide,14822,2208,6.76,52.225651,12.857467
120695904056,Brandenburg,Potsdam-Mittelmark,Borkwalde,14822,2290,4.89,52.253011,12.835251
120695904076,Brandenburg,Potsdam-Mittelmark,"Brück, Stadt",14822,4222,86.18,52.196813,12.762275
120695904216,Brandenburg,Potsdam-Mittelmark,Golzow,14778,1346,40.23,52.278452,12.605916
120695904345,Brandenburg,Potsdam-Mittelmark,Linthe,14822,893,29.79,52.154896,12.785999
120695904470,Brandenburg,Potsdam-Mittelmark,Planebruch,14822,989,65.39,52.259962,12.659013
120695910402,Brandenburg,Potsdam-Mittelmark,Mühlenfließ,14823,911,58.72,52.145867,12.844257
120695910448,Brandenburg,Potsdam-Mittelmark,"Niemegk, Stadt",14823,2019,45.11,52.076873,12.688242
120695910474,Brandenburg,Potsdam-Mittelmark,Planetal,14806,863,42.76,52.10196,12.669596
120695910485,Brandenburg,Potsdam-Mittelmark,Rabenstein/Fläming,14823,804,79.18,52.054311,12.624722
120695917028,Brandenburg,Potsdam-Mittelmark,Bensdorf,14789,1242,34.34,52.420493,12.343381
120695917537,Brandenburg,Potsdam-Mittelmark,Rosenau,14789,845,49.74,52.325115,12.320434
120695917688,Brandenburg,Potsdam-Mittelmark,Wusterwitz,14789,2850,23.78,52.369046,12.383866
120695918089,Brandenburg,Potsdam-Mittelmark,Buckautal,14793,460,39.16,52.222278,12.327259
120695918224,Brandenburg,Potsdam-Mittelmark,Görzke,14828,1156,75.58,52.172173,12.374401
120695918232,Brandenburg,Potsdam-Mittelmark,Gräben,14793,501,40.62,52.233327,12.427084
120695918648,Brandenburg,Potsdam-Mittelmark,Wenzlow,14778,536,20.54,52.30047,12.445311
120695918680,Brandenburg,Potsdam-Mittelmark,Wollin,14778,803,28.0,52.281348,12.46892
120695918696,Brandenburg,Potsdam-Mittelmark,"Ziesar, Stadt",14793,2388,67.91,52.266957,12.289639
120700125125,Brandenburg,Prignitz,Groß Pankow (Prignitz),16928,3777,250.78,53.118372,12.055363
120700149149,Brandenburg,Prignitz,Gumtow,16866,3189,213.15,52.978437,12.250211
120700173173,Brandenburg,Prignitz,Karstädt,19357,5734,253.53,53.156602,11.745992
120700296296,Brandenburg,Prignitz,"Perleberg, Stadt",19348,11917,138.69,53.076035,11.864297
120700302302,Brandenburg,Prignitz,Plattenburg,19339,3129,202.02,52.957032,12.02873
120700316316,Brandenburg,Prignitz,"Pritzwalk, Stadt",16928,11801,167.32,53.149444,12.17456
120700424424,Brandenburg,Prignitz,"Wittenberge, Stadt",19322,16928,50.63,52.993574,11.751411
120705001008,Brandenburg,Prignitz,"Bad Wilsnack, Stadt",19336,2467,79.38,52.954958,11.948256
120705001052,Brandenburg,Prignitz,Breese,19322,1499,23.76,53.00232,11.791215
120705001241,Brandenburg,Prignitz,Legde/Quitzöbel,19336,574,41.82,52.892056,11.984255
120705001348,Brandenburg,Prignitz,Rühstädt,19322,491,29.15,52.91894,11.870346
120705001416,Brandenburg,Prignitz,Weisen,19322,1001,15.63,53.021498,11.786137
120705005060,Brandenburg,Prignitz,Cumlosen,19322,703,22.18,53.031317,11.657758
120705005236,Brandenburg,Prignitz,Lanz,19309,687,60.35,53.074161,11.601957
120705005244,Brandenburg,Prignitz,"Lenzen (Elbe), Stadt",19309,2000,96.21,53.090913,11.474781
120705005246,Brandenburg,Prignitz,Lenzerwische,19309,439,42.06,53.066744,11.359147
120705006096,Brandenburg,Prignitz,Gerdshagen,16928,452,22.99,53.244381,12.198549
120705006153,Brandenburg,Prignitz,Halenbeck-Rohlsdorf,16945,505,39.91,53.247396,12.31074
120705006222,Brandenburg,Prignitz,Kümmernitztal,16945,353,20.38,53.224187,12.1553
120705006266,Brandenburg,Prignitz,Marienfließ,16945,675,77.7,53.318158,12.141508
120705006280,Brandenburg,Prignitz,"Meyenburg, Stadt",16945,2008,50.71,53.31502,12.241387
120705009028,Brandenburg,Prignitz,Berge,19348,707,26.61,53.239045,11.873277
120705009145,Brandenburg,Prignitz,Gülitz-Reetz,19348,455,24.31,53.200474,11.967389
120705009300,Brandenburg,Prignitz,Pirow,19348,425,37.81,53.218136,11.900884
120705009325,Brandenburg,Prignitz,"Putlitz, Stadt",16949,2533,119.69,53.249052,12.043185
120705009393,Brandenburg,Prignitz,Triglitz,16949,493,31.82,53.210928,12.101667
120710057057,Brandenburg,Spree-Neiße,"Drebkau/Drjowk, Stadt",03116,5388,143.9,51.657264,14.217333
120710076076,Brandenburg,Spree-Neiße,"Forst (Lausitz)/Baršć (Łužyca), Stadt",03149,16933,110.7,51.744632,14.644601
120710160160,Brandenburg,Spree-Neiße,"Guben, Stadt",03172,15613,43.99,51.954129,14.712014
120710244244,Brandenburg,Spree-Neiße,Kolkwitz/Gołkojce,03099,9221,104.68,51.74988,14.244736
120710301301,Brandenburg,Spree-Neiße,Neuhausen/Spree / Kopańce/Sprjewja,03058,4762,134.23,51.68088,14.414071
120710337337,Brandenburg,Spree-Neiße,Schenkendöbern/Derbno,03172,3313,215.04,51.957956,14.635866
120710372372,Brandenburg,Spree-Neiße,"Spremberg/Grodk, Stadt",03130,20900,202.29,51.571789,14.379761
120710408408,Brandenburg,Spree-Neiße,"Welzow/Wjelcej, Stadt",03119,3126,39.57,51.581019,14.171628
120715101028,Brandenburg,Spree-Neiße,Briesen/Brjazyna,03096,773,9.13,51.814903,14.244488
120715101032,Brandenburg,Spree-Neiße,Burg (Spreewald)/Bórkowy (Błota),03096,4125,35.26,51.834284,14.148064
120715101041,Brandenburg,Spree-Neiße,Dissen-Striesow/Dešno-Strjažow,03096,942,19.98,51.825943,14.293614
120715101164,Brandenburg,Spree-Neiße,Guhrow/Góry,03096,509,6.68,51.817596,14.227923
120715101341,Brandenburg,Spree-Neiße,Schmogrow-Fehrow/Smogorjow-Prjawoz,03096,810,30.43,51.850577,14.211951
120715101412,Brandenburg,Spree-Neiße,Werben/Wjerbno,03096,1745,25.01,51.812236,14.185192
120715102044,Brandenburg,Spree-Neiße,"Döbern/Derbno, Stadt",03159,3028,15.79,51.614654,14.597678
120715102074,Brandenburg,Spree-Neiße,Felixsee/Feliksowy Jazor,03130,1786,35.52,51.601115,14.570858
120715102153,Brandenburg,Spree-Neiße,Groß Schacksdorf-Simmersdorf,03149,724,25.17,51.688001,14.633589
120715102189,Brandenburg,Spree-Neiße,Jämlitz-Klein Düben,03130,435,28.72,51.56729,14.661683
120715102294,Brandenburg,Spree-Neiße,Neiße-Malxetal/Dolina Nysa-Małksa,03159,1497,82.57,51.638124,14.59935
120715102392,Brandenburg,Spree-Neiße,Tschernitz/Cersk,03130,1129,13.26,51.576022,14.614958
120715102414,Brandenburg,Spree-Neiße,Wiesengrund/Łukojce,03149,1310,50.44,51.675179,14.536405
120715107052,Brandenburg,Spree-Neiße,Drachhausen/Hochoza,03185,732,38.4,51.890673,14.323575
120715107060,Brandenburg,Spree-Neiße,Drehnow/Drjenow,03185,503,10.97,51.866479,14.358076
120715107176,Brandenburg,Spree-Neiße,Heinersbrück/Móst,03185,549,23.98,51.817153,14.507622
120715107193,Brandenburg,Spree-Neiße,Jänschwalde/Janšojce,03197,1572,82.37,51.861753,14.498912
120715107304,Brandenburg,Spree-Neiße,"Peitz/Picnjo, Stadt",03185,4327,13.49,51.858547,14.411595
120715107384,Brandenburg,Spree-Neiße,Tauer/Turjej,03185,677,42.22,51.896992,14.455995
120715107386,Brandenburg,Spree-Neiße,Teichland/Gatojce,03185,1051,35.17,51.823951,14.403796
120715107401,Brandenburg,Spree-Neiße,Turnow-Preilack/Turnow-Pśiłuk,03185,1094,38.02,51.871553,14.38664
120720002002,Brandenburg,Teltow-Fläming,Am Mellensee,15838,7269,104.69,52.156432,13.405535
120720014014,Brandenburg,Teltow-Fläming,"Baruth/Mark, Stadt",15837,4119,233.83,52.049327,13.504113
120720017017,Brandenburg,Teltow-Fläming,Blankenfelde-Mahlow,15827,29280,55.17,52.335583,13.411951
120720120120,Brandenburg,Teltow-Fläming,Großbeeren,14979,9305,51.89,52.353582,13.307172
120720169169,Brandenburg,Teltow-Fläming,"Jüterbog, Stadt",14913,12961,176.48,51.99201,13.081594
120720232232,Brandenburg,Teltow-Fläming,"Luckenwalde, Stadt",14943,21077,46.61,52.089253,13.173009
120720240240,Brandenburg,Teltow-Fläming,"Ludwigsfelde, Stadt",14974,29635,109.98,52.30004,13.262008
120720297297,Brandenburg,Teltow-Fläming,Niedergörsdorf,14913,6150,205.77,51.978909,12.984582
120720312312,Brandenburg,Teltow-Fläming,Nuthe-Urstromtal,14947,6249,341.28,52.128067,13.16802
120720340340,Brandenburg,Teltow-Fläming,Rangsdorf,15834,11768,33.78,52.291187,13.418153
120720426426,Brandenburg,Teltow-Fläming,"Trebbin, Stadt",14959,9682,126.37,52.21445,13.212539
120720477477,Brandenburg,Teltow-Fläming,"Zossen, Stadt",15806,21558,180.38,52.21624,13.449172
120725204053,Brandenburg,Teltow-Fläming,"Dahme/Mark, Stadt",15936,4904,162.57,51.869415,13.428214
120725204055,Brandenburg,Teltow-Fläming,Dahmetal,15936,424,41.57,51.904238,13.486724
120725204157,Brandenburg,Teltow-Fläming,Ihlow,15936,633,47.69,51.866956,13.338552
120725204298,Brandenburg,Teltow-Fläming,Niederer Fläming,14913,2968,186.13,51.930042,13.193884
120730008008,Brandenburg,Uckermark,"Angermünde, Stadt",16278,14015,324.24,53.017304,14.003142
120730069069,Brandenburg,Uckermark,Boitzenburger Land,17268,2862,217.38,53.264349,13.607102
120730384384,Brandenburg,Uckermark,"Lychen, Stadt",17279,3147,111.98,53.210926,13.315316
120730429429,Brandenburg,Uckermark,Nordwestuckermark,17291,4036,254.32,53.331298,13.707767
120730452452,Brandenburg,Uckermark,"Prenzlau, Stadt",17291,18779,142.96,53.315519,13.861671
120730572572,Brandenburg,Uckermark,"Templin, Stadt",17268,15532,379.59,53.120644,13.499106
120730579579,Brandenburg,Uckermark,Uckerland,17337,2360,167.21,53.450803,13.804721
120735051440,Brandenburg,Uckermark,Pinnow,16278,890,12.94,53.061525,14.085547
120735051532,Brandenburg,Uckermark,"Schwedt/Oder, Stadt",16303,33633,360.74,53.055494,14.287861
120735303085,Brandenburg,Uckermark,"Brüssow, Stadt",17326,1855,101.81,53.39961,14.126496
120735303093,Brandenburg,Uckermark,Carmzow-Wallmow,17291,565,32.06,53.342885,14.085626
120735303216,Brandenburg,Uckermark,Göritz,17291,790,25.56,53.407652,13.913651
120735303490,Brandenburg,Uckermark,Schenkenberg,17291,616,30.16,53.363791,13.947967
120735303520,Brandenburg,Uckermark,Schönfeld,17291,529,29.26,53.414757,13.985899
120735304097,Brandenburg,Uckermark,Casekow,16306,1733,94.26,53.211419,14.208554
120735304189,Brandenburg,Uckermark,"Gartz (Oder), Stadt",16307,2295,61.88,53.2087,14.388886
120735304309,Brandenburg,Uckermark,Hohenselchow-Groß Pinnow,16306,696,41.5,53.204435,14.279904
120735304393,Brandenburg,Uckermark,Mescherin,16307,740,31.04,53.247318,14.430128
120735304565,Brandenburg,Uckermark,Tantow,16307,736,35.47,53.271276,14.352565
120735305157,Brandenburg,Uckermark,Flieth-Stegelitz,17268,500,46.92,53.127904,13.849704
120735305201,Brandenburg,Uckermark,Gerswalde,17268,1431,97.06,53.170698,13.747927
120735305396,Brandenburg,Uckermark,Milmersdorf,17268,1373,63.56,53.111703,13.641293
120735305404,Brandenburg,Uckermark,Mittenwalde,17268,364,23.07,53.184579,13.662595
120735305569,Brandenburg,Uckermark,Temmen-Ringenwalde,17268,477,63.31,53.05712,13.714647
120735306225,Brandenburg,Uckermark,Gramzow,17291,1691,66.2,53.21073,14.004588
120735306261,Brandenburg,Uckermark,Grünow,17291,953,34.92,53.315663,13.94663
120735306430,Brandenburg,Uckermark,Oberuckersee,17291,1576,84.96,53.217306,13.840199
120735306458,Brandenburg,Uckermark,Randowtal,17291,831,64.19,53.29826,14.101115
120735306578,Brandenburg,Uckermark,Uckerfelde,17291,947,46.27,53.237783,13.983346
120735306645,Brandenburg,Uckermark,Zichow,16306,470,32.22,53.190169,14.038335
130009999998,Mecklenburg-Vorpommern,Uckermark,gemeindefreies Gebiet M-V,,0,0.5,,
130009999999,Mecklenburg-Vorpommern,Uckermark,Küstengewässer einschl. Anteil am Festlandsockel,,0,0.5,,
130030000000,Mecklenburg-Vorpommern,Rostock,"Rostock, Hanse- und Universitätsstadt",18055,204929,181.38,54.088548,12.135993
130040000000,Mecklenburg-Vorpommern,Schwerin,"Schwerin, Landeshauptstadt",19053,97922,130.52,53.628545,11.414434
130710027027,Mecklenburg-Vorpommern,Mecklenburgische Seenplatte,"Dargun, Stadt",17159,4063,118.03,53.898212,12.853692
130710029029,Mecklenburg-Vorpommern,Mecklenburgische Seenplatte,"Demmin, Hansestadt",17109,10001,82.06,53.905543,13.038196
130710033033,Mecklenburg-Vorpommern,Mecklenburgische Seenplatte,Feldberger Seenlandschaft,17258,4298,201.08,53.335556,13.439741
130710107107,Mecklenburg-Vorpommern,Mecklenburgische Seenplatte,"Neubrandenburg, Vier-Tore-Stadt",17033,59494,86.12,53.557345,13.25996
130710110110,Mecklenburg-Vorpommern,Mecklenburgische Seenplatte,"Neustrelitz, Residenzstadt",17235,20136,139.89,53.363118,13.062278
130710156156,Mecklenburg-Vorpommern,Mecklenburgische Seenplatte,"Waren (Müritz), Stadt",17192,20211,159.45,53.513209,12.686242
130715151008,Mecklenburg-Vorpommern,Mecklenburgische Seenplatte,Beggerow,17111,471,29.82,53.828397,13.053886
130715151014,Mecklenburg-Vorpommern,Mecklenburgische Seenplatte,Borrentin,17111,715,48.28,53.808779,12.967709
130715151064,Mecklenburg-Vorpommern,Mecklenburgische Seenplatte,Hohenbollentin,17111,100,6.54,53.788771,13.020607
130715151065,Mecklenburg-Vorpommern,Mecklenburgische Seenplatte,Hohenmocker,17111,441,27.02,53.820859,13.177869
130715151072,Mecklenburg-Vorpommern,Mecklenburgische Seenplatte,Kentzlin,17111,185,11.8,53.754769,12.971224
130715151076,Mecklenburg-Vorpommern,Mecklenburgische Seenplatte,Kletzin,17111,651,27.28,53.923868,13.156878
130715151089,Mecklenburg-Vorpommern,Mecklenburgische Seenplatte,Lindenberg,17111,196,13.08,53.763769,13.021662
130715151096,Mecklenburg-Vorpommern,Mecklenburgische Seenplatte,Meesiger,17111,209,8.97,53.81161,12.915312
130715151112,Mecklenburg-Vorpommern,Mecklenburgische Seenplatte,Nossendorf,17111,639,35.13,53.961796,12.956329
130715151128,Mecklenburg-Vorpommern,Mecklenburgische Seenplatte,Sarow,17111,666,33.75,53.794622,13.102113
130715151131,Mecklenburg-Vorpommern,Mecklenburgische Seenplatte,Schönfeld,17111,342,16.21,53.852495,12.95714
130715151136,Mecklenburg-Vorpommern,Mecklenburgische Seenplatte,Siedenbrünzow,17111,467,27.6,53.897383,13.146757
130715151139,Mecklenburg-Vorpommern,Mecklenburgische Seenplatte,Sommersdorf,17111,266,8.74,53.793658,12.891696
130715151148,Mecklenburg-Vorpommern,Mecklenburgische Seenplatte,Utzedel,17111,400,25.98,53.856604,13.117717
130715151150,Mecklenburg-Vorpommern,Mecklenburgische Seenplatte,Verchen,17111,386,11.75,53.850361,12.907737
130715151157,Mecklenburg-Vorpommern,Mecklenburgische Seenplatte,Warrenzin,17111,345,29.07,53.903335,12.946442
130715152028,Mecklenburg-Vorpommern,Mecklenburgische Seenplatte,Datzetal,17099,877,41.23,53.679046,13.492971
130715152035,Mecklenburg-Vorpommern,Mecklenburgische Seenplatte,"Friedland, Stadt",17098,6054,141.79,53.670639,13.553318
130715152037,Mecklenburg-Vorpommern,Mecklenburgische Seenplatte,Galenbeck,17099,1068,93.53,53.621041,13.705727
130715153007,Mecklenburg-Vorpommern,Mecklenburgische Seenplatte,Basedow,17139,673,35.46,53.696842,12.68118
130715153032,Mecklenburg-Vorpommern,Mecklenburgische Seenplatte,Faulenrost,17139,630,33.74,53.638189,12.78668
130715153039,Mecklenburg-Vorpommern,Mecklenburgische Seenplatte,Gielow,17139,1100,23.55,53.696542,12.74792
130715153084,Mecklenburg-Vorpommern,Mecklenburgische Seenplatte,"Kummerow, Seegemeinde",17139,549,57.71,53.768639,12.831469
130715153092,Mecklenburg-Vorpommern,Mecklenburgische Seenplatte,"Malchin, Stadt",17139,6667,109.28,53.739434,12.762134
130715153109,Mecklenburg-Vorpommern,Mecklenburgische Seenplatte,"Neukalen, Peenestadt",17154,1766,47.96,53.822436,12.790764
130715154001,Mecklenburg-Vorpommern,Mecklenburgische Seenplatte,Alt Schwerin,17214,537,44.44,53.512197,12.351571
130715154036,Mecklenburg-Vorpommern,Mecklenburgische Seenplatte,Fünfseen,17213,978,51.78,53.389037,12.392639
130715154043,Mecklenburg-Vorpommern,Mecklenburgische Seenplatte,Göhren-Lebbin,17213,959,41.69,53.477876,12.512716
130715154093,Mecklenburg-Vorpommern,Mecklenburgische Seenplatte,"Malchow, Inselstadt",17213,6208,44.71,53.475132,12.423356
130715154113,Mecklenburg-Vorpommern,Mecklenburgische Seenplatte,Nossentiner Hütte,17214,585,40.25,53.535058,12.424283
130715154138,Mecklenburg-Vorpommern,Mecklenburgische Seenplatte,Silz,17214,323,10.69,53.519356,12.440245
130715154155,Mecklenburg-Vorpommern,Mecklenburgische Seenplatte,Walow,17209,501,19.92,53.4234,12.466377
130715154171,Mecklenburg-Vorpommern,Mecklenburgische Seenplatte,Zislow,17209,181,15.94,53.431649,12.31134
130715155099,Mecklenburg-Vorpommern,Mecklenburgische Seenplatte,"Mirow, Stadt",17252,3671,158.27,53.274554,12.815475
130715155119,Mecklenburg-Vorpommern,Mecklenburgische Seenplatte,Priepert,17255,315,22.58,53.219063,13.036122
130715155159,Mecklenburg-Vorpommern,Mecklenburgische Seenplatte,"Wesenberg, Stadt",17255,2972,89.64,53.281414,12.970368
130715155167,Mecklenburg-Vorpommern,Mecklenburgische Seenplatte,Wustrow,17255,750,43.29,53.225785,12.9698
130715156011,Mecklenburg-Vorpommern,Mecklenburgische Seenplatte,Blankensee,17237,1485,56.14,53.407049,13.264528
130715156012,Mecklenburg-Vorpommern,Mecklenburgische Seenplatte,Blumenholz,17237,757,41.84,53.414065,13.122289
130715156025,Mecklenburg-Vorpommern,Mecklenburgische Seenplatte,Carpin,17237,773,64.1,53.356299,13.24319
130715156042,Mecklenburg-Vorpommern,Mecklenburgische Seenplatte,Godendorf,17237,241,13.93,53.2573,13.15505
130715156058,Mecklenburg-Vorpommern,Mecklenburgische Seenplatte,Grünow,17237,308,23.21,53.344108,13.312545
130715156066,Mecklenburg-Vorpommern,Mecklenburgische Seenplatte,Hohenzieritz,17237,430,20.53,53.444498,13.09924
130715156075,Mecklenburg-Vorpommern,Mecklenburgische Seenplatte,Klein Vielen,17237,656,45.64,53.452909,13.03222
130715156080,Mecklenburg-Vorpommern,Mecklenburgische Seenplatte,Kratzeburg,17237,538,55.5,53.429184,12.94392
130715156100,Mecklenburg-Vorpommern,Mecklenburgische Seenplatte,Möllenbeck,17237,777,36.32,53.390227,13.34296
130715156147,Mecklenburg-Vorpommern,Mecklenburgische Seenplatte,Userin,17237,673,46.61,53.340265,12.982267
130715156162,Mecklenburg-Vorpommern,Mecklenburgische Seenplatte,Wokuhl-Dabelow,17237,566,46.32,53.285911,13.20154
130715157009,Mecklenburg-Vorpommern,Mecklenburgische Seenplatte,Beseritz,17039,125,11.09,53.701932,13.459646
130715157010,Mecklenburg-Vorpommern,Mecklenburgische Seenplatte,Blankenhof,17039,702,18.22,53.576937,13.131115
130715157019,Mecklenburg-Vorpommern,Mecklenburgische Seenplatte,Brunn,17039,1023,47.76,53.670242,13.372319
130715157104,Mecklenburg-Vorpommern,Mecklenburgische Seenplatte,Neddemin,17039,335,12.53,53.651013,13.279592
130715157108,Mecklenburg-Vorpommern,Mecklenburgische Seenplatte,Neuenkirchen,17039,1101,23.06,53.597509,13.370182
130715157111,Mecklenburg-Vorpommern,Mecklenburgische Seenplatte,Neverin,17039,1008,13.32,53.619149,13.338452
130715157140,Mecklenburg-Vorpommern,Mecklenburgische Seenplatte,Sponholz,17039,705,26.96,53.552413,13.365739
130715157141,Mecklenburg-Vorpommern,Mecklenburgische Seenplatte,Staven,17039,340,14.72,53.627037,13.403461
130715157145,Mecklenburg-Vorpommern,Mecklenburgische Seenplatte,Trollenhagen,17039,917,17.79,53.605947,13.290378
130715157161,Mecklenburg-Vorpommern,Mecklenburgische Seenplatte,Woggersin,17039,509,6.44,53.608107,13.230296
130715157166,Mecklenburg-Vorpommern,Mecklenburgische Seenplatte,Wulkenzin,17039,1500,21.59,53.5456,13.168469
130715157170,Mecklenburg-Vorpommern,Mecklenburgische Seenplatte,Zirzow,17039,339,9.32,53.582274,13.194674
130715158005,Mecklenburg-Vorpommern,Mecklenburgische Seenplatte,"Ankershagen, Schliemanngemeinde",17219,505,28.23,53.484206,12.95775
130715158101,Mecklenburg-Vorpommern,Mecklenburgische Seenplatte,Möllenhagen,17219,1568,50.05,53.522883,12.924593
130715158115,Mecklenburg-Vorpommern,Mecklenburgische Seenplatte,"Penzlin, Stadt",17217,4036,115.56,53.505303,13.087659
130715158173,Mecklenburg-Vorpommern,Mecklenburgische Seenplatte,Kuckssee,17217,575,19.19,53.520499,13.130169
130715159003,Mecklenburg-Vorpommern,Mecklenburgische Seenplatte,Altenhof,17209,315,16.66,53.355473,12.357289
130715159013,Mecklenburg-Vorpommern,Mecklenburgische Seenplatte,Bollewick,17207,617,26.71,53.359038,12.579987
130715159020,Mecklenburg-Vorpommern,Mecklenburgische Seenplatte,Buchholz,17209,116,15.41,53.277217,12.641406
130715159023,Mecklenburg-Vorpommern,Mecklenburgische Seenplatte,Bütow,17209,460,26.45,53.346298,12.483362
130715159034,Mecklenburg-Vorpommern,Mecklenburgische Seenplatte,Fincken,17209,475,34.95,53.353063,12.438218
130715159045,Mecklenburg-Vorpommern,Mecklenburgische Seenplatte,Gotthun,17207,309,10.02,53.415402,12.589858
130715159053,Mecklenburg-Vorpommern,Mecklenburgische Seenplatte,Groß Kelle,17207,107,6.68,53.405769,12.544226
130715159073,Mecklenburg-Vorpommern,Mecklenburgische Seenplatte,Kieve,17209,127,15.52,53.274411,12.595884
130715159087,Mecklenburg-Vorpommern,Mecklenburgische Seenplatte,Lärz,17248,478,43.14,53.294415,12.740067
130715159088,Mecklenburg-Vorpommern,Mecklenburgische Seenplatte,Leizen,17209,473,27.64,53.367842,12.475782
130715159097,Mecklenburg-Vorpommern,Mecklenburgische Seenplatte,Melz,17209,298,18.04,53.301012,12.617186
130715159118,Mecklenburg-Vorpommern,Mecklenburgische Seenplatte,Priborn,17209,352,15.41,53.304071,12.660879
130715159122,Mecklenburg-Vorpommern,Mecklenburgische Seenplatte,Rechlin,17248,1992,77.69,53.332276,12.723413
130715159124,Mecklenburg-Vorpommern,Mecklenburgische Seenplatte,"Röbel/Müritz, Stadt",17207,4664,30.68,53.376237,12.605909
130715159133,Mecklenburg-Vorpommern,Mecklenburgische Seenplatte,Schwarz,17252,337,26.42,53.225157,12.785804
130715159137,Mecklenburg-Vorpommern,Mecklenburgische Seenplatte,Sietow,17209,548,18.87,53.446312,12.557348
130715159143,Mecklenburg-Vorpommern,Mecklenburgische Seenplatte,Stuer,17209,242,21.51,53.378838,12.337188
130715159175,Mecklenburg-Vorpommern,Mecklenburgische Seenplatte,Eldetal,17209,871,71.9,53.290162,12.518873
130715159176,Mecklenburg-Vorpommern,Mecklenburgische Seenplatte,Südmüritz,17207,792,69.51,53.378734,12.66452
130715160047,Mecklenburg-Vorpommern,Mecklenburgische Seenplatte,Grabowhöfe,17194,1282,43.09,53.569758,12.594231
130715160056,Mecklenburg-Vorpommern,Mecklenburgische Seenplatte,Groß Plasten,17192,1031,34.87,53.544471,12.853673
130715160063,Mecklenburg-Vorpommern,Mecklenburgische Seenplatte,Hohen Wangelin,17194,520,43.97,53.611121,12.426222
130715160069,Mecklenburg-Vorpommern,Mecklenburgische Seenplatte,Jabel,17194,616,79.99,53.537352,12.543819
130715160071,Mecklenburg-Vorpommern,Mecklenburgische Seenplatte,Kargow,17192,615,69.39,53.51158,12.780172
130715160077,Mecklenburg-Vorpommern,Mecklenburgische Seenplatte,Klink,17192,1105,24.96,53.479306,12.62184
130715160078,Mecklenburg-Vorpommern,Mecklenburgische Seenplatte,Klocksin,17194,327,23.82,53.637074,12.541194
130715160103,Mecklenburg-Vorpommern,Mecklenburgische Seenplatte,Moltzow,17194,807,46.7,53.630529,12.57638
130715160144,Mecklenburg-Vorpommern,Mecklenburgische Seenplatte,Torgelow am See,17192,417,14.29,53.557544,12.77337
130715160154,Mecklenburg-Vorpommern,Mecklenburgische Seenplatte,Vollrathsruhe,17194,373,31.35,53.643157,12.487204
130715160172,Mecklenburg-Vorpommern,Mecklenburgische Seenplatte,Peenehagen,17192,981,54.67,53.578836,12.784025
130715160174,Mecklenburg-Vorpommern,Mecklenburgische Seenplatte,Schloen-Dratow,17192,817,36.45,53.533755,12.788142
130715161021,Mecklenburg-Vorpommern,Mecklenburgische Seenplatte,"Burg Stargard, Stadt",17094,5166,76.61,53.495316,13.310132
130715161026,Mecklenburg-Vorpommern,Mecklenburgische Seenplatte,Cölpin,17094,874,21.24,53.519109,13.436026
130715161055,Mecklenburg-Vorpommern,Mecklenburgische Seenplatte,Groß Nemerow,17094,1104,21.02,53.47317,13.224305
130715161067,Mecklenburg-Vorpommern,Mecklenburgische Seenplatte,Holldorf,17094,745,15.67,53.465463,13.272109
130715161090,Mecklenburg-Vorpommern,Mecklenburgische Seenplatte,Lindetal,17349,1141,56.33,53.485573,13.443551
130715161117,Mecklenburg-Vorpommern,Mecklenburgische Seenplatte,Pragsdorf,17094,525,14.32,53.539052,13.39698
130715162015,Mecklenburg-Vorpommern,Mecklenburgische Seenplatte,Bredenfelde,17153,173,8.59,53.600889,12.955089
130715162018,Mecklenburg-Vorpommern,Mecklenburgische Seenplatte,Briggow,17153,309,14.38,53.620765,12.986438
130715162048,Mecklenburg-Vorpommern,Mecklenburgische Seenplatte,Grammentin,17153,230,17.19,53.757057,12.897725
130715162060,Mecklenburg-Vorpommern,Mecklenburgische Seenplatte,Gülzow,17153,403,12.2,53.693802,12.853157
130715162068,Mecklenburg-Vorpommern,Mecklenburgische Seenplatte,Ivenack,17153,783,39.63,53.710632,12.969859
130715162070,Mecklenburg-Vorpommern,Mecklenburgische Seenplatte,Jürgenstorf,17153,862,22.37,53.661019,12.905849
130715162074,Mecklenburg-Vorpommern,Mecklenburgische Seenplatte,Kittendorf,17153,269,21.16,53.623358,12.903021
130715162079,Mecklenburg-Vorpommern,Mecklenburgische Seenplatte,Knorrendorf,17091,513,28.66,53.631781,13.067439
130715162102,Mecklenburg-Vorpommern,Mecklenburgische Seenplatte,Mölln,17091,506,29.73,53.590153,13.084726
130715162123,Mecklenburg-Vorpommern,Mecklenburgische Seenplatte,Ritzerow,17153,360,22.1,53.660487,12.964903
130715162127,Mecklenburg-Vorpommern,Mecklenburgische Seenplatte,Rosenow,17091,1008,31.65,53.627786,13.036318
130715162142,Mecklenburg-Vorpommern,Mecklenburgische Seenplatte,"Stavenhagen, Reuterstadt, Stadt",17153,5116,41.02,53.697064,12.906674
130715162169,Mecklenburg-Vorpommern,Mecklenburgische Seenplatte,Zettemin,17153,250,19.04,53.649428,12.828055
130715163002,Mecklenburg-Vorpommern,Mecklenburgische Seenplatte,Altenhagen,17091,300,11.08,53.761062,13.104795
130715163004,Mecklenburg-Vorpommern,Mecklenburgische Seenplatte,"Altentreptow, Stadt",17087,4903,53.07,53.692774,13.250181
130715163006,Mecklenburg-Vorpommern,Mecklenburgische Seenplatte,Bartow,17089,501,34.61,53.816358,13.345022
130715163016,Mecklenburg-Vorpommern,Mecklenburgische Seenplatte,Breesen,17091,475,24.64,53.629945,13.163388
130715163022,Mecklenburg-Vorpommern,Mecklenburgische Seenplatte,Burow,17089,838,17.34,53.772725,13.273035
130715163041,Mecklenburg-Vorpommern,Mecklenburgische Seenplatte,Gnevkow,17089,288,17.17,53.789515,13.168446
130715163044,Mecklenburg-Vorpommern,Mecklenburgische Seenplatte,Golchen,17089,261,23.64,53.791143,13.278779
130715163049,Mecklenburg-Vorpommern,Mecklenburgische Seenplatte,Grapzow,17089,333,15.04,53.713538,13.292323
130715163050,Mecklenburg-Vorpommern,Mecklenburgische Seenplatte,Grischow,17089,236,11.22,53.697674,13.33863
130715163057,Mecklenburg-Vorpommern,Mecklenburgische Seenplatte,Groß Teetzleben,17091,642,21.77,53.647201,13.227867
130715163059,Mecklenburg-Vorpommern,Mecklenburgische Seenplatte,Gültz,17089,486,23.69,53.750087,13.185195
130715163081,Mecklenburg-Vorpommern,Mecklenburgische Seenplatte,Kriesow,17091,284,19.75,53.733707,13.050701
130715163120,Mecklenburg-Vorpommern,Mecklenburgische Seenplatte,Pripsleben,17091,215,10.12,53.716405,13.182499
130715163125,Mecklenburg-Vorpommern,Mecklenburgische Seenplatte,Röckwitz,17091,254,14.9,53.708118,13.09941
130715163135,Mecklenburg-Vorpommern,Mecklenburgische Seenplatte,Siedenbollentin,17089,513,18.82,53.732882,13.379735
130715163146,Mecklenburg-Vorpommern,Mecklenburgische Seenplatte,Tützpatz,17091,533,21.66,53.72329,13.145769
130715163158,Mecklenburg-Vorpommern,Mecklenburgische Seenplatte,Werder,17089,516,30.21,53.71616,13.357057
130715163160,Mecklenburg-Vorpommern,Mecklenburgische Seenplatte,Wildberg,17091,456,22.55,53.652363,13.121768
130715163163,Mecklenburg-Vorpommern,Mecklenburgische Seenplatte,Wolde,17091,537,22.63,53.678311,13.078258
130715164054,Mecklenburg-Vorpommern,Mecklenburgische Seenplatte,Groß Miltzow,17349,956,48.69,53.535637,13.594998
130715164083,Mecklenburg-Vorpommern,Mecklenburgische Seenplatte,Kublank,17349,153,13.49,53.554577,13.50457
130715164105,Mecklenburg-Vorpommern,Mecklenburgische Seenplatte,Neetzka,17349,221,13.57,53.529242,13.506004
130715164130,Mecklenburg-Vorpommern,Mecklenburgische Seenplatte,Schönbeck,17349,453,24.47,53.57953,13.571824
130715164132,Mecklenburg-Vorpommern,Mecklenburgische Seenplatte,Schönhausen,17337,205,18.75,53.552733,13.700496
130715164153,Mecklenburg-Vorpommern,Mecklenburgische Seenplatte,Voigtsdorf,17349,96,7.62,53.559186,13.647699
130715164164,Mecklenburg-Vorpommern,Mecklenburgische Seenplatte,"Woldegk, Windmühlenstadt",17348,4004,164.16,53.459087,13.58319
130720006006,Mecklenburg-Vorpommern,Landkreis Rostock,"Bad Doberan, Stadt",18209,13059,32.85,54.106684,11.89935
130720029029,Mecklenburg-Vorpommern,Landkreis Rostock,Dummerstorf,18196,7602,120.28,54.017444,12.22688
130720036036,Mecklenburg-Vorpommern,Landkreis Rostock,"Graal-Müritz, Ostseeheilbad",18181,4167,8.24,54.250884,12.23808
130720043043,Mecklenburg-Vorpommern,Landkreis Rostock,"Güstrow, Barlachstadt",18273,28861,71.09,53.794458,12.175691
130720058058,Mecklenburg-Vorpommern,Landkreis Rostock,"Kröpelin, Stadt",18236,4919,67.55,54.071022,11.796062
130720060060,Mecklenburg-Vorpommern,Landkreis Rostock,"Kühlungsborn, Ostseebad, Stadt",18225,8100,16.17,54.141683,11.751251
130720074074,Mecklenburg-Vorpommern,Landkreis Rostock,"Neubukow, Schliemannstadt",18233,3984,25.14,54.032344,11.673184
130720091091,Mecklenburg-Vorpommern,Landkreis Rostock,Sanitz,18190,6494,82.39,54.077526,12.375429
130720093093,Mecklenburg-Vorpommern,Landkreis Rostock,Satow,18239,6372,119.93,53.988631,11.894345
130720106106,Mecklenburg-Vorpommern,Landkreis Rostock,"Teterow, Bergringstadt",17166,8262,47.07,53.773591,12.575889
130725251001,Mecklenburg-Vorpommern,Landkreis Rostock,Admannshagen-Bargeshagen,18211,2899,15.79,54.111554,11.984106
130725251007,Mecklenburg-Vorpommern,Landkreis Rostock,Bartenshagen-Parkentin,18209,1302,15.33,54.078304,11.978504
130725251017,Mecklenburg-Vorpommern,Landkreis Rostock,"Börgerende-Rethwisch, Ostseebad",18211,1608,15.02,54.138999,11.93857
130725251047,Mecklenburg-Vorpommern,Landkreis Rostock,Hohenfelde,18209,744,9.51,54.0779,11.909261
130725251075,Mecklenburg-Vorpommern,Landkreis Rostock,"Nienhagen, Ostseebad",18211,2221,5.76,54.160638,11.952838
130725251083,Mecklenburg-Vorpommern,Landkreis Rostock,Reddelich,18209,990,9.14,54.089474,11.84936
130725251086,Mecklenburg-Vorpommern,Landkreis Rostock,Retschow,18211,972,18.86,54.045973,11.875228
130725251099,Mecklenburg-Vorpommern,Landkreis Rostock,Steffenshagen,18209,561,9.41,54.104818,11.82306
130725251117,Mecklenburg-Vorpommern,Landkreis Rostock,Wittenbeck,18209,883,9.91,54.124463,11.788644
130725252009,Mecklenburg-Vorpommern,Landkreis Rostock,Baumgarten,18246,805,39.18,53.812379,11.878243
130725252013,Mecklenburg-Vorpommern,Landkreis Rostock,Bernitt,18249,1536,73.84,53.9023,11.890659
130725252020,Mecklenburg-Vorpommern,Landkreis Rostock,"Bützow, Stadt",18246,7668,39.85,53.847738,11.984565
130725252028,Mecklenburg-Vorpommern,Landkreis Rostock,Dreetz,18249,188,12.0,53.785755,11.968113
130725252050,Mecklenburg-Vorpommern,Landkreis Rostock,Jürgenshagen,18246,1128,42.51,53.95359,11.89606
130725252053,Mecklenburg-Vorpommern,Landkreis Rostock,Klein Belitz,18246,818,39.14,53.937799,11.965675
130725252078,Mecklenburg-Vorpommern,Landkreis Rostock,Penzin,18249,136,6.33,53.913779,11.926667
130725252089,Mecklenburg-Vorpommern,Landkreis Rostock,Rühn,18246,598,14.41,53.820803,11.938898
130725252101,Mecklenburg-Vorpommern,Landkreis Rostock,Steinhagen,18246,658,10.14,53.842626,11.926991
130725252104,Mecklenburg-Vorpommern,Landkreis Rostock,Tarnow,18249,1066,40.86,53.778729,12.017723
130725252114,Mecklenburg-Vorpommern,Landkreis Rostock,Warnow,18249,917,42.18,53.784846,11.881828
130725252120,Mecklenburg-Vorpommern,Landkreis Rostock,Zepelin,18246,460,22.91,53.834796,12.046056
130725253019,Mecklenburg-Vorpommern,Landkreis Rostock,Broderstorf,18184,3756,34.24,54.081385,12.258335
130725253081,Mecklenburg-Vorpommern,Landkreis Rostock,Poppendorf,18184,752,14.03,54.131233,12.288015
130725253087,Mecklenburg-Vorpommern,Landkreis Rostock,Roggentin,18184,2706,9.62,54.072364,12.203945
130725253108,Mecklenburg-Vorpommern,Landkreis Rostock,Thulendorf,18184,657,10.73,54.094992,12.301936
130725254004,Mecklenburg-Vorpommern,Landkreis Rostock,Altkalen,17179,786,45.74,53.898718,12.738972
130725254010,Mecklenburg-Vorpommern,Landkreis Rostock,Behren-Lübchin,17179,951,69.22,54.02899,12.664874
130725254031,Mecklenburg-Vorpommern,Landkreis Rostock,Finkenthal,17179,318,20.25,53.939614,12.779332
130725254035,Mecklenburg-Vorpommern,Landkreis Rostock,"Gnoien, Warbelstadt",17179,2670,41.11,53.968941,12.710326
130725254111,Mecklenburg-Vorpommern,Landkreis Rostock,Walkendorf,17179,915,68.67,53.952946,12.551583
130725255033,Mecklenburg-Vorpommern,Landkreis Rostock,Glasewitz,18276,395,15.59,53.820216,12.283503
130725255039,Mecklenburg-Vorpommern,Landkreis Rostock,Groß Schwiesow,18276,284,12.65,53.845417,12.0958
130725255042,Mecklenburg-Vorpommern,Landkreis Rostock,Gülzow-Prüzen,18276,1479,58.34,53.820011,12.067109
130725255044,Mecklenburg-Vorpommern,Landkreis Rostock,Gutow,18276,1022,23.45,53.758901,12.134785
130725255055,Mecklenburg-Vorpommern,Landkreis Rostock,Klein Upahl,18276,225,7.9,53.715301,12.061861
130725255061,Mecklenburg-Vorpommern,Landkreis Rostock,Kuhs,18276,319,13.75,53.859139,12.232175
130725255067,Mecklenburg-Vorpommern,Landkreis Rostock,Lohmen,18276,808,34.69,53.682653,12.094615
130725255069,Mecklenburg-Vorpommern,Landkreis Rostock,Lüssow,18276,979,16.66,53.838762,12.143124
130725255071,Mecklenburg-Vorpommern,Landkreis Rostock,Mistorf,18276,612,24.26,53.88245,12.144715
130725255073,Mecklenburg-Vorpommern,Landkreis Rostock,Mühl Rosin,18276,1098,24.26,53.760638,12.207027
130725255079,Mecklenburg-Vorpommern,Landkreis Rostock,Plaaz,18276,740,34.34,53.842881,12.345611
130725255084,Mecklenburg-Vorpommern,Landkreis Rostock,Reimershagen,18276,356,32.31,53.671619,12.177135
130725255092,Mecklenburg-Vorpommern,Landkreis Rostock,Sarmstorf,18276,499,10.99,53.842857,12.218139
130725255119,Mecklenburg-Vorpommern,Landkreis Rostock,Zehna,18276,647,25.8,53.717302,12.137274
130725256026,Mecklenburg-Vorpommern,Landkreis Rostock,Dobbin-Linstow,18292,491,65.39,53.616837,12.333192
130725256048,Mecklenburg-Vorpommern,Landkreis Rostock,Hoppenrade,18292,570,28.79,53.727797,12.273269
130725256056,Mecklenburg-Vorpommern,Landkreis Rostock,"Krakow am See, Stadt",18292,3286,87.36,53.652452,12.267699
130725256059,Mecklenburg-Vorpommern,Landkreis Rostock,Kuchelmiß,18292,668,37.45,53.680909,12.361912
130725256063,Mecklenburg-Vorpommern,Landkreis Rostock,Lalendorf,18279,3441,139.12,53.757069,12.387537
130725257027,Mecklenburg-Vorpommern,Landkreis Rostock,Dolgen am See,18299,612,33.21,53.947182,12.214155
130725257046,Mecklenburg-Vorpommern,Landkreis Rostock,Hohen Sprenz,18299,495,22.54,53.912664,12.195504
130725257062,Mecklenburg-Vorpommern,Landkreis Rostock,"Laage, Recknitzstadt",18299,6289,114.9,53.927441,12.346162
130725257112,Mecklenburg-Vorpommern,Landkreis Rostock,Wardow,18299,1332,69.39,53.928103,12.410105
130725258003,Mecklenburg-Vorpommern,Landkreis Rostock,Alt Sührkow,17166,384,25.52,53.802405,12.650883
130725258023,Mecklenburg-Vorpommern,Landkreis Rostock,Dahmen,17166,422,36.51,53.66043,12.582493
130725258024,Mecklenburg-Vorpommern,Landkreis Rostock,Dalkendorf,17166,267,15.34,53.813826,12.501499
130725258038,Mecklenburg-Vorpommern,Landkreis Rostock,Groß Roge,17166,582,24.37,53.779929,12.498591
130725258040,Mecklenburg-Vorpommern,Landkreis Rostock,Groß Wokern,17166,1024,21.92,53.748243,12.492998
130725258041,Mecklenburg-Vorpommern,Landkreis Rostock,Groß Wüstenfelde,17168,769,26.62,53.874202,12.549267
130725258045,Mecklenburg-Vorpommern,Landkreis Rostock,Hohen Demzin,17166,354,24.05,53.720072,12.542909
130725258049,Mecklenburg-Vorpommern,Landkreis Rostock,Jördenstorf,17168,941,27.68,53.877142,12.613701
130725258066,Mecklenburg-Vorpommern,Landkreis Rostock,Lelkendorf,17168,425,29.88,53.842673,12.730638
130725258082,Mecklenburg-Vorpommern,Landkreis Rostock,Prebberede,17168,735,42.94,53.90974,12.488542
130725258094,Mecklenburg-Vorpommern,Landkreis Rostock,Schorssow,17166,417,31.18,53.683274,12.566081
130725258096,Mecklenburg-Vorpommern,Landkreis Rostock,Schwasdorf,17168,425,24.36,53.894,12.626908
130725258103,Mecklenburg-Vorpommern,Landkreis Rostock,Sukow-Levitzow,17168,503,20.23,53.857642,12.610398
130725258109,Mecklenburg-Vorpommern,Landkreis Rostock,Thürkow,17168,367,14.73,53.82384,12.566884
130725258113,Mecklenburg-Vorpommern,Landkreis Rostock,Warnkenhagen,17168,307,19.61,53.840613,12.453578
130725259002,Mecklenburg-Vorpommern,Landkreis Rostock,Alt Bukow,18233,519,15.29,53.997533,11.60964
130725259005,Mecklenburg-Vorpommern,Landkreis Rostock,Am Salzhaff,18233,538,15.51,54.039444,11.621001
130725259008,Mecklenburg-Vorpommern,Landkreis Rostock,Bastorf,18230,1150,24.38,54.125959,11.697671
130725259014,Mecklenburg-Vorpommern,Landkreis Rostock,Biendorf,18230,1320,40.99,54.074807,11.700348
130725259022,Mecklenburg-Vorpommern,Landkreis Rostock,Carinerland,18233,1290,52.67,54.012406,11.708623
130725259085,Mecklenburg-Vorpommern,Landkreis Rostock,"Rerik, Ostseebad, Stadt",18230,2199,34.22,54.105655,11.613548
130725260012,Mecklenburg-Vorpommern,Landkreis Rostock,Bentwisch,18182,3585,29.27,54.113684,12.203506
130725260015,Mecklenburg-Vorpommern,Landkreis Rostock,Blankenhagen,18182,1104,25.28,54.170657,12.340619
130725260032,Mecklenburg-Vorpommern,Landkreis Rostock,Gelbensande,18182,1809,34.02,54.202135,12.302493
130725260072,Mecklenburg-Vorpommern,Landkreis Rostock,Mönchhagen,18182,1288,10.73,54.147623,12.226247
130725260088,Mecklenburg-Vorpommern,Landkreis Rostock,Rövershagen,18182,2808,20.61,54.173634,12.241374
130725261011,Mecklenburg-Vorpommern,Landkreis Rostock,Benitz,18258,410,9.72,53.976706,12.104643
130725261018,Mecklenburg-Vorpommern,Landkreis Rostock,Bröbberow,18258,669,14.39,53.964527,12.05248
130725261051,Mecklenburg-Vorpommern,Landkreis Rostock,Kassow,18258,371,14.42,53.878433,12.073504
130725261090,Mecklenburg-Vorpommern,Landkreis Rostock,Rukieten,18258,346,12.3,53.89908,12.154996
130725261095,Mecklenburg-Vorpommern,Landkreis Rostock,"Schwaan, Stadt",18258,4958,38.28,53.93977,12.107479
130725261110,Mecklenburg-Vorpommern,Landkreis Rostock,Vorbeck,18258,407,15.6,53.907882,12.070311
130725261116,Mecklenburg-Vorpommern,Landkreis Rostock,Wiendorf,18258,822,17.65,53.94856,12.151213
130725262021,Mecklenburg-Vorpommern,Landkreis Rostock,Cammin,18195,853,32.22,53.98997,12.357532
130725262034,Mecklenburg-Vorpommern,Landkreis Rostock,Gnewitz,18195,267,10.09,54.077747,12.513091
130725262037,Mecklenburg-Vorpommern,Landkreis Rostock,Grammow,18195,164,16.25,54.047375,12.629521
130725262076,Mecklenburg-Vorpommern,Landkreis Rostock,Nustrow,18195,173,6.95,54.015663,12.596573
130725262097,Mecklenburg-Vorpommern,Landkreis Rostock,Selpin,18195,546,33.1,53.991342,12.495558
130725262102,Mecklenburg-Vorpommern,Landkreis Rostock,Stubbendorf,18195,179,9.64,54.087539,12.522358
130725262105,Mecklenburg-Vorpommern,Landkreis Rostock,"Tessin, Blumenstadt",18195,4174,24.51,54.028715,12.463737
130725262107,Mecklenburg-Vorpommern,Landkreis Rostock,Thelkow,18195,492,25.86,54.039334,12.559617
130725262118,Mecklenburg-Vorpommern,Landkreis Rostock,Zarnewanz,18195,458,15.24,54.05699,12.496269
130725263030,Mecklenburg-Vorpommern,Landkreis Rostock,Elmenhorst/Lichtenhagen,18107,4222,12.07,54.155465,12.013959
130725263057,Mecklenburg-Vorpommern,Landkreis Rostock,Kritzmow,18198,3931,14.93,54.05311,12.0523
130725263064,Mecklenburg-Vorpommern,Landkreis Rostock,Lambrechtshagen,18069,2860,13.55,54.102241,12.015425
130725263077,Mecklenburg-Vorpommern,Landkreis Rostock,Papendorf,18059,2430,22.64,54.03598,12.130157
130725263080,Mecklenburg-Vorpommern,Landkreis Rostock,Pölchow,18059,943,12.56,54.009645,12.094378
130725263098,Mecklenburg-Vorpommern,Landkreis Rostock,Stäbelow,18198,1355,15.12,54.040371,12.020973
130725263121,Mecklenburg-Vorpommern,Landkreis Rostock,Ziesendorf,18059,1425,26.51,53.993843,12.038635
130730011011,Mecklenburg-Vorpommern,Vorpommern-Rügen,"Binz, Ostseebad",18609,5293,25.18,54.401814,13.605285
130730035035,Mecklenburg-Vorpommern,Vorpommern-Rügen,"Grimmen, Stadt",18507,9274,50.51,54.113133,13.043192
130730055055,Mecklenburg-Vorpommern,Vorpommern-Rügen,"Marlow, Stadt",18337,4449,140.52,54.154202,12.570959
130730070070,Mecklenburg-Vorpommern,Vorpommern-Rügen,"Putbus, Stadt",18581,4488,66.69,54.35431,13.47642
130730080080,Mecklenburg-Vorpommern,Vorpommern-Rügen,"Sassnitz, Stadt",18546,8879,47.41,54.51304,13.634476
130730088088,Mecklenburg-Vorpommern,Vorpommern-Rügen,"Stralsund, Hansestadt",18439,55481,54.59,54.313975,13.089973
130730089089,Mecklenburg-Vorpommern,Vorpommern-Rügen,Süderholz,18516,3913,149.55,54.056054,13.119186
130730105105,Mecklenburg-Vorpommern,Vorpommern-Rügen,"Zingst, Ostseeheilbad",18374,2867,50.5,54.435409,12.68304
130735351005,Mecklenburg-Vorpommern,Vorpommern-Rügen,Altenpleen,18445,1020,20.1,54.354376,12.956614
130735351037,Mecklenburg-Vorpommern,Vorpommern-Rügen,Groß Mohrdorf,18445,765,41.47,54.389128,12.948373
130735351044,Mecklenburg-Vorpommern,Vorpommern-Rügen,Klausdorf,18445,684,11.78,54.40473,13.015028
130735351046,Mecklenburg-Vorpommern,Vorpommern-Rügen,Kramerhof,18445,1855,18.07,54.3537,13.054042
130735351066,Mecklenburg-Vorpommern,Vorpommern-Rügen,Preetz,18445,1099,14.2,54.350148,12.989225
130735351068,Mecklenburg-Vorpommern,Vorpommern-Rügen,Prohn,18445,2120,16.2,54.374317,13.024217
130735352009,Mecklenburg-Vorpommern,Vorpommern-Rügen,"Barth, Stadt",18356,8235,41.18,54.36871,12.72658
130735352018,Mecklenburg-Vorpommern,Vorpommern-Rügen,Divitz-Spoldershagen,18314,529,27.56,54.332951,12.695114
130735352025,Mecklenburg-Vorpommern,Vorpommern-Rügen,Fuhlendorf,18356,825,17.19,54.359903,12.601123
130735352042,Mecklenburg-Vorpommern,Vorpommern-Rügen,Karnin,18469,242,12.67,54.305423,12.792493
130735352043,Mecklenburg-Vorpommern,Vorpommern-Rügen,Kenz-Küstrow,18314,514,17.76,54.326153,12.734802
130735352051,Mecklenburg-Vorpommern,Vorpommern-Rügen,Löbnitz,18314,600,22.32,54.295391,12.719334
130735352053,Mecklenburg-Vorpommern,Vorpommern-Rügen,Lüdershagen,18314,555,13.98,54.30414,12.608704
130735352069,Mecklenburg-Vorpommern,Vorpommern-Rügen,Pruchten,18356,726,8.22,54.377452,12.674234
130735352077,Mecklenburg-Vorpommern,Vorpommern-Rügen,Saal,18317,1448,49.3,54.310418,12.495445
130735352094,Mecklenburg-Vorpommern,Vorpommern-Rügen,Trinwillershagen,18320,1162,34.32,54.249239,12.627245
130735353010,Mecklenburg-Vorpommern,Vorpommern-Rügen,"Bergen auf Rügen, Stadt",18528,13394,51.49,54.417301,13.430633
130735353014,Mecklenburg-Vorpommern,Vorpommern-Rügen,Buschvitz,18528,229,10.24,54.429257,13.473218
130735353027,Mecklenburg-Vorpommern,Vorpommern-Rügen,"Garz/Rügen, Stadt",18574,2148,65.91,54.316745,13.352371
130735353038,Mecklenburg-Vorpommern,Vorpommern-Rügen,Gustow,18574,566,28.42,54.3021,13.212968
130735353049,Mecklenburg-Vorpommern,Vorpommern-Rügen,Lietzow,18528,225,8.39,54.484472,13.506907
130735353063,Mecklenburg-Vorpommern,Vorpommern-Rügen,Parchtitz,18528,725,25.1,54.439132,13.398463
130735353064,Mecklenburg-Vorpommern,Vorpommern-Rügen,Patzig,18528,410,8.06,54.466052,13.395633
130735353065,Mecklenburg-Vorpommern,Vorpommern-Rügen,Poseritz,18574,959,40.19,54.297135,13.27603
130735353072,Mecklenburg-Vorpommern,Vorpommern-Rügen,Ralswiek,18528,251,16.55,54.473774,13.446593
130735353074,Mecklenburg-Vorpommern,Vorpommern-Rügen,Rappin,18528,286,28.71,54.508575,13.385488
130735353083,Mecklenburg-Vorpommern,Vorpommern-Rügen,Sehlen,18528,891,20.6,54.379793,13.38785
130735354002,Mecklenburg-Vorpommern,Vorpommern-Rügen,"Ahrenshoop, Ostseebad",18347,642,5.27,54.379565,12.418624
130735354012,Mecklenburg-Vorpommern,Vorpommern-Rügen,"Born a. Darß, Seebad",18375,1037,63.56,54.383318,12.527162
130735354017,Mecklenburg-Vorpommern,Vorpommern-Rügen,"Dierhagen, Ostseebad",18347,1475,27.63,54.292846,12.358544
130735354067,Mecklenburg-Vorpommern,Vorpommern-Rügen,"Prerow, Ostseebad",18375,1324,11.29,54.447148,12.567539
130735354100,Mecklenburg-Vorpommern,Vorpommern-Rügen,Wieck a. Darß,18375,701,9.02,54.410101,12.571865
130735354103,Mecklenburg-Vorpommern,Vorpommern-Rügen,"Wustrow, Ostseebad",18347,1134,6.88,54.345362,12.396974
130735355024,Mecklenburg-Vorpommern,Vorpommern-Rügen,"Franzburg, Stadt",18461,1294,15.2,54.186968,12.877572
130735355029,Mecklenburg-Vorpommern,Vorpommern-Rügen,Glewitz,18513,520,41.99,54.019865,12.931712
130735355034,Mecklenburg-Vorpommern,Vorpommern-Rügen,Gremersdorf-Buchholz,18461,569,50.1,54.109446,12.870873
130735355057,Mecklenburg-Vorpommern,Vorpommern-Rügen,Millienhagen-Oebelitz,18461,302,25.56,54.206478,12.820081
130735355062,Mecklenburg-Vorpommern,Vorpommern-Rügen,Papenhagen,18510,521,21.01,54.146231,12.98195
130735355076,Mecklenburg-Vorpommern,Vorpommern-Rügen,"Richtenberg, Stadt",18461,1294,15.67,54.200643,12.889018
130735355086,Mecklenburg-Vorpommern,Vorpommern-Rügen,Splietsdorf,18513,487,26.39,54.12351,12.930708
130735355096,Mecklenburg-Vorpommern,Vorpommern-Rügen,Velgast,18469,1462,71.9,54.273462,12.809087
130735355097,Mecklenburg-Vorpommern,Vorpommern-Rügen,Weitenhagen,18461,219,17.06,54.212063,12.787663
130735355098,Mecklenburg-Vorpommern,Vorpommern-Rügen,Wendisch Baggendorf,18513,526,21.51,54.074132,12.943523
130735356023,Mecklenburg-Vorpommern,Vorpommern-Rügen,Elmenhorst,18510,693,22.52,54.217602,13.064277
130735356090,Mecklenburg-Vorpommern,Vorpommern-Rügen,Sundhagen,18519,5077,159.81,54.213985,13.251468
130735356102,Mecklenburg-Vorpommern,Vorpommern-Rügen,Wittenhagen,18510,1149,46.99,54.183826,13.070064
130735357006,Mecklenburg-Vorpommern,Vorpommern-Rügen,"Baabe, Ostseebad",18586,972,2.26,54.359106,13.702333
130735357031,Mecklenburg-Vorpommern,Vorpommern-Rügen,"Göhren, Ostseebad",18586,1388,6.93,54.341565,13.740906
130735357048,Mecklenburg-Vorpommern,Vorpommern-Rügen,Lancken-Granitz,18586,454,13.79,54.367323,13.632229
130735357084,Mecklenburg-Vorpommern,Vorpommern-Rügen,"Sellin, Ostseebad",18586,2465,14.44,54.378093,13.692482
130735357106,Mecklenburg-Vorpommern,Vorpommern-Rügen,Zirkow,18528,664,25.76,54.388252,13.539106
130735357107,Mecklenburg-Vorpommern,Vorpommern-Rügen,"Mönchgut, Ostseebad",18586,1316,20.66,54.330057,13.704918
130735358036,Mecklenburg-Vorpommern,Vorpommern-Rügen,Groß Kordshagen,18442,277,16.45,54.331634,12.840146
130735358041,Mecklenburg-Vorpommern,Vorpommern-Rügen,Jakobsdorf,18442,423,17.71,54.233454,12.933137
130735358054,Mecklenburg-Vorpommern,Vorpommern-Rügen,Lüssow,18442,901,19.02,54.282169,13.033698
130735358060,Mecklenburg-Vorpommern,Vorpommern-Rügen,Niepars,18442,2511,64.94,54.313711,12.923481
130735358061,Mecklenburg-Vorpommern,Vorpommern-Rügen,Pantelitz,18442,884,14.42,54.301425,12.968953
130735358087,Mecklenburg-Vorpommern,Vorpommern-Rügen,Steinhagen,18442,2657,33.5,54.226558,12.989713
130735358099,Mecklenburg-Vorpommern,Vorpommern-Rügen,Wendorf,18442,854,15.79,54.250386,13.07226
130735358104,Mecklenburg-Vorpommern,Vorpommern-Rügen,Zarrendorf,18510,1106,4.67,54.237099,13.097941
130735359004,Mecklenburg-Vorpommern,Vorpommern-Rügen,Altenkirchen,18556,866,22.66,54.635674,13.341959
130735359013,Mecklenburg-Vorpommern,Vorpommern-Rügen,Breege,18556,583,16.02,54.616185,13.366538
130735359019,Mecklenburg-Vorpommern,Vorpommern-Rügen,"Dranske, Ostseebad",18556,1103,20.75,54.629914,13.230991
130735359030,Mecklenburg-Vorpommern,Vorpommern-Rügen,"Glowe, Ostseebad",18551,982,22.29,54.56972,13.471503
130735359052,Mecklenburg-Vorpommern,Vorpommern-Rügen,Lohme,18551,466,13.8,54.582863,13.610953
130735359071,Mecklenburg-Vorpommern,Vorpommern-Rügen,Putgarten,18556,180,12.63,54.672905,13.417407
130735359078,Mecklenburg-Vorpommern,Vorpommern-Rügen,Sagard,18551,2381,27.92,54.524875,13.555143
130735359101,Mecklenburg-Vorpommern,Vorpommern-Rügen,Wiek,18556,967,25.44,54.621252,13.290399
130735360007,Mecklenburg-Vorpommern,Vorpommern-Rügen,"Bad Sülze, Stadt",18334,1649,26.67,54.109956,12.65907
130735360015,Mecklenburg-Vorpommern,Vorpommern-Rügen,Dettmannsdorf,18334,1011,44.52,54.111895,12.52875
130735360016,Mecklenburg-Vorpommern,Vorpommern-Rügen,Deyelsdorf,18513,454,29.85,54.044637,12.822027
130735360020,Mecklenburg-Vorpommern,Vorpommern-Rügen,Drechow,18465,200,15.55,54.141165,12.800798
130735360022,Mecklenburg-Vorpommern,Vorpommern-Rügen,Eixen,18334,664,56.16,54.161303,12.723712
130735360032,Mecklenburg-Vorpommern,Vorpommern-Rügen,Grammendorf,18513,497,35.92,54.033808,12.879109
130735360033,Mecklenburg-Vorpommern,Vorpommern-Rügen,Gransebieth,18513,503,23.33,54.064848,12.882628
130735360039,Mecklenburg-Vorpommern,Vorpommern-Rügen,Hugoldsdorf,18465,121,14.23,54.152787,12.753785
130735360050,Mecklenburg-Vorpommern,Vorpommern-Rügen,Lindholz,18334,590,40.02,54.067181,12.674012
130735360093,Mecklenburg-Vorpommern,Vorpommern-Rügen,"Tribsees, Stadt",18465,2483,54.97,54.094576,12.757553
130735361001,Mecklenburg-Vorpommern,Vorpommern-Rügen,Ahrenshagen-Daskow,18320,2126,58.28,54.223811,12.600892
130735361075,Mecklenburg-Vorpommern,Vorpommern-Rügen,"Ribnitz-Damgarten, Bernsteinstadt",18311,15297,122.85,54.243021,12.431833
130735361082,Mecklenburg-Vorpommern,Vorpommern-Rügen,Schlemmin,18320,270,21.78,54.222447,12.682921
130735361085,Mecklenburg-Vorpommern,Vorpommern-Rügen,Semlow,18334,636,34.69,54.181293,12.656883
130735362003,Mecklenburg-Vorpommern,Vorpommern-Rügen,Altefähr,18573,1269,20.6,54.330671,13.126612
130735362021,Mecklenburg-Vorpommern,Vorpommern-Rügen,Dreschvitz,18573,767,22.64,54.40372,13.294442
130735362028,Mecklenburg-Vorpommern,Vorpommern-Rügen,Gingst,18569,1258,21.75,54.456954,13.259199
130735362040,Mecklenburg-Vorpommern,Vorpommern-Rügen,"Insel Hiddensee, Seebad",18565,912,19.08,54.568008,13.105547
130735362045,Mecklenburg-Vorpommern,Vorpommern-Rügen,Kluis,18569,378,21.5,54.472669,13.301843
130735362059,Mecklenburg-Vorpommern,Vorpommern-Rügen,Neuenkirchen,18569,270,22.94,54.54362,13.330814
130735362073,Mecklenburg-Vorpommern,Vorpommern-Rügen,Rambin,18573,925,31.47,54.355488,13.205549
130735362079,Mecklenburg-Vorpommern,Vorpommern-Rügen,Samtens,18573,2004,32.5,54.35598,13.29259
130735362081,Mecklenburg-Vorpommern,Vorpommern-Rügen,Schaprode,18569,415,19.76,54.514628,13.166426
130735362092,Mecklenburg-Vorpommern,Vorpommern-Rügen,Trent,18569,622,35.43,54.522126,13.255514
130735362095,Mecklenburg-Vorpommern,Vorpommern-Rügen,Ummanz,18569,563,43.09,54.464901,13.181849
130740026026,Mecklenburg-Vorpommern,Nordwestmecklenburg,"Grevesmühlen, Stadt",23936,10082,52.38,53.864458,11.184913
130740035035,Mecklenburg-Vorpommern,Nordwestmecklenburg,"Insel Poel, Ostseebad",23999,2486,36.34,53.99737,11.439916
130740087087,Mecklenburg-Vorpommern,Nordwestmecklenburg,"Wismar, Hansestadt",23952,43103,41.84,53.891577,11.466024
130745451002,Mecklenburg-Vorpommern,Nordwestmecklenburg,Bad Kleinen,23996,3742,23.54,53.770508,11.47265
130745451003,Mecklenburg-Vorpommern,Nordwestmecklenburg,Barnekow,23968,551,15.63,53.867101,11.372593
130745451008,Mecklenburg-Vorpommern,Nordwestmecklenburg,Bobitz,23996,2499,65.64,53.803679,11.360712
130745451019,Mecklenburg-Vorpommern,Nordwestmecklenburg,Dorf Mecklenburg,23972,3115,30.06,53.842941,11.467282
130745451030,Mecklenburg-Vorpommern,Nordwestmecklenburg,Groß Stieten,23972,587,6.54,53.812366,11.4496
130745451031,Mecklenburg-Vorpommern,Nordwestmecklenburg,Hohen Viecheln,23996,724,18.72,53.784554,11.510574
130745451047,Mecklenburg-Vorpommern,Nordwestmecklenburg,Lübow,23972,1564,35.35,53.852824,11.522497
130745451053,Mecklenburg-Vorpommern,Nordwestmecklenburg,Metelsdorf,23972,479,8.21,53.853472,11.432941
130745451082,Mecklenburg-Vorpommern,Nordwestmecklenburg,Ventschow,19417,736,13.63,53.785613,11.578071
130745452020,Mecklenburg-Vorpommern,Nordwestmecklenburg,Dragun,19205,726,20.62,53.70775,11.224446
130745452021,Mecklenburg-Vorpommern,Nordwestmecklenburg,"Gadebusch, Stadt",19205,5189,47.76,53.701801,11.118522
130745452040,Mecklenburg-Vorpommern,Nordwestmecklenburg,Kneese,19205,329,15.86,53.661817,10.983183
130745452043,Mecklenburg-Vorpommern,Nordwestmecklenburg,Krembz,19205,850,39.16,53.651085,11.060801
130745452054,Mecklenburg-Vorpommern,Nordwestmecklenburg,Mühlen Eichsen,19205,952,23.71,53.758514,11.251535
130745452068,Mecklenburg-Vorpommern,Nordwestmecklenburg,Roggendorf,19205,975,31.26,53.694224,11.016911
130745452070,Mecklenburg-Vorpommern,Nordwestmecklenburg,Rögnitz,19205,188,11.43,53.613535,11.023948
130745452081,Mecklenburg-Vorpommern,Nordwestmecklenburg,Veelböken,19205,658,32.62,53.74821,11.182889
130745453005,Mecklenburg-Vorpommern,Nordwestmecklenburg,Bernstorf,23936,353,17.57,53.828021,11.116733
130745453022,Mecklenburg-Vorpommern,Nordwestmecklenburg,Gägelow,23968,2520,22.67,53.899067,11.380828
130745453069,Mecklenburg-Vorpommern,Nordwestmecklenburg,Roggenstorf,23936,447,20.01,53.913159,11.066925
130745453071,Mecklenburg-Vorpommern,Nordwestmecklenburg,Rüting,23936,547,15.16,53.792951,11.222723
130745453077,Mecklenburg-Vorpommern,Nordwestmecklenburg,Testorf-Steinfort,23936,621,23.87,53.777427,11.269001
130745453079,Mecklenburg-Vorpommern,Nordwestmecklenburg,Upahl,23936,1591,48.26,53.822092,11.21396
130745453085,Mecklenburg-Vorpommern,Nordwestmecklenburg,Warnow,23936,613,16.07,53.887462,11.211446
130745453093,Mecklenburg-Vorpommern,Nordwestmecklenburg,Stepenitztal,23936,1713,45.25,53.857461,11.119717
130745454010,Mecklenburg-Vorpommern,Nordwestmecklenburg,"Boltenhagen, Ostseebad",23946,2445,18.35,53.989162,11.20109
130745454016,Mecklenburg-Vorpommern,Nordwestmecklenburg,Damshagen,23948,1330,38.57,53.928323,11.153059
130745454032,Mecklenburg-Vorpommern,Nordwestmecklenburg,Hohenkirchen,23968,1008,41.09,53.915746,11.306226
130745454037,Mecklenburg-Vorpommern,Nordwestmecklenburg,Kalkhorst,23942,1701,51.98,53.970527,11.045858
130745454039,Mecklenburg-Vorpommern,Nordwestmecklenburg,"Klütz, Stadt",23948,3002,44.43,53.965698,11.166952
130745454089,Mecklenburg-Vorpommern,Nordwestmecklenburg,Zierow,23968,745,10.11,53.925289,11.374861
130745455001,Mecklenburg-Vorpommern,Nordwestmecklenburg,Alt Meteln,19069,1170,23.22,53.746405,11.340119
130745455012,Mecklenburg-Vorpommern,Nordwestmecklenburg,Brüsewitz,19071,1818,29.94,53.676102,11.248981
130745455014,Mecklenburg-Vorpommern,Nordwestmecklenburg,Cramonshagen,19071,511,10.2,53.698991,11.276128
130745455015,Mecklenburg-Vorpommern,Nordwestmecklenburg,Dalberg-Wendelstorf,19071,538,9.58,53.725778,11.285589
130745455024,Mecklenburg-Vorpommern,Nordwestmecklenburg,Gottesgabe,19209,768,22.21,53.631272,11.246323
130745455025,Mecklenburg-Vorpommern,Nordwestmecklenburg,Grambow,19071,655,19.82,53.620815,11.276599
130745455038,Mecklenburg-Vorpommern,Nordwestmecklenburg,Klein Trebbow,19069,1070,25.38,53.712715,11.373045
130745455048,Mecklenburg-Vorpommern,Nordwestmecklenburg,Lübstorf,19069,1485,43.88,53.726967,11.413605
130745455050,Mecklenburg-Vorpommern,Nordwestmecklenburg,Lützow,19209,1542,24.89,53.653828,11.176166
130745455061,Mecklenburg-Vorpommern,Nordwestmecklenburg,Perlin,19209,375,13.46,53.587265,11.175076
130745455062,Mecklenburg-Vorpommern,Nordwestmecklenburg,Pingelshagen,19069,549,2.08,53.683161,11.337987
130745455064,Mecklenburg-Vorpommern,Nordwestmecklenburg,Pokrent,19205,676,15.65,53.646213,11.142943
130745455072,Mecklenburg-Vorpommern,Nordwestmecklenburg,Schildetal,19209,709,19.38,53.625299,11.15033
130745455075,Mecklenburg-Vorpommern,Nordwestmecklenburg,Seehof,19069,934,4.35,53.693197,11.431035
130745455088,Mecklenburg-Vorpommern,Nordwestmecklenburg,Zickhusen,19069,515,12.49,53.757546,11.414398
130745456004,Mecklenburg-Vorpommern,Nordwestmecklenburg,Benz,23970,648,22.77,53.911201,11.584457
130745456007,Mecklenburg-Vorpommern,Nordwestmecklenburg,Blowatz,23974,1119,30.3,53.99425,11.537112
130745456009,Mecklenburg-Vorpommern,Nordwestmecklenburg,Boiensdorf,23974,474,12.77,54.017033,11.562368
130745456034,Mecklenburg-Vorpommern,Nordwestmecklenburg,Hornstorf,23974,1324,14.9,53.909104,11.53202
130745456044,Mecklenburg-Vorpommern,Nordwestmecklenburg,Krusenhagen,23974,589,11.25,53.944805,11.531895
130745456056,Mecklenburg-Vorpommern,Nordwestmecklenburg,Neuburg,23974,2129,44.11,53.94824,11.586495
130745457006,Mecklenburg-Vorpommern,Nordwestmecklenburg,Bibow,19417,344,23.21,53.784795,11.643285
130745457023,Mecklenburg-Vorpommern,Nordwestmecklenburg,Glasin,23992,790,39.6,53.911906,11.737231
130745457036,Mecklenburg-Vorpommern,Nordwestmecklenburg,Jesendorf,19417,541,21.25,53.804278,11.598868
130745457046,Mecklenburg-Vorpommern,Nordwestmecklenburg,Lübberstorf,23992,236,13.11,53.858257,11.731649
130745457057,Mecklenburg-Vorpommern,Nordwestmecklenburg,"Neukloster, Stadt",23992,3968,27.5,53.86475,11.686336
130745457060,Mecklenburg-Vorpommern,Nordwestmecklenburg,Passee,23992,183,16.2,53.956175,11.770604
130745457084,Mecklenburg-Vorpommern,Nordwestmecklenburg,"Warin, Stadt",19417,3219,44.45,53.800443,11.704304
130745457090,Mecklenburg-Vorpommern,Nordwestmecklenburg,Zurow,23992,1288,40.8,53.863817,11.615148
130745457091,Mecklenburg-Vorpommern,Nordwestmecklenburg,Züsow,23992,293,19.54,53.922922,11.6745
130745458013,Mecklenburg-Vorpommern,Nordwestmecklenburg,Carlow,19217,1211,31.81,53.758146,10.935979
130745458018,Mecklenburg-Vorpommern,Nordwestmecklenburg,Dechow,19217,184,15.15,53.719821,10.923265
130745458028,Mecklenburg-Vorpommern,Nordwestmecklenburg,Groß Molzahn,19217,410,6.31,53.734527,10.86905
130745458033,Mecklenburg-Vorpommern,Nordwestmecklenburg,Holdorf,19217,404,13.57,53.728156,11.064526
130745458042,Mecklenburg-Vorpommern,Nordwestmecklenburg,Königsfeld,19217,940,32.75,53.770677,11.026914
130745458065,Mecklenburg-Vorpommern,Nordwestmecklenburg,"Rehna, Klosterstadt",19217,3525,44.58,53.779482,11.049573
130745458066,Mecklenburg-Vorpommern,Nordwestmecklenburg,Rieps,19217,367,12.32,53.772579,10.867261
130745458073,Mecklenburg-Vorpommern,Nordwestmecklenburg,Schlagsdorf,19217,1282,20.44,53.730826,10.824221
130745458078,Mecklenburg-Vorpommern,Nordwestmecklenburg,Thandorf,19217,176,9.09,53.760675,10.826126
130745458080,Mecklenburg-Vorpommern,Nordwestmecklenburg,Utecht,19217,383,11.09,53.767405,10.7696
130745458092,Mecklenburg-Vorpommern,Nordwestmecklenburg,Wedendorfersee,19217,689,24.92,53.766171,11.093657
130745459017,Mecklenburg-Vorpommern,Nordwestmecklenburg,"Dassow, Stadt",23942,3865,66.96,53.908548,10.977683
130745459027,Mecklenburg-Vorpommern,Nordwestmecklenburg,Grieben,23936,156,6.29,53.840985,11.047407
130745459049,Mecklenburg-Vorpommern,Nordwestmecklenburg,Lüdersdorf,23923,5172,54.75,53.831497,10.811091
130745459052,Mecklenburg-Vorpommern,Nordwestmecklenburg,Menzendorf,23923,234,9.83,53.84489,11.012364
130745459067,Mecklenburg-Vorpommern,Nordwestmecklenburg,Roduchelstorf,23923,243,9.93,53.820759,10.985768
130745459074,Mecklenburg-Vorpommern,Nordwestmecklenburg,"Schönberg, Stadt",23923,4285,52.19,53.847118,10.934561
130745459076,Mecklenburg-Vorpommern,Nordwestmecklenburg,Selmsdorf,23923,3139,36.81,53.881681,10.85983
130745459094,Mecklenburg-Vorpommern,Nordwestmecklenburg,Siemz-Niendorf,23923,573,26.36,53.816591,10.926909
130750005005,Mecklenburg-Vorpommern,Vorpommern-Greifswald,"Anklam, Hansestadt",17389,11793,56.68,53.855297,13.693003
130750039039,Mecklenburg-Vorpommern,Vorpommern-Greifswald,"Greifswald, Universitäts- und Hansestadt",17489,56154,50.81,54.09581,13.379627
130750049049,Mecklenburg-Vorpommern,Vorpommern-Greifswald,"Heringsdorf, Ostseebad",17424,7274,37.81,53.954343,14.1672
130750105105,Mecklenburg-Vorpommern,Vorpommern-Greifswald,"Pasewalk, Stadt",17309,9590,55.21,53.505112,13.990282
130750130130,Mecklenburg-Vorpommern,Vorpommern-Greifswald,"Strasburg (Uckermark), Stadt",17335,4246,87.48,53.506373,13.744259
130750136136,Mecklenburg-Vorpommern,Vorpommern-Greifswald,"Ueckermünde, Seebad , Stadt",17373,8651,85.87,53.736513,14.046489
130755551021,Mecklenburg-Vorpommern,Vorpommern-Greifswald,Buggenhagen,17440,183,27.11,53.923399,13.862341
130755551072,Mecklenburg-Vorpommern,Vorpommern-Greifswald,Krummin,17440,224,10.63,54.047831,13.847591
130755551074,Mecklenburg-Vorpommern,Vorpommern-Greifswald,"Lassan, Stadt",17440,1226,28.21,53.945625,13.845043
130755551087,Mecklenburg-Vorpommern,Vorpommern-Greifswald,Lütow,17440,428,16.34,54.012528,13.878694
130755551124,Mecklenburg-Vorpommern,Vorpommern-Greifswald,Sauzin,17440,392,6.65,54.034625,13.784968
130755551144,Mecklenburg-Vorpommern,Vorpommern-Greifswald,"Wolgast, Stadt",17438,10859,61.73,54.052886,13.774621
130755551147,Mecklenburg-Vorpommern,Vorpommern-Greifswald,Zemitz,17440,583,30.92,53.978658,13.754778
130755552001,Mecklenburg-Vorpommern,Vorpommern-Greifswald,Ahlbeck,17375,592,18.76,53.669524,14.185341
130755552003,Mecklenburg-Vorpommern,Vorpommern-Greifswald,"Altwarp, Fischerdorf",17375,404,32.75,53.743961,14.262179
130755552031,Mecklenburg-Vorpommern,Vorpommern-Greifswald,"Eggesin, Stadt",17367,4724,88.22,53.68022,14.081578
130755552037,Mecklenburg-Vorpommern,Vorpommern-Greifswald,Grambin,17375,432,18.39,53.756939,14.01457
130755552051,Mecklenburg-Vorpommern,Vorpommern-Greifswald,Hintersee,17375,293,44.6,53.627649,14.261641
130755552075,Mecklenburg-Vorpommern,Vorpommern-Greifswald,Leopoldshagen,17375,588,19.55,53.774464,13.896567
130755552078,Mecklenburg-Vorpommern,Vorpommern-Greifswald,Liepgarten,17375,773,32.89,53.720146,14.028097
130755552084,Mecklenburg-Vorpommern,Vorpommern-Greifswald,Lübs,17379,303,30.21,53.726126,13.88174
130755552085,Mecklenburg-Vorpommern,Vorpommern-Greifswald,Luckow,17375,511,37.33,53.7068,14.156459
130755552089,Mecklenburg-Vorpommern,Vorpommern-Greifswald,Meiersberg,17375,388,10.16,53.703523,13.943018
130755552093,Mecklenburg-Vorpommern,Vorpommern-Greifswald,Mönkebude,17375,737,35.01,53.766944,13.962886
130755552139,Mecklenburg-Vorpommern,Vorpommern-Greifswald,Vogelsang-Warsin,17375,375,63.37,53.723365,14.163569
130755553007,Mecklenburg-Vorpommern,Vorpommern-Greifswald,Bargischow,17398,302,21.78,53.832798,13.755535
130755553013,Mecklenburg-Vorpommern,Vorpommern-Greifswald,Blesewitz,17392,233,12.64,53.826103,13.616904
130755553015,Mecklenburg-Vorpommern,Vorpommern-Greifswald,Boldekow,17392,611,48.52,53.725082,13.593523
130755553020,Mecklenburg-Vorpommern,Vorpommern-Greifswald,Bugewitz,17398,231,57.16,53.790407,13.830724
130755553022,Mecklenburg-Vorpommern,Vorpommern-Greifswald,Butzow,17392,417,12.85,53.834881,13.647054
130755553029,Mecklenburg-Vorpommern,Vorpommern-Greifswald,Ducherow,17398,2190,77.52,53.764624,13.782807
130755553053,Mecklenburg-Vorpommern,Vorpommern-Greifswald,Iven,17391,181,15.74,53.796527,13.428644
130755553068,Mecklenburg-Vorpommern,Vorpommern-Greifswald,Krien,17391,675,21.94,53.830228,13.446462
130755553073,Mecklenburg-Vorpommern,Vorpommern-Greifswald,Krusenfelde,17391,161,12.56,53.845065,13.393636
130755553088,Mecklenburg-Vorpommern,Vorpommern-Greifswald,Medow,17391,520,28.99,53.838438,13.532946
130755553098,Mecklenburg-Vorpommern,Vorpommern-Greifswald,Neu Kosenow,17398,466,25.02,53.791434,13.755412
130755553101,Mecklenburg-Vorpommern,Vorpommern-Greifswald,Neuenkirchen,17392,212,15.7,53.800528,13.568927
130755553110,Mecklenburg-Vorpommern,Vorpommern-Greifswald,Postlow,17391,300,14.75,53.835186,13.575748
130755553116,Mecklenburg-Vorpommern,Vorpommern-Greifswald,Rossin,17398,162,12.63,53.769859,13.704449
130755553122,Mecklenburg-Vorpommern,Vorpommern-Greifswald,Sarnow,17392,326,23.32,53.751571,13.626423
130755553127,Mecklenburg-Vorpommern,Vorpommern-Greifswald,Spantekow,17392,1010,70.84,53.779015,13.520425
130755553128,Mecklenburg-Vorpommern,Vorpommern-Greifswald,Stolpe an der Peene,17391,276,17.67,53.873063,13.560041
130755553155,Mecklenburg-Vorpommern,Vorpommern-Greifswald,Neetzow-Liepen,17391,796,43.23,53.881912,13.406568
130755554002,Mecklenburg-Vorpommern,Vorpommern-Greifswald,Alt Tellin,17129,354,24.38,53.845954,13.244725
130755554009,Mecklenburg-Vorpommern,Vorpommern-Greifswald,Bentzin,17129,864,38.87,53.945787,13.272797
130755554023,Mecklenburg-Vorpommern,Vorpommern-Greifswald,Daberkow,17129,325,15.38,53.838959,13.301261
130755554054,Mecklenburg-Vorpommern,Vorpommern-Greifswald,"Jarmen, Stadt",17126,2716,30.71,53.924079,13.340233
130755554070,Mecklenburg-Vorpommern,Vorpommern-Greifswald,Kruckow,17129,644,35.54,53.90128,13.236376
130755554134,Mecklenburg-Vorpommern,Vorpommern-Greifswald,Tutow,17129,979,6.05,53.918969,13.242592
130755554140,Mecklenburg-Vorpommern,Vorpommern-Greifswald,Völschow,17129,523,21.72,53.878459,13.33623
130755555008,Mecklenburg-Vorpommern,Vorpommern-Greifswald,Behrenhoff,17498,866,24.48,54.005771,13.391812
130755555025,Mecklenburg-Vorpommern,Vorpommern-Greifswald,Dargelin,17498,356,15.72,54.014802,13.354443
130755555027,Mecklenburg-Vorpommern,Vorpommern-Greifswald,Dersekow,17498,1151,26.26,54.046054,13.292466
130755555050,Mecklenburg-Vorpommern,Vorpommern-Greifswald,Hinrichshagen,17498,923,10.04,54.066754,13.32391
130755555076,Mecklenburg-Vorpommern,Vorpommern-Greifswald,Levenhagen,17498,404,13.28,54.08832,13.272006
130755555091,Mecklenburg-Vorpommern,Vorpommern-Greifswald,Mesekenhagen,17498,1077,25.52,54.149733,13.316622
130755555102,Mecklenburg-Vorpommern,Vorpommern-Greifswald,Neuenkirchen,17498,2300,23.41,54.118409,13.375918
130755555141,Mecklenburg-Vorpommern,Vorpommern-Greifswald,Wackerow,17498,1494,31.79,54.104712,13.344511
130755555142,Mecklenburg-Vorpommern,Vorpommern-Greifswald,Weitenhagen,17498,2155,38.42,54.054095,13.410717
130755556011,Mecklenburg-Vorpommern,Vorpommern-Greifswald,Bergholz,17321,308,21.76,53.442023,14.168876
130755556012,Mecklenburg-Vorpommern,Vorpommern-Greifswald,Blankensee,17322,553,34.2,53.511812,14.307369
130755556016,Mecklenburg-Vorpommern,Vorpommern-Greifswald,Boock,17322,592,12.89,53.49377,14.247195
130755556035,Mecklenburg-Vorpommern,Vorpommern-Greifswald,Glasow,17322,142,15.59,53.378091,14.272893
130755556038,Mecklenburg-Vorpommern,Vorpommern-Greifswald,Grambow,17322,853,35.3,53.414224,14.335098
130755556067,Mecklenburg-Vorpommern,Vorpommern-Greifswald,Krackow,17329,585,44.18,53.343613,14.265689
130755556079,Mecklenburg-Vorpommern,Vorpommern-Greifswald,Löcknitz,17321,3252,22.8,53.4533,14.212351
130755556095,Mecklenburg-Vorpommern,Vorpommern-Greifswald,Nadrensee,17329,364,20.74,53.332535,14.348661
130755556107,Mecklenburg-Vorpommern,Vorpommern-Greifswald,"Penkun, Stadt",17328,1672,78.87,53.297789,14.23566
130755556108,Mecklenburg-Vorpommern,Vorpommern-Greifswald,Plöwen,17321,292,15.2,53.464654,14.265153
130755556113,Mecklenburg-Vorpommern,Vorpommern-Greifswald,Ramin,17321,665,46.97,53.414092,14.289734
130755556117,Mecklenburg-Vorpommern,Vorpommern-Greifswald,Rossow,17322,453,23.15,53.474896,14.123524
130755556119,Mecklenburg-Vorpommern,Vorpommern-Greifswald,Rothenklempenow,17321,589,58.4,53.515988,14.202804
130755557018,Mecklenburg-Vorpommern,Vorpommern-Greifswald,Brünzow,17509,692,16.16,54.104731,13.565365
130755557046,Mecklenburg-Vorpommern,Vorpommern-Greifswald,Hanshagen,17509,892,9.86,54.046024,13.542309
130755557059,Mecklenburg-Vorpommern,Vorpommern-Greifswald,Katzow,17509,590,26.22,54.048988,13.672854
130755557060,Mecklenburg-Vorpommern,Vorpommern-Greifswald,Kemnitz,17509,1164,19.34,54.075684,13.533193
130755557069,Mecklenburg-Vorpommern,Vorpommern-Greifswald,Kröslin,17440,1715,22.4,54.117831,13.752524
130755557081,Mecklenburg-Vorpommern,Vorpommern-Greifswald,Loissin,17509,795,15.48,54.112634,13.532163
130755557083,Mecklenburg-Vorpommern,Vorpommern-Greifswald,"Lubmin, Seebad",17509,2259,13.83,54.132846,13.61488
130755557097,Mecklenburg-Vorpommern,Vorpommern-Greifswald,Neu Boltenhagen,17509,564,24.52,54.065439,13.610231
130755557120,Mecklenburg-Vorpommern,Vorpommern-Greifswald,Rubenow,17509,750,35.4,54.099356,13.6989
130755557146,Mecklenburg-Vorpommern,Vorpommern-Greifswald,Wusterhusen,17509,1014,19.17,54.115003,13.616257
130755558036,Mecklenburg-Vorpommern,Vorpommern-Greifswald,Görmin,17121,885,35.19,53.991357,13.271276
130755558082,Mecklenburg-Vorpommern,Vorpommern-Greifswald,"Loitz, Stadt",17121,4157,89.9,53.973646,13.129572
130755558123,Mecklenburg-Vorpommern,Vorpommern-Greifswald,Sassen-Trantow,17121,810,45.35,54.02358,13.187334
130755559004,Mecklenburg-Vorpommern,Vorpommern-Greifswald,Altwigshagen,17379,369,28.68,53.703845,13.835809
130755559033,Mecklenburg-Vorpommern,Vorpommern-Greifswald,Ferdinandshof,17379,2571,47.37,53.664748,13.889141
130755559045,Mecklenburg-Vorpommern,Vorpommern-Greifswald,Hammer a.d. Uecker,17358,440,21.62,53.599818,13.978606
130755559048,Mecklenburg-Vorpommern,Vorpommern-Greifswald,Heinrichswalde,17379,337,14.32,53.613514,13.777084
130755559118,Mecklenburg-Vorpommern,Vorpommern-Greifswald,Rothemühl,17379,274,30.75,53.594758,13.821924
130755559131,Mecklenburg-Vorpommern,Vorpommern-Greifswald,"Torgelow, Stadt",17358,8755,72.19,53.629276,14.010799
130755559143,Mecklenburg-Vorpommern,Vorpommern-Greifswald,Wilhelmsburg,17379,746,47.2,53.64175,13.859025
130755560017,Mecklenburg-Vorpommern,Vorpommern-Greifswald,Brietzig,17309,168,10.57,53.477016,13.904164
130755560032,Mecklenburg-Vorpommern,Vorpommern-Greifswald,Fahrenwalde,17309,260,26.11,53.439371,14.066343
130755560042,Mecklenburg-Vorpommern,Vorpommern-Greifswald,Groß Luckow,17337,181,8.97,53.535942,13.829375
130755560055,Mecklenburg-Vorpommern,Vorpommern-Greifswald,Jatznick,17309,2118,62.24,53.580841,13.939446
130755560063,Mecklenburg-Vorpommern,Vorpommern-Greifswald,Koblentz,17309,194,22.98,53.53311,14.132602
130755560071,Mecklenburg-Vorpommern,Vorpommern-Greifswald,Krugsdorf,17309,485,8.34,53.524969,14.084454
130755560103,Mecklenburg-Vorpommern,Vorpommern-Greifswald,Nieden,17309,157,6.5,53.440432,13.920918
130755560104,Mecklenburg-Vorpommern,Vorpommern-Greifswald,Papendorf,17309,212,10.42,53.496293,13.946929
130755560109,Mecklenburg-Vorpommern,Vorpommern-Greifswald,Polzow,17309,237,8.51,53.499429,14.061317
130755560115,Mecklenburg-Vorpommern,Vorpommern-Greifswald,Rollwitz,17309,820,35.6,53.47244,13.977457
130755560126,Mecklenburg-Vorpommern,Vorpommern-Greifswald,Schönwalde,17309,387,21.04,53.543397,13.904122
130755560138,Mecklenburg-Vorpommern,Vorpommern-Greifswald,Viereck,17309,889,54.84,53.550435,14.041202
130755560149,Mecklenburg-Vorpommern,Vorpommern-Greifswald,Zerrenthin,17309,448,14.42,53.495312,14.092893
130755561058,Mecklenburg-Vorpommern,Vorpommern-Greifswald,"Karlshagen, Ostseebad",17449,3046,5.12,54.113863,13.832312
130755561092,Mecklenburg-Vorpommern,Vorpommern-Greifswald,Mölschow,17449,749,15.45,54.078161,13.833997
130755561106,Mecklenburg-Vorpommern,Vorpommern-Greifswald,Peenemünde,17449,430,25.74,54.135851,13.770247
130755561133,Mecklenburg-Vorpommern,Vorpommern-Greifswald,"Trassenheide, Ostseebad",17449,884,6.88,54.086968,13.862318
130755561151,Mecklenburg-Vorpommern,Vorpommern-Greifswald,"Zinnowitz, Ostseebad",17454,4114,9.03,54.076797,13.908919
130755562010,Mecklenburg-Vorpommern,Vorpommern-Greifswald,Benz,17429,1062,24.73,53.940693,14.07031
130755562026,Mecklenburg-Vorpommern,Vorpommern-Greifswald,Dargen,17419,529,28.23,53.886857,14.065379
130755562034,Mecklenburg-Vorpommern,Vorpommern-Greifswald,Garz,17419,243,10.12,53.882149,14.170027
130755562056,Mecklenburg-Vorpommern,Vorpommern-Greifswald,Kamminke,17419,234,2.95,53.868539,14.206466
130755562065,Mecklenburg-Vorpommern,Vorpommern-Greifswald,Korswandt,17419,567,12.9,53.918098,14.162694
130755562066,Mecklenburg-Vorpommern,Vorpommern-Greifswald,"Koserow, Ostseebad",17459,1522,6.07,54.049406,13.999692
130755562080,Mecklenburg-Vorpommern,Vorpommern-Greifswald,"Loddin, Seebad",17459,864,6.12,54.023088,14.006635
130755562090,Mecklenburg-Vorpommern,Vorpommern-Greifswald,Mellenthin,17429,464,19.16,53.923404,14.01198
130755562111,Mecklenburg-Vorpommern,Vorpommern-Greifswald,Pudagla,17429,480,13.27,53.9682,14.068495
130755562114,Mecklenburg-Vorpommern,Vorpommern-Greifswald,Rankwitz,17406,523,30.9,53.946939,13.928004
130755562129,Mecklenburg-Vorpommern,Vorpommern-Greifswald,Stolpe auf Usedom,17406,348,15.01,53.867737,13.988986
130755562135,Mecklenburg-Vorpommern,Vorpommern-Greifswald,"Ückeritz, Seebad",17459,1020,13.7,54.013567,14.046749
130755562137,Mecklenburg-Vorpommern,Vorpommern-Greifswald,"Usedom, Stadt",17406,1483,39.05,53.874003,13.92045
130755562148,Mecklenburg-Vorpommern,Vorpommern-Greifswald,"Zempin, Seebad",17459,872,3.32,54.067387,13.953997
130755562152,Mecklenburg-Vorpommern,Vorpommern-Greifswald,Zirchow,17419,617,9.53,53.891203,14.140752
130755563006,Mecklenburg-Vorpommern,Vorpommern-Greifswald,Bandelin,17506,566,17.19,53.964782,13.378573
130755563040,Mecklenburg-Vorpommern,Vorpommern-Greifswald,Gribow,17506,141,8.25,53.947426,13.489066
130755563041,Mecklenburg-Vorpommern,Vorpommern-Greifswald,Groß Kiesow,17495,1212,47.73,54.012127,13.477075
130755563043,Mecklenburg-Vorpommern,Vorpommern-Greifswald,Groß Polzin,17390,379,29.58,53.894115,13.592577
130755563044,Mecklenburg-Vorpommern,Vorpommern-Greifswald,"Gützkow, Stadt",17506,2965,57.65,53.937507,13.409609
130755563061,Mecklenburg-Vorpommern,Vorpommern-Greifswald,Klein Bünzow,17390,662,34.69,53.931421,13.632334
130755563094,Mecklenburg-Vorpommern,Vorpommern-Greifswald,Murchin,17390,818,46.73,53.905543,13.74274
130755563121,Mecklenburg-Vorpommern,Vorpommern-Greifswald,Rubkow,17390,582,35.03,53.936343,13.722246
130755563125,Mecklenburg-Vorpommern,Vorpommern-Greifswald,Schmatzin,17390,273,17.7,53.924291,13.551272
130755563145,Mecklenburg-Vorpommern,Vorpommern-Greifswald,Wrangelsburg,17495,231,15.29,54.017065,13.59402
130755563150,Mecklenburg-Vorpommern,Vorpommern-Greifswald,Ziethen,17390,422,18.39,53.887998,13.672308
130755563154,Mecklenburg-Vorpommern,Vorpommern-Greifswald,Züssow,17495,1246,29.64,53.981577,13.546049
130755563156,Mecklenburg-Vorpommern,Vorpommern-Greifswald,Karlsburg,17495,1741,34.36,53.971795,13.608854
130760014014,Mecklenburg-Vorpommern,Ludwigslust-Parchim,"Boizenburg/ Elbe, Stadt",19258,11147,47.42,53.374248,10.722631
130760060060,Mecklenburg-Vorpommern,Ludwigslust-Parchim,"Hagenow, Stadt",19230,11987,67.54,53.432045,11.192521
130760088088,Mecklenburg-Vorpommern,Ludwigslust-Parchim,"Lübtheen, Stadt",19249,4369,120.16,53.30062,11.08294
130760090090,Mecklenburg-Vorpommern,Ludwigslust-Parchim,"Ludwigslust, Stadt",19288,11778,78.64,53.326305,11.497142
130760108108,Mecklenburg-Vorpommern,Ludwigslust-Parchim,"Parchim, Stadt",19370,17825,124.81,53.425581,11.847644
130765652009,Mecklenburg-Vorpommern,Ludwigslust-Parchim,Bengerstorf,19258,503,32.96,53.416733,10.846982
130765652010,Mecklenburg-Vorpommern,Ludwigslust-Parchim,Besitz,19258,434,22.26,53.341635,10.859512
130765652016,Mecklenburg-Vorpommern,Ludwigslust-Parchim,Brahlstorf,19273,688,21.96,53.365236,10.954396
130765652030,Mecklenburg-Vorpommern,Ludwigslust-Parchim,Dersenow,19260,432,22.51,53.380292,10.888402
130765652054,Mecklenburg-Vorpommern,Ludwigslust-Parchim,Gresse,19258,646,21.08,53.430286,10.745801
130765652055,Mecklenburg-Vorpommern,Ludwigslust-Parchim,Greven,19258,816,40.1,53.478608,10.802258
130765652102,Mecklenburg-Vorpommern,Ludwigslust-Parchim,Neu Gülze,19258,825,13.06,53.381682,10.787932
130765652106,Mecklenburg-Vorpommern,Ludwigslust-Parchim,Nostorf,19258,529,20.1,53.406837,10.653967
130765652122,Mecklenburg-Vorpommern,Ludwigslust-Parchim,Schwanheide,19258,687,26.62,53.42934,10.684142
130765652136,Mecklenburg-Vorpommern,Ludwigslust-Parchim,Teldau,19273,646,27.55,53.330132,10.802537
130765652138,Mecklenburg-Vorpommern,Ludwigslust-Parchim,Tessin b. Boizenburg,19258,376,10.25,53.397636,10.853129
130765654034,Mecklenburg-Vorpommern,Ludwigslust-Parchim,"Dömitz, Stadt",19303,2793,60.57,53.141778,11.248957
130765654053,Mecklenburg-Vorpommern,Ludwigslust-Parchim,Grebs-Niendorf,19294,537,31.26,53.241086,11.318115
130765654067,Mecklenburg-Vorpommern,Ludwigslust-Parchim,Karenz,19294,212,6.88,53.230175,11.344488
130765654093,Mecklenburg-Vorpommern,Ludwigslust-Parchim,Malk Göhren,19294,416,22.57,53.214629,11.376556
130765654094,Mecklenburg-Vorpommern,Ludwigslust-Parchim,Malliß,19294,1098,25.27,53.212798,11.328852
130765654103,Mecklenburg-Vorpommern,Ludwigslust-Parchim,Neu Kaliß,19294,1853,34.2,53.171501,11.292486
130765654143,Mecklenburg-Vorpommern,Ludwigslust-Parchim,Vielank,19303,1250,77.53,53.234587,11.140507
130765655040,Mecklenburg-Vorpommern,Ludwigslust-Parchim,Gallin-Kuppentin,19386,427,29.72,53.501509,12.168335
130765655051,Mecklenburg-Vorpommern,Ludwigslust-Parchim,Granzin,19386,368,22.79,53.502834,11.943789
130765655075,Mecklenburg-Vorpommern,Ludwigslust-Parchim,Kreien,19386,360,24.89,53.407675,12.054081
130765655077,Mecklenburg-Vorpommern,Ludwigslust-Parchim,Kritzow,19386,454,25.13,53.445984,12.131564
130765655089,Mecklenburg-Vorpommern,Ludwigslust-Parchim,"Lübz, Stadt",19386,5869,74.69,53.461574,12.029001
130765655109,Mecklenburg-Vorpommern,Ludwigslust-Parchim,Passow,19386,678,24.81,53.506577,12.053533
130765655125,Mecklenburg-Vorpommern,Ludwigslust-Parchim,Siggelkow,19376,820,55.56,53.386821,11.93779
130765655151,Mecklenburg-Vorpommern,Ludwigslust-Parchim,Werder,19386,303,18.17,53.500246,12.00816
130765655165,Mecklenburg-Vorpommern,Ludwigslust-Parchim,Gehlsbach,19386,514,33.18,53.394281,12.130857
130765655168,Mecklenburg-Vorpommern,Ludwigslust-Parchim,Ruhner Berge,19376,1720,94.56,53.31804,11.927852
130765656032,Mecklenburg-Vorpommern,Ludwigslust-Parchim,Dobbertin,19399,1034,59.25,53.622107,12.070443
130765656048,Mecklenburg-Vorpommern,Ludwigslust-Parchim,"Goldberg, Stadt",19399,3174,64.72,53.591077,12.089118
130765656096,Mecklenburg-Vorpommern,Ludwigslust-Parchim,Mestlin,19374,751,32.8,53.580544,11.92708
130765656104,Mecklenburg-Vorpommern,Ludwigslust-Parchim,Neu Poserin,19399,507,47.38,53.552451,12.165439
130765656135,Mecklenburg-Vorpommern,Ludwigslust-Parchim,Techentin,19399,646,41.71,53.587766,11.986955
130765657003,Mecklenburg-Vorpommern,Ludwigslust-Parchim,Balow,19300,312,12.83,53.262969,11.717229
130765657021,Mecklenburg-Vorpommern,Ludwigslust-Parchim,Brunow,19372,298,21.42,53.262445,11.811652
130765657027,Mecklenburg-Vorpommern,Ludwigslust-Parchim,Dambeck,19357,280,17.38,53.242388,11.769276
130765657037,Mecklenburg-Vorpommern,Ludwigslust-Parchim,Eldena,19294,1146,34.21,53.230631,11.421518
130765657049,Mecklenburg-Vorpommern,Ludwigslust-Parchim,Gorlosen,19294,445,53.22,53.185667,11.460874
130765657050,Mecklenburg-Vorpommern,Ludwigslust-Parchim,"Grabow, Stadt",19300,5358,72.26,53.278844,11.564527
130765657069,Mecklenburg-Vorpommern,Ludwigslust-Parchim,Karstädt,19294,575,19.79,53.286786,11.489899
130765657076,Mecklenburg-Vorpommern,Ludwigslust-Parchim,Kremmin,19300,239,16.91,53.249799,11.598372
130765657097,Mecklenburg-Vorpommern,Ludwigslust-Parchim,Milow,19300,362,33.65,53.191363,11.540326
130765657098,Mecklenburg-Vorpommern,Ludwigslust-Parchim,Möllenbeck,19300,189,19.33,53.285219,11.738619
130765657100,Mecklenburg-Vorpommern,Ludwigslust-Parchim,Muchow,19300,285,19.39,53.313488,11.689672
130765657115,Mecklenburg-Vorpommern,Ludwigslust-Parchim,Prislich,19300,694,29.3,53.272869,11.62174
130765657161,Mecklenburg-Vorpommern,Ludwigslust-Parchim,Zierzow,19300,400,13.33,53.28354,11.686236
130765658002,Mecklenburg-Vorpommern,Ludwigslust-Parchim,Alt Zachun,19230,349,8.43,53.494331,11.337504
130765658004,Mecklenburg-Vorpommern,Ludwigslust-Parchim,Bandenitz,19230,525,17.43,53.494516,11.28473
130765658008,Mecklenburg-Vorpommern,Ludwigslust-Parchim,Belsch,19230,212,22.59,53.327314,11.204687
130765658013,Mecklenburg-Vorpommern,Ludwigslust-Parchim,Bobzin,19230,259,6.09,53.478907,11.146894
130765658019,Mecklenburg-Vorpommern,Ludwigslust-Parchim,Bresegard bei Picher,19230,275,16.58,53.351837,11.298714
130765658041,Mecklenburg-Vorpommern,Ludwigslust-Parchim,Gammelin,19230,479,15.64,53.512028,11.241684
130765658057,Mecklenburg-Vorpommern,Ludwigslust-Parchim,Groß Krams,19230,159,10.4,53.334137,11.266074
130765658064,Mecklenburg-Vorpommern,Ludwigslust-Parchim,Hoort,19230,566,22.25,53.483489,11.360243
130765658065,Mecklenburg-Vorpommern,Ludwigslust-Parchim,Hülseburg,19230,150,9.09,53.513166,11.194378
130765658070,Mecklenburg-Vorpommern,Ludwigslust-Parchim,Kirch Jesar,19230,661,18.95,53.44055,11.277452
130765658079,Mecklenburg-Vorpommern,Ludwigslust-Parchim,Kuhstorf,19230,688,15.09,53.384197,11.24792
130765658099,Mecklenburg-Vorpommern,Ludwigslust-Parchim,Moraas,19230,469,16.78,53.421816,11.302311
130765658110,Mecklenburg-Vorpommern,Ludwigslust-Parchim,Pätow-Steegen,19230,397,10.65,53.397896,11.138559
130765658111,Mecklenburg-Vorpommern,Ludwigslust-Parchim,Picher,19230,634,39.09,53.348163,11.346389
130765658116,Mecklenburg-Vorpommern,Ludwigslust-Parchim,Pritzier,19230,388,19.55,53.378689,11.07885
130765658119,Mecklenburg-Vorpommern,Ludwigslust-Parchim,Redefin,19230,520,17.71,53.348849,11.199955
130765658131,Mecklenburg-Vorpommern,Ludwigslust-Parchim,Strohkirchen,19230,317,14.76,53.394359,11.310293
130765658145,Mecklenburg-Vorpommern,Ludwigslust-Parchim,Warlitz,19230,450,23.91,53.377053,11.147364
130765658169,Mecklenburg-Vorpommern,Ludwigslust-Parchim,Toddin,19230,872,31.66,53.418596,11.136422
130765659001,Mecklenburg-Vorpommern,Ludwigslust-Parchim,Alt Krenzlin,19288,730,37.9,53.3174,11.309672
130765659018,Mecklenburg-Vorpommern,Ludwigslust-Parchim,Bresegard bei Eldena,19294,189,11.1,53.247208,11.368941
130765659046,Mecklenburg-Vorpommern,Ludwigslust-Parchim,Göhlen,19288,530,34.02,53.307337,11.369618
130765659058,Mecklenburg-Vorpommern,Ludwigslust-Parchim,Groß Laasch,19288,931,27.42,53.346185,11.553194
130765659086,Mecklenburg-Vorpommern,Ludwigslust-Parchim,Lübesse,19077,684,19.92,53.487188,11.459329
130765659087,Mecklenburg-Vorpommern,Ludwigslust-Parchim,Lüblow,19288,544,21.6,53.416399,11.451855
130765659118,Mecklenburg-Vorpommern,Ludwigslust-Parchim,Rastow,19077,1915,52.03,53.451967,11.430042
130765659134,Mecklenburg-Vorpommern,Ludwigslust-Parchim,Sülstorf,19077,826,18.78,53.510773,11.378026
130765659141,Mecklenburg-Vorpommern,Ludwigslust-Parchim,Uelitz,19077,475,15.09,53.475682,11.438695
130765659146,Mecklenburg-Vorpommern,Ludwigslust-Parchim,Warlow,19288,478,13.91,53.344082,11.407922
130765659156,Mecklenburg-Vorpommern,Ludwigslust-Parchim,Wöbbelin,19288,948,23.56,53.399572,11.503027
130765660012,Mecklenburg-Vorpommern,Ludwigslust-Parchim,Blievenstorf,19306,430,21.6,53.362153,11.660515
130765660017,Mecklenburg-Vorpommern,Ludwigslust-Parchim,Brenz,19306,486,12.51,53.380452,11.663717
130765660105,Mecklenburg-Vorpommern,Ludwigslust-Parchim,"Neustadt-Glewe, Stadt",19306,6686,94.05,53.383153,11.585348
130765662035,Mecklenburg-Vorpommern,Ludwigslust-Parchim,Domsühl,19374,1286,40.25,53.487338,11.771497
130765662056,Mecklenburg-Vorpommern,Ludwigslust-Parchim,Groß Godems,19372,385,15.42,53.363785,11.795175
130765662068,Mecklenburg-Vorpommern,Ludwigslust-Parchim,Karrenzin,19372,512,26.44,53.338856,11.801777
130765662085,Mecklenburg-Vorpommern,Ludwigslust-Parchim,Lewitzrand,19372,1370,46.82,53.48347,11.688075
130765662120,Mecklenburg-Vorpommern,Ludwigslust-Parchim,Rom,19372,807,33.71,53.445358,11.949777
130765662126,Mecklenburg-Vorpommern,Ludwigslust-Parchim,Spornitz,19372,1171,49.14,53.407009,11.718505
130765662129,Mecklenburg-Vorpommern,Ludwigslust-Parchim,Stolpe,19372,337,20.6,53.358156,11.735379
130765662160,Mecklenburg-Vorpommern,Ludwigslust-Parchim,Ziegendorf,19372,598,36.78,53.295443,11.809046
130765662162,Mecklenburg-Vorpommern,Ludwigslust-Parchim,Zölkow,19374,748,38.91,53.562753,11.822657
130765662164,Mecklenburg-Vorpommern,Ludwigslust-Parchim,Obere Warnow,19374,748,46.69,53.515875,11.864852
130765663006,Mecklenburg-Vorpommern,Ludwigslust-Parchim,Barkhagen,19395,560,30.39,53.496939,12.210565
130765663114,Mecklenburg-Vorpommern,Ludwigslust-Parchim,"Plau am See, Stadt",19395,5958,116.27,53.459171,12.264665
130765663166,Mecklenburg-Vorpommern,Ludwigslust-Parchim,Ganzlin,19395,1356,87.92,53.38328,12.251489
130765664011,Mecklenburg-Vorpommern,Ludwigslust-Parchim,Blankenberg,19412,395,21.41,53.770686,11.709013
130765664015,Mecklenburg-Vorpommern,Ludwigslust-Parchim,Borkow,19406,413,28.15,53.663979,11.951301
130765664020,Mecklenburg-Vorpommern,Ludwigslust-Parchim,"Brüel, Stadt",19412,2524,27.22,53.73778,11.713735
130765664026,Mecklenburg-Vorpommern,Ludwigslust-Parchim,Dabel,19406,1379,24.77,53.66105,11.903641
130765664062,Mecklenburg-Vorpommern,Ludwigslust-Parchim,Hohen Pritz,19406,370,23.64,53.628644,11.89155
130765664072,Mecklenburg-Vorpommern,Ludwigslust-Parchim,Kobrow,19406,377,37.47,53.677699,11.81276
130765664078,Mecklenburg-Vorpommern,Ludwigslust-Parchim,Kuhlen-Wendorf,19412,757,49.91,53.670364,11.664236
130765664101,Mecklenburg-Vorpommern,Ludwigslust-Parchim,Mustin,19406,333,26.19,53.696025,11.973846
130765664128,Mecklenburg-Vorpommern,Ludwigslust-Parchim,"Sternberg, Stadt",19406,3753,67.69,53.711133,11.828186
130765664148,Mecklenburg-Vorpommern,Ludwigslust-Parchim,Weitendorf,19412,316,42.21,53.718011,11.750473
130765664155,Mecklenburg-Vorpommern,Ludwigslust-Parchim,Witzin,19406,448,18.79,53.723695,11.919943
130765664167,Mecklenburg-Vorpommern,Ludwigslust-Parchim,Kloster Tempzin,19412,572,24.96,53.758799,11.673399
130765665036,Mecklenburg-Vorpommern,Ludwigslust-Parchim,Dümmer,19073,1583,31.52,53.578516,11.206935
130765665063,Mecklenburg-Vorpommern,Ludwigslust-Parchim,Holthusen,19075,977,20.56,53.542809,11.35391
130765665071,Mecklenburg-Vorpommern,Ludwigslust-Parchim,Klein Rogahn,19073,1360,11.12,53.606116,11.346171
130765665107,Mecklenburg-Vorpommern,Ludwigslust-Parchim,Pampow,19075,2993,11.01,53.568681,11.360257
130765665121,Mecklenburg-Vorpommern,Ludwigslust-Parchim,Schossin,19073,236,11.42,53.544627,11.217915
130765665130,Mecklenburg-Vorpommern,Ludwigslust-Parchim,Stralendorf,19073,1374,11.96,53.574587,11.300046
130765665147,Mecklenburg-Vorpommern,Ludwigslust-Parchim,Warsow,19075,653,14.94,53.531366,11.302118
130765665154,Mecklenburg-Vorpommern,Ludwigslust-Parchim,Wittenförden,19073,2395,12.28,53.626663,11.330149
130765665163,Mecklenburg-Vorpommern,Ludwigslust-Parchim,Zülow,19073,140,7.12,53.577237,11.271356
130765666152,Mecklenburg-Vorpommern,Ludwigslust-Parchim,"Wittenburg, Stadt",19243,6211,80.08,53.511635,11.074364
130765666153,Mecklenburg-Vorpommern,Ludwigslust-Parchim,Wittendörp,19243,2909,104.72,53.534073,11.115671
130765667039,Mecklenburg-Vorpommern,Ludwigslust-Parchim,Gallin,19258,562,22.71,53.493652,10.832835
130765667073,Mecklenburg-Vorpommern,Ludwigslust-Parchim,Kogel,19246,687,29.94,53.499281,10.943267
130765667092,Mecklenburg-Vorpommern,Ludwigslust-Parchim,Lüttow-Valluhn,19246,821,24.54,53.53056,10.888429
130765667142,Mecklenburg-Vorpommern,Ludwigslust-Parchim,Vellahn,19260,2706,106.69,53.401744,10.966499
130765667159,Mecklenburg-Vorpommern,Ludwigslust-Parchim,"Zarrentin am Schaalsee, Stadt",19246,5303,91.9,53.55292,10.91548
130765668005,Mecklenburg-Vorpommern,Ludwigslust-Parchim,Banzkow,19079,2610,52.59,53.523242,11.515283
130765668007,Mecklenburg-Vorpommern,Ludwigslust-Parchim,Barnin,19089,465,17.02,53.59356,11.695487
130765668023,Mecklenburg-Vorpommern,Ludwigslust-Parchim,Bülow,19089,328,23.85,53.59059,11.769151
130765668024,Mecklenburg-Vorpommern,Ludwigslust-Parchim,Cambs,19067,620,20.77,53.696104,11.527133
130765668025,Mecklenburg-Vorpommern,Ludwigslust-Parchim,"Crivitz, Stadt",19089,4566,75.85,53.57795,11.64833
130765668029,Mecklenburg-Vorpommern,Ludwigslust-Parchim,Demen,19089,1127,46.82,53.629942,11.765585
130765668033,Mecklenburg-Vorpommern,Ludwigslust-Parchim,Dobin am See,19067,2015,35.02,53.729836,11.503926
130765668038,Mecklenburg-Vorpommern,Ludwigslust-Parchim,Friedrichsruhe,19089,879,34.67,53.527215,11.754554
130765668044,Mecklenburg-Vorpommern,Ludwigslust-Parchim,Gneven,19065,339,10.41,53.636352,11.566038
130765668080,Mecklenburg-Vorpommern,Ludwigslust-Parchim,Langen Brütz,19067,475,15.43,53.65749,11.547842
130765668082,Mecklenburg-Vorpommern,Ludwigslust-Parchim,Leezen,19067,2055,26.53,53.66194,11.499718
130765668112,Mecklenburg-Vorpommern,Ludwigslust-Parchim,Pinnow,19065,1994,18.75,53.602581,11.547517
130765668113,Mecklenburg-Vorpommern,Ludwigslust-Parchim,Plate,19086,3255,22.13,53.551695,11.499726
130765668117,Mecklenburg-Vorpommern,Ludwigslust-Parchim,Raben Steinfeld,19065,1016,9.6,53.599561,11.504063
130765668133,Mecklenburg-Vorpommern,Ludwigslust-Parchim,Sukow,19079,1498,21.36,53.549363,11.557591
130765668140,Mecklenburg-Vorpommern,Ludwigslust-Parchim,Tramm,19089,830,42.08,53.521072,11.642541
130765668158,Mecklenburg-Vorpommern,Ludwigslust-Parchim,Zapel,19089,428,11.63,53.55257,11.666057
145110000000,Sachsen,"Chemnitz, Stadt","Chemnitz, Stadt",09111,247252,221.03,50.833593,12.921602
145210010010,Sachsen,Erzgebirgskreis,Amtsberg,09439,3573,23.27,50.747579,12.987465
145210020020,Sachsen,Erzgebirgskreis,"Annaberg-Buchholz, Stadt",09456,18882,28.15,50.580572,13.003162
145210035035,Sachsen,Erzgebirgskreis,"Aue-Bad Schlema, Stadt",08280,18968,36.43,50.585486,12.700986
145210110110,Sachsen,Erzgebirgskreis,"Breitenbrunn/Erzgeb., Hochschulort",08359,4684,60.0,50.474623,12.768669
145210130130,Sachsen,Erzgebirgskreis,Crottendorf,09474,3774,36.42,50.511355,12.936978
145210150150,Sachsen,Erzgebirgskreis,Drebach,09430,4788,32.86,50.674606,13.018927
145210160160,Sachsen,Erzgebirgskreis,"Ehrenfriedersdorf, Stadt",09427,4320,15.89,50.646799,12.969994
145210170170,Sachsen,Erzgebirgskreis,"Eibenstock, Stadt",08309,6701,112.24,50.493785,12.599287
145210200200,Sachsen,Erzgebirgskreis,Gelenau/Erzgeb.,09423,3954,21.1,50.711352,12.966024
145210240240,Sachsen,Erzgebirgskreis,Großolbersdorf,09432,2707,22.58,50.692693,13.087894
145210250250,Sachsen,Erzgebirgskreis,Großrückerswalde,09518,3121,26.65,50.63018,13.124789
145210260260,Sachsen,Erzgebirgskreis,"Grünhain-Beierfeld, Stadt",08344,5483,22.25,50.561375,12.787358
145210290290,Sachsen,Erzgebirgskreis,Hohndorf,09394,3300,5.25,50.746869,12.669884
145210310310,Sachsen,Erzgebirgskreis,Jahnsdorf/Erzgeb.,09387,5208,26.23,50.739907,12.848674
145210320320,Sachsen,Erzgebirgskreis,"Johanngeorgenstadt, Stadt",08349,3471,29.59,50.429487,12.721689
145210330330,Sachsen,Erzgebirgskreis,"Jöhstadt, Stadt",09477,2376,49.69,50.51431,13.08976
145210355355,Sachsen,Erzgebirgskreis,"Lauter-Bernsbach, Stadt",08315,8107,30.28,50.56018,12.736115
145210370370,Sachsen,Erzgebirgskreis,"Lößnitz, Stadt",08294,7445,30.49,50.622709,12.732369
145210390390,Sachsen,Erzgebirgskreis,"Marienberg, Stadt",09496,15948,133.49,50.651644,13.159828
145210400400,Sachsen,Erzgebirgskreis,Mildenau,09456,3292,31.67,50.59659,13.068688
145210410410,Sachsen,Erzgebirgskreis,Neukirchen/Erzgeb.,09221,6846,20.14,50.779498,12.866884
145210440440,Sachsen,Erzgebirgskreis,"Oberwiesenthal, Kurort, Stadt",09484,1907,40.04,50.419392,12.969165
145210450450,Sachsen,Erzgebirgskreis,"Oelsnitz/Erzgeb., Stadt",09376,10782,26.28,50.724284,12.706087
145210460460,Sachsen,Erzgebirgskreis,"Olbernhau, Stadt",09526,9800,125.35,50.659281,13.339236
145210495495,Sachsen,Erzgebirgskreis,"Pockau-Lengefeld, Stadt",09514,7197,83.42,50.720097,13.192592
145210500500,Sachsen,Erzgebirgskreis,Raschau-Markersbach,08352,4688,39.55,50.53085,12.830031
145210530530,Sachsen,Erzgebirgskreis,"Schneeberg, Stadt",08289,13372,23.35,50.594426,12.644409
145210540540,Sachsen,Erzgebirgskreis,Schönheide,08304,3964,28.15,50.502954,12.530147
145210550550,Sachsen,Erzgebirgskreis,"Schwarzenberg/Erzgeb., Stadt",08340,15158,46.31,50.537823,12.784811
145210560560,Sachsen,Erzgebirgskreis,Sehmatal,09465,5876,44.51,50.516535,12.993628
145210600600,Sachsen,Erzgebirgskreis,Stützengrün,08328,3015,28.29,50.533915,12.526673
145210620620,Sachsen,Erzgebirgskreis,"Thalheim/Erzgeb., Stadt",09380,5899,10.79,50.701048,12.849866
145210630630,Sachsen,Erzgebirgskreis,Thermalbad Wiesenbad,09488,3056,24.21,50.611884,13.019326
145210640640,Sachsen,Erzgebirgskreis,"Thum, Stadt",09419,4655,18.9,50.670506,12.951245
145210670670,Sachsen,Erzgebirgskreis,"Wolkenstein, Stadt",09429,3750,30.5,50.65634,13.067596
145215101060,Sachsen,Erzgebirgskreis,Bärenstein,09471,2134,5.47,50.497629,13.026565
145215101340,Sachsen,Erzgebirgskreis,Königswalde,09471,2037,19.51,50.546776,13.045934
145215103040,Sachsen,Erzgebirgskreis,Auerbach,09392,2264,8.28,50.685786,12.914707
145215103120,Sachsen,Erzgebirgskreis,Burkhardtsdorf,09235,5845,21.22,50.734171,12.929936
145215103230,Sachsen,Erzgebirgskreis,Gornsdorf,09390,1889,4.19,50.708997,12.885072
145215110210,Sachsen,Erzgebirgskreis,"Geyer, Stadt",09468,3239,18.56,50.623705,12.924195
145215110610,Sachsen,Erzgebirgskreis,Tannenberg,09468,1008,7.97,50.604862,12.950266
145215115380,Sachsen,Erzgebirgskreis,"Lugau/Erzgeb., Stadt",09385,7345,22.29,50.739952,12.746491
145215115430,Sachsen,Erzgebirgskreis,Niederwürschnitz,09399,2496,6.04,50.722415,12.755475
145215130510,Sachsen,Erzgebirgskreis,"Scheibenberg, Stadt",09481,1978,9.0,50.54137,12.912503
145215130520,Sachsen,Erzgebirgskreis,"Schlettau, Stadt",09487,2173,21.22,50.559371,12.952013
145215132140,Sachsen,Erzgebirgskreis,Deutschneudorf,09548,814,8.05,50.604595,13.463361
145215132280,Sachsen,Erzgebirgskreis,Heidersdorf,09526,732,9.51,50.675204,13.406375
145215132570,Sachsen,Erzgebirgskreis,"Seiffen/Erzgeb., Kurort",09548,1800,12.43,50.648339,13.452524
145215133420,Sachsen,Erzgebirgskreis,Niederdorf,09366,1254,13.06,50.726686,12.786017
145215133590,Sachsen,Erzgebirgskreis,"Stollberg/Erzgeb., Stadt",09366,11031,38.99,50.708319,12.779759
145215138220,Sachsen,Erzgebirgskreis,Gornau/Erzgeb.,09405,3659,19.78,50.760222,13.030181
145215138690,Sachsen,Erzgebirgskreis,"Zschopau, Stadt, Motorradstadt",09405,8692,22.78,50.747744,13.072274
145215139080,Sachsen,Erzgebirgskreis,Bockau,08324,2054,19.14,50.543067,12.685351
145215139700,Sachsen,Erzgebirgskreis,Zschorlau,08321,4965,21.92,50.569581,12.651278
145215140180,Sachsen,Erzgebirgskreis,"Elterlein, Stadt",09481,2614,45.74,50.576954,12.868758
145215140710,Sachsen,Erzgebirgskreis,"Zwönitz, Stadt",08297,11244,64.24,50.630002,12.811053
145215405090,Sachsen,Erzgebirgskreis,Börnichen/Erzgeb.,09437,947,15.46,50.7499,13.14174
145215405270,Sachsen,Erzgebirgskreis,Grünhainichen,09579,2993,28.72,50.766691,13.15194
145220020020,Sachsen,Mittelsachsen,"Augustusburg, Stadt",09573,4297,23.38,50.810614,13.10168
145220035035,Sachsen,Mittelsachsen,Bobritzsch-Hilbersdorf,09627,5651,55.12,50.898373,13.436285
145220050050,Sachsen,Mittelsachsen,"Brand-Erbisdorf, Stadt",09618,8695,46.33,50.869411,13.32197
145220070070,Sachsen,Mittelsachsen,Claußnitz,09236,2868,21.38,50.936675,12.881918
145220080080,Sachsen,Mittelsachsen,"Döbeln, Stadt",04720,23907,91.75,51.121669,13.121007
145220110110,Sachsen,Mittelsachsen,Eppendorf,09575,3740,33.88,50.799807,13.229082
145220120120,Sachsen,Mittelsachsen,Erlau,09306,3057,37.83,51.006513,12.931193
145220140140,Sachsen,Mittelsachsen,"Flöha, Stadt",09557,10218,27.76,50.858511,13.072994
145220150150,Sachsen,Mittelsachsen,"Frankenberg/Sa., Stadt, Garnisonsstadt",09669,13635,65.62,50.910034,13.030777
145220170170,Sachsen,Mittelsachsen,"Frauenstein, Stadt",09623,2667,58.98,50.801948,13.533996
145220180180,Sachsen,Mittelsachsen,"Freiberg, Stadt, Universitätsstadt",09599,41205,48.31,50.914868,13.344344
145220190190,Sachsen,Mittelsachsen,"Geringswalde, Stadt",09326,3994,30.05,51.076992,12.903355
145220200200,Sachsen,Mittelsachsen,Großhartmannsdorf,09618,2347,32.2,50.794271,13.318639
145220210210,Sachsen,Mittelsachsen,"Großschirma, Stadt",09603,5203,61.63,50.966191,13.276907
145220220220,Sachsen,Mittelsachsen,Großweitzschen,04720,2624,44.45,51.15772,13.045513
145220230230,Sachsen,Mittelsachsen,"Hainichen, Stadt",09661,8154,51.73,50.968719,13.12406
145220240240,Sachsen,Mittelsachsen,Halsbrücke,09633,4965,41.04,50.953666,13.350271
145220250250,Sachsen,Mittelsachsen,"Hartha, Stadt",04746,6402,54.4,51.097507,12.977781
145220260260,Sachsen,Mittelsachsen,Hartmannsdorf,09232,4452,10.27,50.886842,12.798823
145220275275,Sachsen,Mittelsachsen,Jahnatal,04749,4738,70.95,51.202502,13.159129
145220290290,Sachsen,Mittelsachsen,Königshain-Wiederau,09306,2481,31.03,50.973915,12.840299
145220300300,Sachsen,Mittelsachsen,Kriebstein,09648,1940,31.08,51.051083,13.0219
145220310310,Sachsen,Mittelsachsen,"Leisnig, Stadt",04703,7864,78.09,51.159434,12.926623
145220320320,Sachsen,Mittelsachsen,Leubsdorf,09573,3163,34.47,50.800384,13.167108
145220330330,Sachsen,Mittelsachsen,Lichtenau,09244,6854,49.15,50.904992,12.978552
145220350350,Sachsen,Mittelsachsen,"Lunzenau, Stadt",09328,3851,28.34,50.95988,12.754155
145220390390,Sachsen,Mittelsachsen,Mulda/Sa.,09619,2302,43.14,50.808848,13.407333
145220400400,Sachsen,Mittelsachsen,Neuhausen/Erzgeb.,09544,2418,48.11,50.673902,13.466383
145220420420,Sachsen,Mittelsachsen,Niederwiesa,09577,4693,16.39,50.865093,13.024548
145220430430,Sachsen,Mittelsachsen,Oberschöna,09600,3149,44.3,50.900838,13.250121
145220440440,Sachsen,Mittelsachsen,"Oederan, Stadt",09569,7490,77.33,50.861806,13.166415
145220460460,Sachsen,Mittelsachsen,"Penig, Stadt",09322,7970,63.36,50.933482,12.706022
145220470470,Sachsen,Mittelsachsen,Rechenberg-Bienenmühle,09623,1707,52.66,50.7367,13.555734
145220480480,Sachsen,Mittelsachsen,Reinsberg,09629,2773,49.71,51.01052,13.363415
145220500500,Sachsen,Mittelsachsen,Rossau,09661,3281,53.59,50.997263,13.047678
145220510510,Sachsen,Mittelsachsen,"Roßwein, Stadt",04741,7062,44.11,51.065071,13.183633
145220540540,Sachsen,Mittelsachsen,Striegistal,09661,4496,77.24,51.050402,13.18038
145220570570,Sachsen,Mittelsachsen,"Waldheim, Stadt",04736,8724,41.71,51.073265,13.017355
145220580580,Sachsen,Mittelsachsen,Wechselburg,09306,1702,25.65,51.004312,12.774976
145225102060,Sachsen,Mittelsachsen,"Burgstädt, Stadt",09217,10333,25.88,50.920143,12.805883
145225102380,Sachsen,Mittelsachsen,Mühlau,09241,2060,8.09,50.900744,12.759914
145225102550,Sachsen,Mittelsachsen,Taura,09249,2251,11.11,50.918303,12.840631
145225113340,Sachsen,Mittelsachsen,Lichtenberg/Erzgeb.,09638,2598,33.39,50.844685,13.406301
145225113590,Sachsen,Mittelsachsen,Weißenborn/Erzgeb.,09600,2385,22.57,50.871319,13.400964
145225119010,Sachsen,Mittelsachsen,Altmittweida,09648,1831,14.08,50.967479,12.956935
145225119360,Sachsen,Mittelsachsen,"Mittweida, Stadt, Hochschulstadt",09648,13730,41.26,50.986925,12.975993
145225126280,Sachsen,Mittelsachsen,Königsfeld,09306,1360,28.42,51.063053,12.755705
145225126490,Sachsen,Mittelsachsen,"Rochlitz, Stadt, Stadt des Roten Porphyr",09306,5467,23.76,51.045679,12.799334
145225126530,Sachsen,Mittelsachsen,Seelitz,09306,1591,31.22,51.031333,12.820314
145225126600,Sachsen,Mittelsachsen,Zettlitz,09306,639,15.68,51.073229,12.837831
145225129090,Sachsen,Mittelsachsen,Dorfchemnitz,09619,1411,29.58,50.763562,13.451219
145225129520,Sachsen,Mittelsachsen,"Sayda, Stadt",09619,1642,35.3,50.711291,13.423109
145230010010,Sachsen,Vogtlandkreis,"Adorf/Vogtl., Stadt",08626,4376,42.97,50.320622,12.256069
145230020020,Sachsen,Vogtlandkreis,"Auerbach/Vogtl., Stadt",08209,17061,55.52,50.508726,12.402307
145230030030,Sachsen,Vogtlandkreis,Bad Brambach,08648,1547,43.92,50.223255,12.312457
145230040040,Sachsen,Vogtlandkreis,"Bad Elster, Stadt",08645,3502,19.77,50.282643,12.238262
145230090090,Sachsen,Vogtlandkreis,Ellefeld,08236,2350,4.55,50.48394,12.391257
145230100100,Sachsen,Vogtlandkreis,"Elsterberg, Stadt",07985,3570,25.1,50.608182,12.169477
145230160160,Sachsen,Vogtlandkreis,"Klingenthal, Stadt",08248,7211,50.44,50.358646,12.469861
145230170170,Sachsen,Vogtlandkreis,"Lengenfeld, Stadt",08485,6786,47.0,50.569303,12.36572
145230200200,Sachsen,Vogtlandkreis,"Markneukirchen, Stadt",08258,6951,69.04,50.311884,12.328041
145230245245,Sachsen,Vogtlandkreis,"Muldenhammer, Erholungsort",08262,2778,56.07,50.43572,12.46299
145230280280,Sachsen,Vogtlandkreis,Neumark,08496,2844,17.31,50.657197,12.355396
145230310310,Sachsen,Vogtlandkreis,"Pausa-Mühltroff, Stadt",07952,4556,64.13,50.580559,11.997007
145230320320,Sachsen,Vogtlandkreis,"Plauen, Stadt, Hochschulstadt",08523,64893,102.11,50.496039,12.135285
145230330330,Sachsen,Vogtlandkreis,Pöhl,08543,2320,36.64,50.55903,12.175236
145230360360,Sachsen,Vogtlandkreis,"Rodewisch, Stadt",08228,6014,26.86,50.531885,12.403374
145230365365,Sachsen,Vogtlandkreis,Rosenbach/Vogtl.,08539,3918,67.34,50.546309,12.037253
145230380380,Sachsen,Vogtlandkreis,Steinberg,08237,2625,20.37,50.54012,12.504342
145230450450,Sachsen,Vogtlandkreis,Weischlitz,08538,5551,121.63,50.447551,12.057782
145235107120,Sachsen,Vogtlandkreis,"Falkenstein/Vogtl., Stadt",08223,7321,31.06,50.476123,12.370054
145235107130,Sachsen,Vogtlandkreis,Grünbach,08223,1616,27.55,50.444011,12.366068
145235107290,Sachsen,Vogtlandkreis,Neustadt/Vogtl.,08223,940,13.02,50.460414,12.332177
145235120190,Sachsen,Vogtlandkreis,Limbach,08491,1374,14.21,50.582859,12.251208
145235120260,Sachsen,Vogtlandkreis,"Netzschkau, Stadt",08491,3570,12.51,50.612902,12.248243
145235122060,Sachsen,Vogtlandkreis,Bösenbrunn,08606,1037,34.21,50.39717,12.100476
145235122080,Sachsen,Vogtlandkreis,Eichigt,08626,1081,32.73,50.349408,12.173805
145235122300,Sachsen,Vogtlandkreis,"Oelsnitz/Vogtl., Stadt",08606,9930,53.66,50.41589,12.17316
145235122440,Sachsen,Vogtlandkreis,Triebel/Vogtl.,08606,1114,43.09,50.371652,12.121778
145235125150,Sachsen,Vogtlandkreis,Heinsdorfergrund,08468,1903,21.86,50.620787,12.366175
145235125340,Sachsen,Vogtlandkreis,"Reichenbach im Vogtland, Stadt",08468,19510,34.47,50.621891,12.302996
145235131230,Sachsen,Vogtlandkreis,Mühlental,08626,1151,39.59,50.37198,12.266965
145235131370,Sachsen,Vogtlandkreis,"Schöneck/Vogtl., Stadt",08261,2850,55.02,50.39283,12.33053
145235134270,Sachsen,Vogtlandkreis,Neuensalz,08541,2007,33.49,50.505274,12.22396
145235134430,Sachsen,Vogtlandkreis,"Treuen, Stadt",08233,7512,43.74,50.54268,12.307471
145235402050,Sachsen,Vogtlandkreis,Bergen,08239,892,8.34,50.47149,12.27564
145235402410,Sachsen,Vogtlandkreis,Theuma,08541,945,9.94,50.471616,12.220922
145235402420,Sachsen,Vogtlandkreis,Tirpersdorf,08606,1323,19.57,50.434717,12.25539
145235402460,Sachsen,Vogtlandkreis,Werda,08223,1458,13.59,50.438303,12.304045
145240020020,Sachsen,Zwickau,Callenberg,09337,4594,39.86,50.845071,12.637568
145240060060,Sachsen,Zwickau,Fraureuth,08427,4969,22.6,50.703472,12.355719
145240070070,Sachsen,Zwickau,Gersdorf,09355,3649,9.69,50.757804,12.70763
145240080080,Sachsen,Zwickau,"Glauchau, Stadt, Hochschulstadt",08371,21341,51.62,50.817863,12.542352
145240090090,Sachsen,Zwickau,"Hartenstein, Stadt",08118,4403,36.7,50.661865,12.671366
145240120120,Sachsen,Zwickau,"Hohenstein-Ernstthal, Stadt",09337,13681,18.58,50.800879,12.713152
145240140140,Sachsen,Zwickau,Langenbernsdorf,08428,3336,36.37,50.754918,12.324565
145240150150,Sachsen,Zwickau,Langenweißbach,08134,2311,22.62,50.6286,12.584707
145240170170,Sachsen,Zwickau,Lichtentanne,08115,5846,27.33,50.692703,12.427018
145240200200,Sachsen,Zwickau,Mülsen,08132,10593,49.7,50.731455,12.581262
145240210210,Sachsen,Zwickau,Neukirchen/Pleiße,08459,3751,16.89,50.791537,12.381676
145240230230,Sachsen,Zwickau,"Oberlungwitz, Stadt",09353,5672,14.68,50.786972,12.722076
145240250250,Sachsen,Zwickau,Reinsdorf,08141,6962,21.25,50.69965,12.557309
145240300300,Sachsen,Zwickau,"Werdau, Stadt",08412,20209,65.62,50.736044,12.378671
145240310310,Sachsen,Zwickau,"Wildenfels, Stadt",08134,3388,20.68,50.668207,12.608959
145240320320,Sachsen,Zwickau,"Wilkau-Haßlau, Stadt",08112,9318,12.65,50.673643,12.515553
145240330330,Sachsen,Zwickau,"Zwickau, Stadt, Hochschulstadt",08056,86405,102.58,50.718556,12.495641
145245104030,Sachsen,Zwickau,"Crimmitschau, Stadt",08451,17820,61.14,50.81245,12.386924
145245104050,Sachsen,Zwickau,Dennheritz,08393,1247,13.37,50.815499,12.460898
145245111040,Sachsen,Zwickau,Crinitzberg,08147,1716,18.81,50.565361,12.528415
145245111100,Sachsen,Zwickau,Hartmannsdorf b. Kirchberg,08107,1316,27.17,50.595343,12.547335
145245111110,Sachsen,Zwickau,Hirschfeld,08144,1011,18.98,50.625377,12.459731
145245111130,Sachsen,Zwickau,"Kirchberg, Stadt",08107,7621,39.56,50.62301,12.525992
145245114180,Sachsen,Zwickau,"Limbach-Oberfrohna, Stadt",09212,23394,50.21,50.858593,12.767069
145245114220,Sachsen,Zwickau,Niederfrohna,09243,2136,10.13,50.897953,12.720221
145245118190,Sachsen,Zwickau,"Meerane, Stadt",08393,13708,19.81,50.849217,12.463982
145245118270,Sachsen,Zwickau,Schönberg,08393,845,15.43,50.8672,12.491538
145245128010,Sachsen,Zwickau,Bernsdorf,09337,2078,14.82,50.768683,12.663915
145245128160,Sachsen,Zwickau,"Lichtenstein/Sa., Stadt",09350,10773,15.47,50.756298,12.630844
145245128280,Sachsen,Zwickau,St. Egidien,09356,3025,21.26,50.7854,12.620489
145245135240,Sachsen,Zwickau,Oberwiera,08396,1023,14.33,50.892077,12.536763
145245135260,Sachsen,Zwickau,Remse,08373,1590,14.79,50.854562,12.567813
145245135290,Sachsen,Zwickau,"Waldenburg, Stadt",08396,3903,25.06,50.874527,12.602857
146120000000,Sachsen,"Dresden, Stadt","Dresden, Stadt",01067,562764,328.48,51.051697,13.736883
146250010010,Sachsen,Bautzen,Arnsdorf,01477,4982,35.86,51.097715,13.992798
146250020020,Sachsen,Bautzen,"Bautzen / Budyšin, Stadt, Hochschulstadt / Wysokošulske město",02625,37306,66.66,51.180868,14.427688
146250030030,Sachsen,Bautzen,"Bernsdorf, Stadt",02994,6191,59.86,51.376325,14.0695
146250060060,Sachsen,Bautzen,Burkau / Porchow,01906,2540,31.9,51.175556,14.17238
146250090090,Sachsen,Bautzen,Cunewalde,02733,4417,26.64,51.100694,14.518265
146250100100,Sachsen,Bautzen,Demitz-Thumitz,01877,2611,21.11,51.144952,14.247616
146250110110,Sachsen,Bautzen,Doberschau-Gaußig / Dobruša-Huska,02692,4164,40.48,51.147745,14.369178
146250120120,Sachsen,Bautzen,Elsterheide / Halštrowska Hola,02979,3241,127.61,51.466289,14.228082
146250130130,Sachsen,Bautzen,"Elstra / Halštrow, Stadt",01920,2657,32.63,51.222129,14.133453
146250150150,Sachsen,Bautzen,Göda / Hodźij,02633,2907,43.26,51.179523,14.319852
146250160160,Sachsen,Bautzen,Großdubrau / Wulka Dubrawa,02694,3978,54.22,51.255607,14.462673
146250200200,Sachsen,Bautzen,"Großröhrsdorf, Stadt",01900,9480,40.95,51.143211,14.024289
146250220220,Sachsen,Bautzen,Haselbachtal,01920,3809,37.5,51.238868,14.037895
146250230230,Sachsen,Bautzen,Hochkirch / Bukecy,02627,2161,41.76,51.148497,14.57016
146250240240,Sachsen,Bautzen,"Hoyerswerda / Wojerecy, Stadt",02977,30458,94.99,51.438944,14.244028
146250250250,Sachsen,Bautzen,"Kamenz / Kamjenc, Stadt",01917,16878,98.3,51.270734,14.098251
146250280280,Sachsen,Bautzen,Königswartha / Rakecy,02699,3305,47.17,51.310358,14.329125
146250290290,Sachsen,Bautzen,Kubschütz / Kubšicy,02627,2427,43.64,51.169556,14.505323
146250310310,Sachsen,Bautzen,"Lauta, Stadt",02991,7681,42.14,51.46142,14.098581
146250330330,Sachsen,Bautzen,Lohsa / Łaz,02999,4937,134.95,51.38387,14.403568
146250340340,Sachsen,Bautzen,Malschwitz / Malešecy,02694,4735,93.27,51.237793,14.520035
146250380380,Sachsen,Bautzen,Neukirch/Lausitz,01904,4714,21.3,51.099337,14.298664
146250420420,Sachsen,Bautzen,Oßling / Wóslink,01920,2187,43.71,51.359922,14.165935
146250430430,Sachsen,Bautzen,Ottendorf-Okrilla,01458,9880,25.93,51.187617,13.831724
146250480480,Sachsen,Bautzen,"Radeberg, Stadt",01454,18667,29.83,51.116404,13.921969
146250490490,Sachsen,Bautzen,Radibor / Radwor,02627,3060,62.0,51.244745,14.397601
146250525525,Sachsen,Bautzen,"Schirgiswalde-Kirschau, Stadt",02681,5754,24.34,51.092621,14.428566
146250530530,Sachsen,Bautzen,Schmölln-Putzkau,01877,2964,32.93,51.122415,14.234279
146250550550,Sachsen,Bautzen,Schwepnitz,01936,2381,56.03,51.330628,13.956211
146250560560,Sachsen,Bautzen,Sohland a. d. Spree,02689,6187,37.3,51.04397,14.427111
146250570570,Sachsen,Bautzen,Spreetal / Sprjewiny Doł,02979,1674,108.8,51.491032,14.371558
146250590590,Sachsen,Bautzen,Steinigtwolmsdorf,01904,2595,18.04,51.063242,14.346859
146250600600,Sachsen,Bautzen,Wachau,01454,4226,38.11,51.160116,13.904681
146250610610,Sachsen,Bautzen,"Weißenberg / Wóspork, Stadt",02627,3004,50.96,51.19694,14.659365
146250630630,Sachsen,Bautzen,"Wilthen, Stadt",02681,4596,17.04,51.097684,14.395526
146250640640,Sachsen,Bautzen,"Wittichenau / Kulow, Stadt",02997,5505,61.02,51.385325,14.243586
146255207040,Sachsen,Bautzen,"Bischofswerda, Stadt",01877,10519,46.21,51.127691,14.179644
146255207510,Sachsen,Bautzen,Rammenau,01877,1306,10.76,51.15399,14.135515
146255211140,Sachsen,Bautzen,Frankenthal,01909,898,9.42,51.131628,14.106568
146255211170,Sachsen,Bautzen,Großharthau,01909,2945,37.28,51.108564,14.106761
146255212190,Sachsen,Bautzen,Großpostwitz/O.L. / Budestecy,02692,2694,16.48,51.119209,14.440359
146255212390,Sachsen,Bautzen,Obergurig / Hornja Hórka,02692,2016,9.82,51.1308,14.405921
146255218270,Sachsen,Bautzen,"Königsbrück, Stadt",01936,4642,78.48,51.264594,13.904688
146255218300,Sachsen,Bautzen,Laußnitz,01936,1792,63.81,51.248215,13.87839
146255218370,Sachsen,Bautzen,Neukirch,01936,1585,39.47,51.282819,13.97842
146255223360,Sachsen,Bautzen,Neschwitz / Njeswačidło,02699,2323,46.01,51.270679,14.329203
146255223460,Sachsen,Bautzen,Puschwitz / Bóšicy,02699,776,11.79,51.250033,14.291743
146255231180,Sachsen,Bautzen,Großnaundorf,01936,885,14.99,51.204424,13.9418
146255231320,Sachsen,Bautzen,Lichtenberg,01896,1590,14.72,51.17647,13.96816
146255231410,Sachsen,Bautzen,Ohorn,01896,2433,11.99,51.175275,14.049991
146255231450,Sachsen,Bautzen,"Pulsnitz, Stadt",01896,7250,26.76,51.182285,14.014744
146255231580,Sachsen,Bautzen,Steina,01920,1646,12.51,51.20947,14.039214
146255501080,Sachsen,Bautzen,Crostwitz / Chrósćicy,01920,1034,13.33,51.238273,14.241766
146255501350,Sachsen,Bautzen,Nebelschütz / Njebjelčicy,01920,1149,22.93,51.263233,14.158044
146255501440,Sachsen,Bautzen,Panschwitz-Kuckau / Pančicy-Kukow,01920,2017,23.35,51.234217,14.197599
146255501470,Sachsen,Bautzen,Räckelwitz / Worklecy,01920,1126,11.51,51.256263,14.223127
146255501500,Sachsen,Bautzen,Ralbitz-Rosenthal / Ralbicy-Róžant,01920,1725,31.74,51.301103,14.248395
146260060060,Sachsen,Görlitz,Boxberg/O.L. / Hamor,02943,4186,217.67,51.404654,14.575506
146260085085,Sachsen,Görlitz,"Ebersbach-Neugersdorf, Stadt",02730,10749,20.45,51.009334,14.582746
146260110110,Sachsen,Görlitz,"Görlitz, Stadt, Hochschulstadt",02826,55065,67.52,51.155287,14.988035
146260180180,Sachsen,Görlitz,"Herrnhut, Stadt",02747,5654,74.13,51.015492,14.74397
146260245245,Sachsen,Görlitz,Kottmar,02739,6855,47.34,50.979222,14.667015
146260250250,Sachsen,Görlitz,Krauschwitz i.d. O.L. / Krušwica,02957,3130,106.83,51.516045,14.718151
146260280280,Sachsen,Görlitz,Leutersdorf,02794,3292,17.08,50.959429,14.651481
146260300300,Sachsen,Görlitz,Markersdorf,02829,3667,62.54,51.135912,14.879203
146260310310,Sachsen,Görlitz,Mittelherwigsdorf,02763,3462,36.45,50.917489,14.764425
146260370370,Sachsen,Görlitz,"Niesky, Stadt",02906,8870,53.81,51.293789,14.823061
146260390390,Sachsen,Görlitz,Oderwitz,02791,4540,35.91,50.949642,14.731983
146260420420,Sachsen,Görlitz,"Ostritz, Stadt",02899,2204,23.48,51.014115,14.93139
146260530530,Sachsen,Görlitz,"Seifhennersdorf, Stadt",02782,3516,19.12,50.933623,14.618954
146260610610,Sachsen,Görlitz,"Zittau, Stadt, Hochschulstadt",02763,24958,66.75,50.896384,14.806367
146265203010,Sachsen,Görlitz,"Bad Muskau / Mužakow, Stadt",02953,3508,15.38,51.545194,14.721746
146265203100,Sachsen,Görlitz,Gablenz / Jabłońc,02953,1526,14.74,51.535197,14.665674
146265206030,Sachsen,Görlitz,"Bernstadt a. d. Eigen, Stadt",02748,3083,51.99,51.047102,14.826935
146265206500,Sachsen,Görlitz,Schönau-Berzdorf a. d. Eigen,02899,1397,27.81,51.064801,14.891813
146265214140,Sachsen,Görlitz,Großschönau,02779,5081,23.82,50.896216,14.660908
146265214170,Sachsen,Görlitz,Hainewalde,02779,1501,12.96,50.907406,14.701736
146265220150,Sachsen,Görlitz,Großschweidnitz,02708,1225,7.47,51.06896,14.641025
146265220270,Sachsen,Görlitz,Lawalde,02708,1732,14.55,51.078,14.603009
146265220290,Sachsen,Görlitz,"Löbau, Stadt",02708,14469,78.9,51.096514,14.664402
146265220470,Sachsen,Görlitz,Rosenbach,02708,1484,23.56,51.078093,14.731271
146265224070,Sachsen,Görlitz,Dürrhennersdorf,02708,835,10.71,51.051327,14.607337
146265224350,Sachsen,Görlitz,"Neusalza-Spremberg, Stadt",02742,3031,22.91,51.037369,14.531654
146265224510,Sachsen,Görlitz,Schönbach,02708,995,9.1,51.060729,14.572336
146265227050,Sachsen,Görlitz,Bertsdorf-Hörnitz,02763,1978,18.0,50.880546,14.722028
146265227210,Sachsen,Görlitz,"Jonsdorf, Kurort",02796,1408,9.03,50.854179,14.698092
146265227400,Sachsen,Görlitz,Olbersdorf,02785,4155,15.16,50.869745,14.764046
146265227430,Sachsen,Görlitz,Oybin,02797,1271,18.28,50.841219,14.741702
146265228020,Sachsen,Görlitz,Beiersdorf,02736,1013,6.45,51.075898,14.541944
146265228410,Sachsen,Görlitz,Oppach,02736,2174,8.0,51.059244,14.501498
146265232240,Sachsen,Görlitz,Königshain,02829,1152,19.58,51.18179,14.874798
146265232450,Sachsen,Görlitz,"Reichenbach/O.L., Stadt",02894,4520,62.64,51.141076,14.799946
146265232570,Sachsen,Görlitz,Vierkirchen,02894,1592,35.41,51.18885,14.744264
146265233260,Sachsen,Görlitz,Kreba-Neudorf / Chrjebja-Nowa Wjes,02906,809,31.65,51.347784,14.684646
146265233460,Sachsen,Görlitz,Rietschen / Rěčicy,02956,2385,73.19,51.395819,14.785711
146265235160,Sachsen,Görlitz,Hähnichen,02923,1147,49.76,51.364625,14.863051
146265235480,Sachsen,Görlitz,"Rothenburg/O.L., Stadt, Hochschulstadt",02929,3953,72.41,51.33588,14.966788
146265237120,Sachsen,Görlitz,Groß Düben / Dźěwin,02959,1033,15.07,51.566559,14.567785
146265237490,Sachsen,Görlitz,Schleife / Slepo,02959,2503,41.99,51.544149,14.539279
146265237560,Sachsen,Görlitz,Trebendorf / Trjebin,02959,673,32.05,51.52671,14.56065
146265242590,Sachsen,Görlitz,Weißkeißel / Wuskidź,02957,1154,50.68,51.494719,14.718297
146265242600,Sachsen,Görlitz,"Weißwasser/O.L., Stadt / Běła Woda",02943,14887,63.43,51.50662,14.643284
146265502190,Sachsen,Görlitz,Hohendubrau / Wysoka Dubrawa,02906,1829,45.54,51.26465,14.645712
146265502320,Sachsen,Görlitz,Mücka / Mikow,02906,936,24.35,51.317135,14.701532
146265502440,Sachsen,Görlitz,Quitzdorf am See / Kwětanecy při jězoru,02906,1209,36.33,51.267035,14.728696
146265502580,Sachsen,Görlitz,Waldhufen,02906,2308,58.76,51.250784,14.810038
146265503200,Sachsen,Görlitz,Horka,02923,1542,41.02,51.301033,14.899639
146265503230,Sachsen,Görlitz,Kodersdorf,02923,2237,42.54,51.244251,14.888576
146265503330,Sachsen,Görlitz,Neißeaue,02829,1608,47.36,51.243849,14.9692
146265503520,Sachsen,Görlitz,Schöpstal,02829,2258,29.73,51.180897,14.935355
146270010010,Sachsen,Meißen,"Coswig, Stadt",01640,20479,25.86,51.126777,13.580494
146270020020,Sachsen,Meißen,Diera-Zehren,01665,3174,43.21,51.221385,13.417104
146270030030,Sachsen,Meißen,Ebersbach,01561,4282,84.38,51.233487,13.658579
146270050050,Sachsen,Meißen,"Gröditz, Stadt",01609,6587,28.94,51.412323,13.447811
146270060060,Sachsen,Meißen,"Großenhain, Stadt",01558,17974,130.36,51.292057,13.53055
146270070070,Sachsen,Meißen,Hirschstein,01594,1924,34.59,51.258137,13.31228
146270080080,Sachsen,Meißen,Käbschütztal,01665,2725,50.48,51.141218,13.412117
146270100100,Sachsen,Meißen,Klipphausen,01665,10245,111.67,51.075664,13.527862
146270130130,Sachsen,Meißen,"Lommatzsch, Stadt",01623,4672,66.62,51.196631,13.30862
146270140140,Sachsen,Meißen,"Meißen, Stadt",01662,28863,30.92,51.159993,13.468635
146270150150,Sachsen,Meißen,Moritzburg,01468,8171,46.49,51.159495,13.68009
146270170170,Sachsen,Meißen,Niederau,01689,4050,35.27,51.177449,13.543702
146270180180,Sachsen,Meißen,"Nossen, Stadt",01683,10370,122.74,51.058625,13.299465
146270200200,Sachsen,Meißen,Priestewitz,01561,3070,61.3,51.254253,13.508779
146270210210,Sachsen,Meißen,"Radebeul, Stadt",01445,33081,26.15,51.101437,13.677311
146270220220,Sachsen,Meißen,"Radeburg, Stadt",01471,7578,54.02,51.215453,13.723805
146270230230,Sachsen,Meißen,"Riesa, Stadt, Hochschulstadt",01589,29238,58.91,51.30251,13.304633
146270260260,Sachsen,Meißen,Stauchitz,01594,2931,32.47,51.243246,13.21419
146270270270,Sachsen,Meißen,"Strehla, Stadt",01616,3632,30.27,51.352691,13.225692
146270290290,Sachsen,Meißen,Thiendorf,01561,3793,74.48,51.293098,13.741189
146270310310,Sachsen,Meißen,Weinböhla,01689,10660,19.02,51.163186,13.571564
146270360360,Sachsen,Meißen,Zeithain,01619,5527,81.62,51.333236,13.338067
146275225040,Sachsen,Meißen,Glaubitz,01612,1942,14.0,51.324914,13.378093
146275225190,Sachsen,Meißen,Nünchritz,01612,5285,31.28,51.300936,13.383303
146275234240,Sachsen,Meißen,Röderaue,01609,2377,28.82,51.387538,13.471968
146275234340,Sachsen,Meißen,Wülknitz,01609,1550,27.91,51.369129,13.392856
146275238110,Sachsen,Meißen,Lampertswalde,01561,2476,63.65,51.31545,13.673713
146275238250,Sachsen,Meißen,Schönfeld,01561,1678,39.16,51.303408,13.707176
146280050050,Sachsen,Sächsische Schweiz-Osterzgebirge,Bannewitz,01728,11013,25.75,50.994696,13.722216
146280060060,Sachsen,Sächsische Schweiz-Osterzgebirge,"Dippoldiswalde, Stadt",01744,13880,103.99,50.896593,13.666852
146280100100,Sachsen,Sächsische Schweiz-Osterzgebirge,Dürrröhrsdorf-Dittersbach,01833,4226,43.51,51.029346,14.000685
146280110110,Sachsen,Sächsische Schweiz-Osterzgebirge,"Freital, Stadt",01705,39174,40.46,50.997194,13.64812
146280130130,Sachsen,Sächsische Schweiz-Osterzgebirge,"Glashütte, Stadt",01768,6304,95.64,50.851929,13.781215
146280160160,Sachsen,Sächsische Schweiz-Osterzgebirge,"Heidenau, Stadt",01809,16597,11.07,50.980894,13.863536
146280190190,Sachsen,Sächsische Schweiz-Osterzgebirge,"Hohnstein, Stadt",01848,3076,64.63,50.979682,14.110821
146280220220,Sachsen,Sächsische Schweiz-Osterzgebirge,Kreischa,01731,4587,28.92,50.945374,13.759963
146280260260,Sachsen,Sächsische Schweiz-Osterzgebirge,"Neustadt in Sachsen, Stadt",01844,11740,83.13,51.025462,14.214891
146280300300,Sachsen,Sächsische Schweiz-Osterzgebirge,"Rabenau, Stadt",01734,4331,30.73,50.965305,13.642121
146280360360,Sachsen,Sächsische Schweiz-Osterzgebirge,"Sebnitz, Stadt",01855,9356,88.23,50.972858,14.269264
146280380380,Sachsen,Sächsische Schweiz-Osterzgebirge,"Stolpen, Stadt",01833,5405,60.89,51.048559,14.078991
146280410410,Sachsen,Sächsische Schweiz-Osterzgebirge,"Wilsdruff, Stadt",01723,14525,81.6,51.052092,13.537465
146285201010,Sachsen,Sächsische Schweiz-Osterzgebirge,"Altenberg, Stadt",01773,7402,145.89,50.766607,13.757485
146285201170,Sachsen,Sächsische Schweiz-Osterzgebirge,Hermsdorf/Erzgeb.,01776,717,20.06,50.76075,13.630105
146285202020,Sachsen,Sächsische Schweiz-Osterzgebirge,"Bad Gottleuba-Berggießhübel, Stadt",01816,5315,88.72,50.851891,13.943289
146285202040,Sachsen,Sächsische Schweiz-Osterzgebirge,Bahretal,01819,2076,36.46,50.880306,13.907963
146285202230,Sachsen,Sächsische Schweiz-Osterzgebirge,"Liebstadt, Stadt",01825,1190,37.36,50.863515,13.856393
146285204030,Sachsen,Sächsische Schweiz-Osterzgebirge,"Bad Schandau, Stadt",01814,3259,46.78,50.917397,14.154659
146285204320,Sachsen,Sächsische Schweiz-Osterzgebirge,Rathmannsdorf,01814,869,4.37,50.929714,14.140818
146285204330,Sachsen,Sächsische Schweiz-Osterzgebirge,Reinhardtsdorf-Schöna,01814,1252,31.8,50.894631,14.188622
146285209080,Sachsen,Sächsische Schweiz-Osterzgebirge,"Dohna, Stadt",01809,6029,28.59,50.954489,13.858124
146285209250,Sachsen,Sächsische Schweiz-Osterzgebirge,Müglitztal,01809,1882,21.01,50.934367,13.862512
146285219140,Sachsen,Sächsische Schweiz-Osterzgebirge,Gohrisch,01824,1732,34.87,50.91015,14.108678
146285219210,Sachsen,Sächsische Schweiz-Osterzgebirge,"Königstein/Sächs. Schw., Stadt",01824,2082,27.05,50.917112,14.073736
146285219310,Sachsen,Sächsische Schweiz-Osterzgebirge,"Rathen, Kurort",01824,333,3.56,50.958174,14.081902
146285219340,Sachsen,Sächsische Schweiz-Osterzgebirge,Rosenthal-Bielatal,01824,1513,46.6,50.874802,14.046095
146285219390,Sachsen,Sächsische Schweiz-Osterzgebirge,Struppen,01796,2368,20.64,50.935414,14.009953
146285221240,Sachsen,Sächsische Schweiz-Osterzgebirge,Lohmen,01847,2987,25.9,50.989001,13.998567
146285221370,Sachsen,Sächsische Schweiz-Osterzgebirge,"Stadt Wehlen, Stadt",01829,1500,10.85,50.957282,14.033828
146285229070,Sachsen,Sächsische Schweiz-Osterzgebirge,Dohma,01796,1973,19.53,50.921987,13.926797
146285229270,Sachsen,Sächsische Schweiz-Osterzgebirge,"Pirna, Stadt",01796,40039,53.06,50.960723,13.938938
146285230150,Sachsen,Sächsische Schweiz-Osterzgebirge,Hartmannsdorf-Reichenau,01762,1030,28.36,50.793078,13.575004
146285230205,Sachsen,Sächsische Schweiz-Osterzgebirge,Klingenberg,01774,6569,86.75,50.918764,13.533263
146285240090,Sachsen,Sächsische Schweiz-Osterzgebirge,Dorfhain,01738,1039,6.25,50.935552,13.562036
146285240400,Sachsen,Sächsische Schweiz-Osterzgebirge,"Tharandt, Stadt",01737,5101,71.22,50.98597,13.580901
147130000000,Sachsen,"Leipzig, Stadt","Leipzig, Stadt",04109,615932,297.81,51.338288,12.377931
147290030030,Sachsen,Leipzig,Bennewitz,04828,5102,46.81,51.360574,12.710898
147290040040,Sachsen,Leipzig,"Böhlen, Stadt",04564,6796,25.27,51.202806,12.387241
147290050050,Sachsen,Leipzig,"Borna, Stadt",04552,20129,62.45,51.123285,12.49747
147290060060,Sachsen,Leipzig,Borsdorf,04451,8089,15.64,51.347926,12.538822
147290070070,Sachsen,Leipzig,"Brandis, Stadt",04821,9634,34.89,51.333915,12.609467
147290080080,Sachsen,Leipzig,"Colditz, Stadt",04680,8209,84.07,51.125652,12.80675
147290140140,Sachsen,Leipzig,"Frohburg, Stadt",04654,11975,145.29,51.057446,12.556473
147290150150,Sachsen,Leipzig,"Geithain, Stadt",04643,6774,54.71,51.05415,12.695256
147290160160,Sachsen,Leipzig,"Grimma, Stadt",04668,27554,218.23,51.235476,12.72714
147290170170,Sachsen,Leipzig,"Groitzsch, Stadt",04539,7352,70.17,51.154307,12.281022
147290190190,Sachsen,Leipzig,Großpösna,04463,5716,41.56,51.270633,12.502563
147290220220,Sachsen,Leipzig,"Kitzscher, Stadt",04567,5226,29.04,51.160292,12.554765
147290245245,Sachsen,Leipzig,Lossatal,04808,6013,111.17,51.397925,12.872916
147290250250,Sachsen,Leipzig,Machern,04827,6586,38.93,51.358963,12.628959
147290260260,Sachsen,Leipzig,"Markkleeberg, Stadt",04416,25354,31.47,51.280005,12.374495
147290270270,Sachsen,Leipzig,"Markranstädt, Stadt",04420,16069,58.46,51.301272,12.220204
147290320320,Sachsen,Leipzig,Neukieritzsch,04575,7119,57.09,51.152262,12.409059
147290360360,Sachsen,Leipzig,"Regis-Breitingen, Stadt",04565,3697,26.37,51.087869,12.434362
147290370370,Sachsen,Leipzig,"Rötha, Stadt",04571,6388,45.41,51.198128,12.414903
147290380380,Sachsen,Leipzig,Thallwitz,04808,3512,53.09,51.432758,12.681523
147290400400,Sachsen,Leipzig,"Trebsen/Mulde, Stadt",04687,3726,35.06,51.289139,12.754884
147290410410,Sachsen,Leipzig,"Wurzen, Stadt",04808,16159,69.0,51.369968,12.735166
147290430430,Sachsen,Leipzig,"Zwenkau, Stadt",04442,9452,46.29,51.217549,12.327259
147295301010,Sachsen,Leipzig,"Bad Lausick, Stadt",04651,8007,70.02,51.144619,12.640283
147295301330,Sachsen,Leipzig,Otterwisch,04668,1358,22.76,51.203122,12.609653
147295307020,Sachsen,Leipzig,Belgershain,04683,3455,22.8,51.23412,12.549364
147295307300,Sachsen,Leipzig,"Naunhof, Stadt",04683,8709,39.71,51.278107,12.587583
147295307340,Sachsen,Leipzig,Parthenstein,04668,3495,35.05,51.253449,12.639795
147295308100,Sachsen,Leipzig,Elstertrebnitz,04523,1315,11.66,51.147289,12.2391
147295308350,Sachsen,Leipzig,"Pegau, Stadt",04523,6546,48.78,51.166763,12.254324
147300020020,Sachsen,Nordsachsen,"Bad Düben, Stadt",04849,7717,45.8,51.592198,12.585782
147300045045,Sachsen,Nordsachsen,"Belgern-Schildau, Stadt",04874,7371,158.99,51.456594,12.927299
147300050050,Sachsen,Nordsachsen,Cavertitz,04758,2061,69.17,51.386506,13.127338
147300060060,Sachsen,Nordsachsen,"Dahlen, Stadt",04774,4051,71.87,51.366843,12.996492
147300070070,Sachsen,Nordsachsen,"Delitzsch, Stadt",04509,25750,85.92,51.52333,12.333551
147300080080,Sachsen,Nordsachsen,Doberschütz,04838,3985,77.77,51.499031,12.740395
147300110110,Sachsen,Nordsachsen,"Eilenburg, Stadt",04838,16507,46.85,51.459845,12.632788
147300160160,Sachsen,Nordsachsen,Laußig,04838,3521,103.44,51.546076,12.632266
147300170170,Sachsen,Nordsachsen,Liebschützberg,04758,2807,68.66,51.314586,13.184519
147300180180,Sachsen,Nordsachsen,Löbnitz,04509,2047,37.39,51.592229,12.463167
147300190190,Sachsen,Nordsachsen,Mockrehna,04862,4847,115.81,51.507858,12.815498
147300200200,Sachsen,Nordsachsen,"Mügeln, Stadt",04769,5474,55.08,51.236779,13.046003
147300210210,Sachsen,Nordsachsen,Naundorf,04769,2148,36.93,51.257096,13.106636
147300230230,Sachsen,Nordsachsen,"Oschatz, Stadt",04758,14136,55.44,51.297266,13.10932
147300250250,Sachsen,Nordsachsen,Rackwitz,04519,5474,35.85,51.435447,12.380413
147300270270,Sachsen,Nordsachsen,"Schkeuditz, Stadt",04435,19145,81.47,51.396211,12.221712
147300300300,Sachsen,Nordsachsen,"Taucha, Stadt",04425,15815,33.22,51.38173,12.501717
147300330330,Sachsen,Nordsachsen,Wermsdorf,04779,5074,104.62,51.283787,12.939444
147300340340,Sachsen,Nordsachsen,Wiedemar,04509,5569,95.54,51.465778,12.207248
147305302010,Sachsen,Nordsachsen,Arzberg,04886,1741,58.57,51.527348,13.124527
147305302030,Sachsen,Nordsachsen,Beilrode,04886,4153,93.28,51.569501,13.067067
147305303090,Sachsen,Nordsachsen,"Dommitzsch, Stadt",04880,2206,30.44,51.639733,12.883596
147305303120,Sachsen,Nordsachsen,Elsnig,04880,1313,36.91,51.61115,12.928442
147305303320,Sachsen,Nordsachsen,Trossin,04880,1159,79.68,51.618371,12.824604
147305306150,Sachsen,Nordsachsen,Krostitz,04509,4160,43.21,51.461574,12.453835
147305306280,Sachsen,Nordsachsen,Schönwölkau,04509,2614,49.41,51.496502,12.497265
147305311100,Sachsen,Nordsachsen,Dreiheide,04860,2039,33.62,51.563299,12.929244
147305311310,Sachsen,Nordsachsen,"Torgau, Stadt",04860,19855,102.82,51.558563,13.004299
147305601140,Sachsen,Nordsachsen,Jesewitz,04838,3050,52.44,51.422934,12.562548
147305601360,Sachsen,Nordsachsen,Zschepplin,04838,2850,68.36,51.501903,12.603693
150010000000,Sachsen-Anhalt,"Dessau-Roßlau, Stadt","Dessau-Roßlau, Stadt",06844,75035,245.78,51.834703,12.245715
150020000000,Sachsen-Anhalt,"Halle (Saale), Stadt","Halle (Saale), Stadt",06108,226186,135.56,51.482478,11.970666
150030000000,Sachsen-Anhalt,"Magdeburg, Landeshauptstadt","Magdeburg, Landeshauptstadt",39104,244494,201.68,52.126248,11.632726
150810030030,Sachsen-Anhalt,Altmarkkreis Salzwedel,"Arendsee (Altmark), Stadt",39619,6188,271.13,52.881825,11.489149
150810135135,Sachsen-Anhalt,Altmarkkreis Salzwedel,"Gardelegen, Hansestadt",39638,21661,636.27,52.524469,11.394214
150810240240,Sachsen-Anhalt,Altmarkkreis Salzwedel,"Kalbe (Milde), Stadt",39624,6922,273.63,52.656091,11.389156
150810280280,Sachsen-Anhalt,Altmarkkreis Salzwedel,"Klötze, Stadt",38486,9609,279.54,52.626213,11.161472
150810455455,Sachsen-Anhalt,Altmarkkreis Salzwedel,"Salzwedel, Hansestadt",29410,22924,306.15,52.852801,11.153862
150815051026,Sachsen-Anhalt,Altmarkkreis Salzwedel,"Apenburg-Winterfeld, Flecken",38486,1629,59.38,52.708386,11.203595
150815051045,Sachsen-Anhalt,Altmarkkreis Salzwedel,Beetzendorf,38489,2870,98.34,52.7,11.089028
150815051095,Sachsen-Anhalt,Altmarkkreis Salzwedel,Dähre,29413,1302,79.22,52.800712,10.908302
150815051105,Sachsen-Anhalt,Altmarkkreis Salzwedel,"Diesdorf, Flecken",29413,2078,101.04,52.752205,10.876032
150815051225,Sachsen-Anhalt,Altmarkkreis Salzwedel,Jübar,38489,1505,71.15,52.688922,10.907754
150815051290,Sachsen-Anhalt,Altmarkkreis Salzwedel,Kuhfelde,29416,1002,45.82,52.785222,11.114595
150815051440,Sachsen-Anhalt,Altmarkkreis Salzwedel,Rohrberg,38489,958,38.36,52.70737,11.039679
150815051545,Sachsen-Anhalt,Altmarkkreis Salzwedel,Wallstawe,29413,812,44.42,52.796637,11.019325
150820005005,Sachsen-Anhalt,Anhalt-Bitterfeld,"Aken (Elbe), Stadt",06385,7050,59.99,51.852549,12.043952
150820015015,Sachsen-Anhalt,Anhalt-Bitterfeld,"Bitterfeld-Wolfen, Stadt",06766,36186,87.23,51.625079,12.325417
150820180180,Sachsen-Anhalt,Anhalt-Bitterfeld,"Köthen (Anhalt), Stadt",06366,23831,77.85,51.751224,11.973406
150820241241,Sachsen-Anhalt,Anhalt-Bitterfeld,Muldestausee,06774,11435,138.36,51.624029,12.400587
150820256256,Sachsen-Anhalt,Anhalt-Bitterfeld,Osternienburger Land,06386,7880,139.39,51.792189,12.026166
150820301301,Sachsen-Anhalt,Anhalt-Bitterfeld,"Raguhn-Jeßnitz, Stadt",06779,8614,97.83,51.708263,12.268773
150820340340,Sachsen-Anhalt,Anhalt-Bitterfeld,"Sandersdorf-Brehna, Stadt",06792,14012,82.16,51.557318,12.212601
150820377377,Sachsen-Anhalt,Anhalt-Bitterfeld,"Südliches Anhalt, Stadt",06369,12778,193.42,51.672095,12.072808
150820430430,Sachsen-Anhalt,Anhalt-Bitterfeld,"Zerbst/Anhalt, Stadt",39261,20779,470.9,51.964039,12.085469
150820440440,Sachsen-Anhalt,Anhalt-Bitterfeld,"Zörbig, Stadt",06780,8787,114.3,51.628453,12.122807
150830040040,Sachsen-Anhalt,Börde,Barleben,39179,9170,29.81,52.199761,11.620091
150830270270,Sachsen-Anhalt,Börde,"Haldensleben, Stadt",39340,19170,157.13,52.291363,11.411083
150830298298,Sachsen-Anhalt,Börde,Hohe Börde,39167,18648,172.42,52.166272,11.483142
150830390390,Sachsen-Anhalt,Börde,Niedere Börde,39326,6635,78.37,52.23455,11.521853
150830411411,Sachsen-Anhalt,Börde,"Oebisfelde-Weferlingen, Stadt",39646,12883,249.96,52.435124,10.986962
150830415415,Sachsen-Anhalt,Börde,"Oschersleben (Bode), Stadt",39387,18855,189.86,52.026437,11.227157
150830490490,Sachsen-Anhalt,Börde,Sülzetal,39171,8566,104.29,52.040472,11.578621
150830531531,Sachsen-Anhalt,Börde,"Wanzleben-Börde, Stadt",39164,13641,188.45,52.06059,11.445166
150830565565,Sachsen-Anhalt,Börde,"Wolmirstedt, Stadt",39326,12390,54.38,52.250321,11.628077
150835051030,Sachsen-Anhalt,Börde,Angern,39326,1890,64.5,52.358478,11.734487
150835051120,Sachsen-Anhalt,Börde,Burgstall,39517,1440,116.83,52.407425,11.697357
150835051130,Sachsen-Anhalt,Börde,Colbitz,39326,3420,72.27,52.316878,11.609147
150835051361,Sachsen-Anhalt,Börde,Loitsche-Heinrichsberg,39326,917,30.99,52.296612,11.700751
150835051440,Sachsen-Anhalt,Börde,Rogätz,39326,2167,24.07,52.318008,11.767123
150835051557,Sachsen-Anhalt,Börde,Westheide,39345,1633,50.98,52.303615,11.460626
150835051580,Sachsen-Anhalt,Börde,Zielitz,39326,1936,11.43,52.290611,11.673148
150835052020,Sachsen-Anhalt,Börde,Altenhausen,39343,967,43.39,52.261877,11.253666
150835052060,Sachsen-Anhalt,Börde,Beendorf,39343,805,6.84,52.242316,11.085883
150835052115,Sachsen-Anhalt,Börde,Bülstringen,39345,870,25.4,52.320144,11.347652
150835052125,Sachsen-Anhalt,Börde,Calvörde,39359,3141,122.49,52.394996,11.293033
150835052205,Sachsen-Anhalt,Börde,Erxleben,39343,2659,84.02,52.219333,11.24209
150835052230,Sachsen-Anhalt,Börde,Flechtingen,39345,2646,73.55,52.332395,11.239472
150835052323,Sachsen-Anhalt,Börde,Ingersleben,39343,1251,31.64,52.21351,11.141725
150835053190,Sachsen-Anhalt,Börde,Eilsleben,39365,3509,55.93,52.148254,11.211168
150835053275,Sachsen-Anhalt,Börde,Harbke,39365,1713,18.97,52.189552,11.044778
150835053320,Sachsen-Anhalt,Börde,Hötensleben,39393,3329,61.03,52.118627,11.020955
150835053485,Sachsen-Anhalt,Börde,Sommersdorf,39365,1252,29.36,52.166282,11.07931
150835053505,Sachsen-Anhalt,Börde,Ummendorf,39365,929,15.7,52.156434,11.181566
150835053515,Sachsen-Anhalt,Börde,Völpke,39393,1067,17.28,52.139175,11.098464
150835053535,Sachsen-Anhalt,Börde,Wefensleben,39365,1632,12.74,52.185232,11.159868
150835054025,Sachsen-Anhalt,Börde,Am Großen Bruch,39393,1988,50.48,52.06203,11.087054
150835054035,Sachsen-Anhalt,Börde,Ausleben,39393,1553,33.51,52.089985,11.114198
150835054245,Sachsen-Anhalt,Börde,"Gröningen, Stadt",39397,3313,59.89,51.936468,11.219229
150835054355,Sachsen-Anhalt,Börde,"Kroppenstedt, Stadt",39397,1329,38.91,51.942154,11.308753
150840130130,Sachsen-Anhalt,Burgenlandkreis,Elsteraue,06729,7676,80.4,51.05897,12.181646
150840235235,Sachsen-Anhalt,Burgenlandkreis,"Hohenmölsen, Stadt",06679,9074,75.69,51.156346,12.099888
150840315315,Sachsen-Anhalt,Burgenlandkreis,"Lützen, Stadt",06686,8207,96.93,51.25541,12.141207
150840355355,Sachsen-Anhalt,Burgenlandkreis,"Naumburg (Saale), Stadt",06618,31617,130.25,51.152814,11.809386
150840490490,Sachsen-Anhalt,Burgenlandkreis,"Teuchern, Stadt",06682,7645,81.67,51.118406,12.022043
150840550550,Sachsen-Anhalt,Burgenlandkreis,"Weißenfels, Stadt",06667,37308,113.96,51.200338,11.966732
150840590590,Sachsen-Anhalt,Burgenlandkreis,"Zeitz, Stadt",06712,27934,87.73,51.050371,12.134473
150845051012,Sachsen-Anhalt,Burgenlandkreis,An der Poststraße,06647,1548,44.71,51.14347,11.478438
150845051015,Sachsen-Anhalt,Burgenlandkreis,"Bad Bibra, Stadt",06647,2498,49.93,51.207902,11.586191
150845051125,Sachsen-Anhalt,Burgenlandkreis,"Eckartsberga, Stadt",06648,2232,36.12,51.122573,11.561354
150845051132,Sachsen-Anhalt,Burgenlandkreis,Finne,06647,1137,25.09,51.222131,11.411109
150845051133,Sachsen-Anhalt,Burgenlandkreis,Finneland,06647,1009,29.6,51.215302,11.523513
150845051246,Sachsen-Anhalt,Burgenlandkreis,Kaiserpfalz,06642,1511,41.21,51.247883,11.460967
150845051282,Sachsen-Anhalt,Burgenlandkreis,Lanitz-Hassel-Tal,06628,1002,31.64,51.125757,11.637056
150845052115,Sachsen-Anhalt,Burgenlandkreis,Droyßig,06722,1830,20.42,51.041974,12.028336
150845052207,Sachsen-Anhalt,Burgenlandkreis,Gutenborn,06712,1707,34.03,51.007459,12.121581
150845052275,Sachsen-Anhalt,Burgenlandkreis,Kretzschau,06712,2279,27.91,51.054601,12.071959
150845052442,Sachsen-Anhalt,Burgenlandkreis,Schnaudertal,06712,863,20.78,50.97691,12.194753
150845052565,Sachsen-Anhalt,Burgenlandkreis,Wetterzeube,06722,1608,41.82,51.006688,12.013142
150845053025,Sachsen-Anhalt,Burgenlandkreis,Balgstädt,06632,1041,32.8,51.204907,11.732025
150845053135,Sachsen-Anhalt,Burgenlandkreis,"Freyburg (Unstrut), Stadt",06632,4399,46.69,51.214422,11.770002
150845053150,Sachsen-Anhalt,Burgenlandkreis,Gleina,06632,1128,30.01,51.257708,11.720892
150845053170,Sachsen-Anhalt,Burgenlandkreis,Goseck,06667,974,14.62,51.19643,11.870477
150845053250,Sachsen-Anhalt,Burgenlandkreis,Karsdorf,06638,1335,19.93,51.279783,11.652332
150845053285,Sachsen-Anhalt,Burgenlandkreis,"Laucha an der Unstrut, Stadt",06636,2624,31.28,51.223667,11.676223
150845053360,Sachsen-Anhalt,Burgenlandkreis,"Nebra (Unstrut), Stadt",06642,2956,25.45,51.288914,11.577753
150845054013,Sachsen-Anhalt,Burgenlandkreis,Meineweh,06721,960,25.36,51.076521,11.98731
150845054335,Sachsen-Anhalt,Burgenlandkreis,Mertendorf,06618,1534,32.58,51.118515,11.856874
150845054341,Sachsen-Anhalt,Burgenlandkreis,Molauer Land,06618,939,33.93,51.05726,11.778859
150845054375,Sachsen-Anhalt,Burgenlandkreis,"Osterfeld, Stadt",06721,2336,27.66,51.080735,11.932485
150845054445,Sachsen-Anhalt,Burgenlandkreis,Schönburg,06618,953,14.66,51.159915,11.868565
150845054470,Sachsen-Anhalt,Burgenlandkreis,"Stößen, Stadt",06667,865,7.33,51.113929,11.925392
150845054560,Sachsen-Anhalt,Burgenlandkreis,Wethau,06618,806,7.69,51.137983,11.857316
150850040040,Sachsen-Anhalt,Harz,"Ballenstedt, Stadt",06493,8346,87.3,51.72028,11.237514
150850055055,Sachsen-Anhalt,Harz,"Blankenburg (Harz), Stadt",38889,18765,149.21,51.791278,10.952601
150850110110,Sachsen-Anhalt,Harz,"Falkenstein/Harz, Stadt",06463,4899,104.11,51.732029,11.343918
150850135135,Sachsen-Anhalt,Harz,"Halberstadt, Stadt",38820,36615,143.27,51.896112,11.04731
150850145145,Sachsen-Anhalt,Harz,"Harzgerode, Stadt",06493,7185,165.02,51.64064,11.139179
150850185185,Sachsen-Anhalt,Harz,Huy,38838,6528,167.82,51.975885,10.980339
150850190190,Sachsen-Anhalt,Harz,"Ilsenburg (Harz), Stadt",38871,9455,63.08,51.865815,10.679796
150850227227,Sachsen-Anhalt,Harz,Nordharz,38871,7550,110.85,51.921309,10.757221
150850228228,Sachsen-Anhalt,Harz,"Oberharz am Brocken, Stadt",38875,9391,271.74,51.769516,10.803213
150850230230,Sachsen-Anhalt,Harz,"Osterwieck, Stadt",38835,10949,213.11,51.972545,10.706798
150850235235,Sachsen-Anhalt,Harz,"Quedlinburg, Welterbestadt",06484,23069,120.79,51.790437,11.137136
150850330330,Sachsen-Anhalt,Harz,"Thale, Stadt",06502,16591,137.94,51.751304,11.037792
150850370370,Sachsen-Anhalt,Harz,"Wernigerode, Stadt",38855,31835,170.5,51.834471,10.7843
150855051090,Sachsen-Anhalt,Harz,Ditfurt,06484,1336,23.88,51.829924,11.197705
150855051125,Sachsen-Anhalt,Harz,Groß Quenstedt,38822,823,15.64,51.929351,11.111712
150855051140,Sachsen-Anhalt,Harz,Harsleben / Harschlewe,38829,2112,27.92,51.869084,11.100333
150855051160,Sachsen-Anhalt,Harz,Hedersleben,06458,1228,16.6,51.858198,11.254384
150855051285,Sachsen-Anhalt,Harz,"Schwanebeck, Stadt",39397,2328,32.97,51.967391,11.120899
150855051287,Sachsen-Anhalt,Harz,Selke-Aue,06458,1236,36.78,51.840153,11.271652
150855051365,Sachsen-Anhalt,Harz,"Wegeleben, Stadt",38828,2333,51.87,51.884625,11.17357
150860005005,Sachsen-Anhalt,Jerichower Land,Biederitz,39175,8458,39.63,52.159249,11.716439
150860015015,Sachsen-Anhalt,Jerichower Land,"Burg, Stadt",39288,22838,165.54,52.269775,11.854736
150860035035,Sachsen-Anhalt,Jerichower Land,Elbe-Parey,39317,6300,109.47,52.37872,11.984559
150860040040,Sachsen-Anhalt,Jerichower Land,"Genthin, Stadt",39307,13392,232.71,52.405987,12.154669
150860055055,Sachsen-Anhalt,Jerichower Land,"Gommern, Stadt",39245,10049,161.36,52.073221,11.825518
150860080080,Sachsen-Anhalt,Jerichower Land,"Jerichow, Stadt",39319,6501,272.0,52.49836,12.024965
150860140140,Sachsen-Anhalt,Jerichower Land,"Möckern, Stadt",39291,12437,527.99,52.139752,11.952694
150860145145,Sachsen-Anhalt,Jerichower Land,Möser,39291,8381,80.89,52.21832,11.790495
150870015015,Sachsen-Anhalt,Mansfeld-Südharz,"Allstedt, Stadt",06542,7528,150.48,51.404566,11.385673
150870031031,Sachsen-Anhalt,Mansfeld-Südharz,"Arnstein, Stadt",06456,6046,122.33,51.696038,11.456885
150870130130,Sachsen-Anhalt,Mansfeld-Südharz,"Eisleben, Lutherstadt",06295,22225,144.74,51.527265,11.545175
150870165165,Sachsen-Anhalt,Mansfeld-Südharz,"Gerbstedt, Stadt",06347,6543,102.86,51.633084,11.625691
150870220220,Sachsen-Anhalt,Mansfeld-Südharz,"Hettstedt, Stadt",06333,12626,37.03,51.645013,11.51366
150870275275,Sachsen-Anhalt,Mansfeld-Südharz,"Mansfeld, Stadt",06343,7946,144.6,51.594112,11.45461
150870370370,Sachsen-Anhalt,Mansfeld-Südharz,"Sangerhausen, Stadt",06526,25163,208.46,51.473662,11.298597
150870386386,Sachsen-Anhalt,Mansfeld-Südharz,Seegebiet Mansfelder Land,06317,8429,108.73,51.460139,11.671313
150870412412,Sachsen-Anhalt,Mansfeld-Südharz,Südharz,06536,8734,237.58,51.463166,11.077138
150875051055,Sachsen-Anhalt,Mansfeld-Südharz,Berga,06536,1641,25.9,51.456642,11.007196
150875051101,Sachsen-Anhalt,Mansfeld-Südharz,Brücken-Hackpfüffel,06528,958,16.73,51.444205,11.199536
150875051125,Sachsen-Anhalt,Mansfeld-Südharz,Edersleben,06528,916,9.11,51.417553,11.291058
150875051250,Sachsen-Anhalt,Mansfeld-Südharz,"Kelbra (Kyffhäuser), Stadt",06537,3160,40.82,51.435698,11.041425
150875051440,Sachsen-Anhalt,Mansfeld-Südharz,Wallhausen,06528,2330,35.47,51.460899,11.207467
150875052010,Sachsen-Anhalt,Mansfeld-Südharz,Ahlsdorf,06313,1489,5.14,51.544089,11.470164
150875052045,Sachsen-Anhalt,Mansfeld-Südharz,Benndorf,06308,1891,5.77,51.571135,11.493373
150875052070,Sachsen-Anhalt,Mansfeld-Südharz,Blankenheim,06528,1118,14.83,51.505695,11.428946
150875052075,Sachsen-Anhalt,Mansfeld-Südharz,Bornstedt,06295,766,9.38,51.482251,11.482934
150875052205,Sachsen-Anhalt,Mansfeld-Südharz,Helbra,06311,3641,9.32,51.555953,11.492038
150875052210,Sachsen-Anhalt,Mansfeld-Südharz,Hergisdorf,06313,1383,9.6,51.537983,11.47889
150875052260,Sachsen-Anhalt,Mansfeld-Südharz,Klostermansfeld,06308,2042,8.84,51.583595,11.493705
150875052470,Sachsen-Anhalt,Mansfeld-Südharz,Wimmelburg,06313,1093,8.6,51.519232,11.510328
150880020020,Sachsen-Anhalt,Saalekreis,"Bad Dürrenberg, Solestadt",06231,11458,36.26,51.292022,12.068592
150880025025,Sachsen-Anhalt,Saalekreis,"Bad Lauchstädt, Goethestadt",06246,8894,85.57,51.387158,11.867012
150880065065,Sachsen-Anhalt,Saalekreis,"Braunsbedra, Stadt",06242,10234,74.64,51.283795,11.883678
150880150150,Sachsen-Anhalt,Saalekreis,Kabelsketal,06184,8895,51.18,51.428848,12.116478
150880195195,Sachsen-Anhalt,Saalekreis,"Landsberg, Stadt",06188,14684,125.99,51.525359,12.15883
150880205205,Sachsen-Anhalt,Saalekreis,"Leuna, Stadt",06237,14013,88.12,51.323779,12.024179
150880216216,Sachsen-Anhalt,Saalekreis,"Wettin-Löbejün, Stadt",06193,9447,127.66,51.637419,11.901719
150880220220,Sachsen-Anhalt,Saalekreis,"Merseburg, Stadt",06217,34491,53.87,51.3571,11.992794
150880235235,Sachsen-Anhalt,Saalekreis,"Mücheln (Geiseltal), Stadt",06249,8039,99.03,51.300764,11.807061
150880295295,Sachsen-Anhalt,Saalekreis,Petersberg,06193,9221,103.37,51.593677,11.949686
150880305305,Sachsen-Anhalt,Saalekreis,"Querfurt, Stadt",06268,9868,156.39,51.37863,11.597433
150880319319,Sachsen-Anhalt,Saalekreis,Salzatal,06198,11177,109.95,51.525992,11.823568
150880330330,Sachsen-Anhalt,Saalekreis,Schkopau,06258,10646,100.2,51.389674,11.985224
150880365365,Sachsen-Anhalt,Saalekreis,Teutschenthal,06179,13009,91.05,51.450216,11.808664
150885051030,Sachsen-Anhalt,Saalekreis,Barnstädt,06268,890,18.38,51.344942,11.643646
150885051100,Sachsen-Anhalt,Saalekreis,Farnstädt,06279,1418,27.22,51.425982,11.568642
150885051250,Sachsen-Anhalt,Saalekreis,Nemsdorf-Göhrendorf,06268,801,17.23,51.36285,11.659873
150885051265,Sachsen-Anhalt,Saalekreis,Obhausen,06268,2111,37.5,51.39138,11.65471
150885051340,Sachsen-Anhalt,Saalekreis,"Schraplau, Stadt",06279,1001,7.07,51.439277,11.666911
150885051355,Sachsen-Anhalt,Saalekreis,Steigra,06268,1030,29.77,51.29923,11.661257
150890015015,Sachsen-Anhalt,Salzlandkreis,"Aschersleben, Stadt",06449,25364,156.83,51.756034,11.455041
150890026026,Sachsen-Anhalt,Salzlandkreis,"Barby, Stadt",39249,7803,154.05,51.966471,11.880764
150890030030,Sachsen-Anhalt,Salzlandkreis,"Bernburg (Saale), Stadt",06406,30572,113.91,51.794389,11.737192
150890042042,Sachsen-Anhalt,Salzlandkreis,Bördeland,39221,7348,92.53,52.003309,11.637674
150890055055,Sachsen-Anhalt,Salzlandkreis,"Calbe (Saale), Stadt",39240,7933,57.25,51.902787,11.774788
150890175175,Sachsen-Anhalt,Salzlandkreis,"Hecklingen, Stadt",39444,6368,95.92,51.847482,11.533566
150890195195,Sachsen-Anhalt,Salzlandkreis,"Könnern, Stadt",06420,7804,125.78,51.670127,11.767742
150890235235,Sachsen-Anhalt,Salzlandkreis,"Nienburg (Saale), Stadt",06429,5607,79.57,51.836428,11.766344
150890305305,Sachsen-Anhalt,Salzlandkreis,"Schönebeck (Elbe), Stadt",39218,30250,86.52,52.02049,11.738061
150890307307,Sachsen-Anhalt,Salzlandkreis,"Seeland, Stadt",06469,7420,79.06,51.800127,11.333106
150890310310,Sachsen-Anhalt,Salzlandkreis,"Staßfurt, Salzstadt",39418,22900,147.18,51.850762,11.584398
150895051041,Sachsen-Anhalt,Salzlandkreis,Bördeaue,39435,1727,25.51,51.931964,11.512902
150895051043,Sachsen-Anhalt,Salzlandkreis,Börde-Hakel,39448,2847,38.93,51.961656,11.390763
150895051045,Sachsen-Anhalt,Salzlandkreis,Borne,39435,1152,15.4,51.949545,11.555993
150895051075,Sachsen-Anhalt,Salzlandkreis,"Egeln, Stadt",39435,3032,29.35,51.943167,11.431714
150895051365,Sachsen-Anhalt,Salzlandkreis,Wolmirsleben,39435,1388,16.85,51.947359,11.487354
150895052005,Sachsen-Anhalt,Salzlandkreis,"Alsleben (Saale), Stadt",06425,2518,23.72,51.700463,11.67745
150895052130,Sachsen-Anhalt,Salzlandkreis,Giersleben,06449,905,20.2,51.763973,11.562105
150895052165,Sachsen-Anhalt,Salzlandkreis,"Güsten, Stadt",39439,3744,36.23,51.794501,11.605461
150895052185,Sachsen-Anhalt,Salzlandkreis,Ilberstedt,06408,926,14.91,51.80105,11.670404
150895052245,Sachsen-Anhalt,Salzlandkreis,Plötzkau,06425,1165,23.91,51.74533,11.685753
150900070070,Sachsen-Anhalt,Stendal,"Bismark (Altmark), Stadt",39629,7569,290.7,52.661431,11.555013
150900225225,Sachsen-Anhalt,Stendal,"Havelberg, Hansestadt",39539,6174,150.11,52.824884,12.073338
150900415415,Sachsen-Anhalt,Stendal,"Osterburg (Altmark), Hansestadt",39606,9274,231.15,52.787899,11.753617
150900535535,Sachsen-Anhalt,Stendal,"Stendal, Hansestadt",39576,37750,269.24,52.605755,11.858833
150900546546,Sachsen-Anhalt,Stendal,"Tangerhütte, Stadt",39517,10000,297.08,52.434524,11.808341
150900550550,Sachsen-Anhalt,Stendal,"Tangermünde, Stadt",39590,10165,90.44,52.549088,11.973666
150905051010,Sachsen-Anhalt,Stendal,"Arneburg, Stadt",39596,1379,31.14,52.675249,12.002138
150905051135,Sachsen-Anhalt,Stendal,Eichstedt (Altmark),39596,834,33.09,52.680118,11.852323
150905051180,Sachsen-Anhalt,Stendal,Goldbeck,39596,1363,26.99,52.717293,11.862559
150905051220,Sachsen-Anhalt,Stendal,Hassel,39596,910,20.63,52.640158,11.92681
150905051245,Sachsen-Anhalt,Stendal,Hohenberg-Krusemark,39596,1121,63.96,52.722925,11.947319
150905051270,Sachsen-Anhalt,Stendal,Iden,39606,711,37.69,52.779812,11.910947
150905051435,Sachsen-Anhalt,Stendal,Rochau,39579,965,39.09,52.707241,11.74164
150905051610,Sachsen-Anhalt,Stendal,"Werben (Elbe), Hansestadt",39615,898,53.2,52.860907,11.982379
150905052285,Sachsen-Anhalt,Stendal,Kamern,39524,1150,68.26,52.748794,12.112871
150905052310,Sachsen-Anhalt,Stendal,Klietz,39524,1369,66.51,52.66738,12.068304
150905052445,Sachsen-Anhalt,Stendal,"Sandau (Elbe), Stadt",39524,806,18.55,52.789726,12.046326
150905052485,Sachsen-Anhalt,Stendal,Schollene,14715,1056,65.69,52.677054,12.217038
150905052500,Sachsen-Anhalt,Stendal,Schönhausen (Elbe),39524,2077,74.13,52.583138,12.037833
150905052631,Sachsen-Anhalt,Stendal,Wust-Fischbeck,39524,1141,68.45,52.54883,12.114724
150905053003,Sachsen-Anhalt,Stendal,Aland,39615,1304,92.84,52.923824,11.698147
150905053007,Sachsen-Anhalt,Stendal,Altmärkische Höhe,39606,1694,99.81,52.841586,11.630284
150905053008,Sachsen-Anhalt,Stendal,Altmärkische Wische,39615,827,67.43,52.857082,11.876835
150905053520,Sachsen-Anhalt,Stendal,"Seehausen (Altmark), Hansestadt",39615,4491,107.21,52.890369,11.75319
150905053635,Sachsen-Anhalt,Stendal,Zehrental,39615,775,72.8,52.934283,11.609055
150910010010,Sachsen-Anhalt,Wittenberg,"Annaburg, Stadt",06925,6189,226.59,51.731338,13.046683
150910020020,Sachsen-Anhalt,Wittenberg,"Bad Schmiedeberg, Stadt",06905,7852,161.23,51.683602,12.73142
150910060060,Sachsen-Anhalt,Wittenberg,"Coswig (Anhalt), Stadt",06869,11007,296.82,51.885582,12.457663
150910110110,Sachsen-Anhalt,Wittenberg,"Gräfenhainichen, Stadt",06773,10990,159.94,51.72918,12.455564
150910145145,Sachsen-Anhalt,Wittenberg,"Jessen (Elster), Stadt",06917,13538,353.93,51.790085,12.954825
150910160160,Sachsen-Anhalt,Wittenberg,"Kemberg, Stadt",06901,9089,237.09,51.772478,12.633727
150910241241,Sachsen-Anhalt,Wittenberg,"Oranienbaum-Wörlitz, Stadt",06785,7863,116.07,51.79801,12.404739
150910375375,Sachsen-Anhalt,Wittenberg,"Wittenberg, Lutherstadt",06886,44937,241.77,51.867003,12.645554
150910391391,Sachsen-Anhalt,Wittenberg,"Zahna-Elster, Stadt",06895,8910,149.34,51.829561,12.829442
160510000000,Thüringen,"Erfurt, Stadt","Erfurt, Stadt",99084,217159,269.91,50.977122,11.027236
160520000000,Thüringen,"Gera, Stadt","Gera, Stadt",07545,95162,152.18,50.876147,12.080429
160530000000,Thüringen,"Jena, Stadt","Jena, Stadt",07743,109353,114.77,50.93006,11.591842
160540000000,Thüringen,"Suhl, Stadt","Suhl, Stadt",98527,33976,141.62,50.609218,10.691867
160550000000,Thüringen,"Weimar, Stadt","Weimar, Stadt",99423,65566,84.47,50.980761,11.329741
160610045045,Thüringen,Eichsfeld,"Heilbad Heiligenstadt, Stadt",37308,18072,91.49,51.378474,10.137999
160610074074,Thüringen,Eichsfeld,Niederorschel,37355,5342,55.73,51.370172,10.424653
160610115115,Thüringen,Eichsfeld,"Leinefelde-Worbis, Stadt",37327,19812,115.79,51.387677,10.321641
160610116116,Thüringen,Eichsfeld,Am Ohmberg,37345,3513,31.57,51.476954,10.479179
160610117117,Thüringen,Eichsfeld,Sonnenstein,37345,4155,94.69,51.531758,10.420094
160610118118,Thüringen,Eichsfeld,"Dingelstädt, Stadt",37351,12107,118.64,51.315205,10.314844
160615001003,Thüringen,Eichsfeld,Berlingerode,37339,1224,11.74,51.458578,10.238458
160615001015,Thüringen,Eichsfeld,Brehme,37339,1062,5.3,51.492631,10.361156
160615001026,Thüringen,Eichsfeld,Ecklingerode,37339,699,8.12,51.503662,10.310221
160615001031,Thüringen,Eichsfeld,Ferna,37339,508,4.43,51.456644,10.309032
160615001094,Thüringen,Eichsfeld,Tastungen,37339,246,3.5,51.467902,10.31093
160615001103,Thüringen,Eichsfeld,Wehnde,37339,347,9.7,51.481212,10.313498
160615001114,Thüringen,Eichsfeld,Teistungen,37339,2462,26.15,51.470268,10.262924
160615006017,Thüringen,Eichsfeld,Breitenworbis,37339,3103,24.23,51.410272,10.426213
160615006019,Thüringen,Eichsfeld,Buhla,37339,441,8.74,51.440258,10.487571
160615006037,Thüringen,Eichsfeld,Gernrode,37339,1426,7.37,51.395049,10.400524
160615006044,Thüringen,Eichsfeld,Haynrode,37339,684,15.07,51.445261,10.443275
160615006058,Thüringen,Eichsfeld,Kirchworbis,37339,1274,5.45,51.41134,10.398331
160615008001,Thüringen,Eichsfeld,Arenshausen,37318,1026,5.79,51.377339,9.969598
160615008014,Thüringen,Eichsfeld,Bornhagen,37318,234,6.57,51.342586,9.942934
160615008021,Thüringen,Eichsfeld,Burgwalde,37318,227,4.96,51.38867,10.043847
160615008032,Thüringen,Eichsfeld,Freienhagen,37318,292,4.11,51.413928,10.054487
160615008033,Thüringen,Eichsfeld,Fretterode,37318,182,5.92,51.319011,10.00681
160615008036,Thüringen,Eichsfeld,Gerbershausen,37318,565,7.55,51.33692,9.9847
160615008048,Thüringen,Eichsfeld,Hohengandern,37318,547,6.84,51.374713,9.948252
160615008057,Thüringen,Eichsfeld,Kirchgandern,37318,590,4.39,51.385016,9.960293
160615008066,Thüringen,Eichsfeld,Lindewerra,37318,252,4.42,51.313435,9.948569
160615008069,Thüringen,Eichsfeld,Marth,37318,306,4.88,51.38313,10.003909
160615008078,Thüringen,Eichsfeld,Rohrberg,37318,228,3.57,51.410502,10.021544
160615008082,Thüringen,Eichsfeld,Rustenfelde,37318,514,6.15,51.394321,10.003443
160615008083,Thüringen,Eichsfeld,Schachtebich,37318,237,3.81,51.400806,10.049961
160615008102,Thüringen,Eichsfeld,Wahlhausen,37318,291,7.22,51.294906,9.977248
160615009012,Thüringen,Eichsfeld,Bodenrode-Westhausen,37308,1039,14.63,51.393262,10.192262
160615009034,Thüringen,Eichsfeld,Geisleden,37308,995,16.58,51.351586,10.196683
160615009047,Thüringen,Eichsfeld,Heuthen,37308,694,10.08,51.33269,10.220946
160615009076,Thüringen,Eichsfeld,Reinholterode,37308,736,8.73,51.422954,10.195173
160615009089,Thüringen,Eichsfeld,Steinbach,37308,527,8.46,51.417863,10.21702
160615009107,Thüringen,Eichsfeld,Wingerode,37327,1080,9.77,51.391694,10.237731
160615013018,Thüringen,Eichsfeld,Büttstedt,37359,835,7.52,51.260418,10.306661
160615013027,Thüringen,Eichsfeld,Effelder,37359,1180,10.94,51.239151,10.246509
160615013041,Thüringen,Eichsfeld,Großbartloff,37359,872,13.76,51.249648,10.21063
160615013063,Thüringen,Eichsfeld,Küllstedt,37359,1264,13.11,51.276661,10.27809
160615013101,Thüringen,Eichsfeld,Wachstedt,37359,451,17.47,51.293047,10.250934
160615014023,Thüringen,Eichsfeld,Dieterode,37318,74,2.78,51.297587,10.100882
160615014035,Thüringen,Eichsfeld,Geismar,37308,1021,19.44,51.231232,10.166646
160615014056,Thüringen,Eichsfeld,Kella,37308,473,5.06,51.229319,10.078401
160615014062,Thüringen,Eichsfeld,Krombach,37308,165,4.19,51.289997,10.134941
160615014075,Thüringen,Eichsfeld,Pfaffschwende,37308,285,4.02,51.248584,10.09692
160615014085,Thüringen,Eichsfeld,Schwobfeld,37318,107,2.52,51.287153,10.0937
160615014086,Thüringen,Eichsfeld,Sickerode,37308,135,2.0,51.25238,10.120944
160615014098,Thüringen,Eichsfeld,Volkerode,37308,239,6.86,51.257642,10.075992
160615014105,Thüringen,Eichsfeld,Wiesenfeld,37308,228,7.69,51.269338,10.106792
160615014113,Thüringen,Eichsfeld,Schimberg,37308,2112,29.33,51.257824,10.165593
160615051002,Thüringen,Eichsfeld,Asbach-Sickenberg,37318,102,9.91,51.280007,10.030568
160615051024,Thüringen,Eichsfeld,Dietzenrode/Vatterode,37318,124,5.78,51.308272,10.032989
160615051119,Thüringen,Eichsfeld,Uder,37318,6066,57.8,51.362719,10.074281
160620005005,Thüringen,Nordhausen,"Ellrich, Stadt",99755,5141,69.41,51.587555,10.665677
160620041041,Thüringen,Nordhausen,"Nordhausen, Stadt",99734,40301,108.24,51.500441,10.791619
160620049049,Thüringen,Nordhausen,Sollstedt,99759,2776,26.23,51.413705,10.536856
160620062062,Thüringen,Nordhausen,Hohenstein,99755,1991,61.09,51.556335,10.593938
160620063063,Thüringen,Nordhausen,Werther,99735,2942,61.8,51.492067,10.690773
160620065065,Thüringen,Nordhausen,Harztor,99768,7197,109.4,51.577129,10.786953
160625053008,Thüringen,Nordhausen,Görsbach,99765,944,7.9,51.462524,10.939387
160625053054,Thüringen,Nordhausen,Urbach,99765,868,26.53,51.480778,10.90058
160625053064,Thüringen,Nordhausen,"Heringen/Helme, Stadt",99765,4449,66.91,51.447014,10.875723
160625054009,Thüringen,Nordhausen,Großlohra,99759,821,18.45,51.416639,10.644544
160625054024,Thüringen,Nordhausen,Kehmstedt,99752,439,11.41,51.472501,10.609569
160625054026,Thüringen,Nordhausen,Kleinfurra,99735,950,18.61,51.412513,10.764227
160625054033,Thüringen,Nordhausen,Lipprechterode,99752,516,9.78,51.459242,10.556742
160625054037,Thüringen,Nordhausen,Niedergebra,99759,601,9.99,51.42309,10.600674
160625054066,Thüringen,Nordhausen,"Bleicherode, Stadt",99752,9759,108.17,51.440357,10.574512
160630004004,Thüringen,Wartburgkreis,Barchfeld-Immelborn,36456,4204,23.98,50.799712,10.298592
160630076076,Thüringen,Wartburgkreis,"Treffurt, Stadt",99830,5719,72.46,51.137051,10.230207
160630078078,Thüringen,Wartburgkreis,Unterbreizbach,36414,3180,30.03,50.817165,9.979598
160630082082,Thüringen,Wartburgkreis,"Vacha, Stadt",36404,4843,44.41,50.822993,10.023924
160630092092,Thüringen,Wartburgkreis,Wutha-Farnroda,99848,6232,36.61,50.95646,10.395295
160630097097,Thüringen,Wartburgkreis,Gerstungen,99834,8767,149.98,50.968063,10.075877
160630098098,Thüringen,Wartburgkreis,Hörselberg-Hainich,99820,5892,142.09,51.020247,10.508706
160630099099,Thüringen,Wartburgkreis,"Bad Liebenstein, Stadt",36448,7662,48.81,50.816027,10.348493
160630101101,Thüringen,Wartburgkreis,Krayenberggemeinde,36460,4574,31.63,50.837986,10.084545
160630103103,Thüringen,Wartburgkreis,"Werra-Suhl-Tal, Stadt",99837,5959,77.67,50.939304,10.068487
160630105105,Thüringen,Wartburgkreis,"Eisenach, Stadt",99817,40505,104.17,50.977287,10.322388
160635006006,Thüringen,Wartburgkreis,Berka v. d. Hainich,99826,684,14.96,51.043968,10.385777
160635006008,Thüringen,Wartburgkreis,Bischofroda,99826,594,10.05,51.057658,10.363591
160635006046,Thüringen,Wartburgkreis,Krauthausen,99819,1497,18.48,51.016799,10.270952
160635006049,Thüringen,Wartburgkreis,Lauterbach,99826,645,6.62,51.070717,10.350339
160635006058,Thüringen,Wartburgkreis,Nazza,99826,526,12.68,51.114666,10.337202
160635006104,Thüringen,Wartburgkreis,"Amt Creuzburg, Stadt",99831,4963,76.8,51.051684,10.242324
160635051003,Thüringen,Wartburgkreis,"Bad Salzungen, Stadt",36433,22234,152.02,50.810471,10.232333
160635051051,Thüringen,Wartburgkreis,Leimbach,36433,1717,8.63,50.815145,10.195013
160635056011,Thüringen,Wartburgkreis,Buttlar,36419,1118,21.31,50.755501,9.951776
160635056032,Thüringen,Wartburgkreis,"Geisa, Stadt",36419,4691,71.94,50.716792,9.949835
160635056033,Thüringen,Wartburgkreis,Gerstengrund,36419,68,4.61,50.701184,10.050555
160635056068,Thüringen,Wartburgkreis,Schleid,36419,1004,27.72,50.695362,9.952184
160635057066,Thüringen,Wartburgkreis,"Ruhla, Stadt",99842,4978,38.55,50.892673,10.365621
160635057071,Thüringen,Wartburgkreis,Seebach,99846,1729,3.62,50.91447,10.421502
160635059015,Thüringen,Wartburgkreis,Dermbach,36466,6829,91.96,50.716558,10.119924
160635059023,Thüringen,Wartburgkreis,Empfertshausen,36452,515,4.9,50.664091,10.098294
160635059062,Thüringen,Wartburgkreis,Oechsen,36404,573,12.53,50.745069,10.065576
160635059084,Thüringen,Wartburgkreis,Weilar,36457,766,14.32,50.761567,10.15542
160635059086,Thüringen,Wartburgkreis,Wiesenthal,36466,678,13.63,50.702214,10.169147
160640003003,Thüringen,Unstrut-Hainich-Kreis,"Bad Langensalza, Stadt",99947,16639,129.37,51.106785,10.649839
160640046046,Thüringen,Unstrut-Hainich-Kreis,"Mühlhausen/Thüringen, Stadt",99974,36155,151.03,51.209777,10.458418
160640071071,Thüringen,Unstrut-Hainich-Kreis,Unstruttal,99996,5922,100.66,51.235472,10.455912
160640074074,Thüringen,Unstrut-Hainich-Kreis,Südeichsfeld,99988,6350,64.0,51.164473,10.321027
160640076076,Thüringen,Unstrut-Hainich-Kreis,Unstrut-Hainich,99991,6306,117.09,51.146419,10.564286
160645001004,Thüringen,Unstrut-Hainich-Kreis,"Bad Tennstedt, Stadt",99955,2423,27.42,51.153642,10.838775
160645001005,Thüringen,Unstrut-Hainich-Kreis,Ballhausen,99955,828,14.79,51.155055,10.88678
160645001007,Thüringen,Unstrut-Hainich-Kreis,Blankenburg,99955,156,7.18,51.203901,10.748044
160645001009,Thüringen,Unstrut-Hainich-Kreis,Bruchstedt,99955,281,6.8,51.183733,10.786972
160645001021,Thüringen,Unstrut-Hainich-Kreis,Haussömmern,99955,199,6.48,51.191707,10.818833
160645001027,Thüringen,Unstrut-Hainich-Kreis,Hornsömmern,99955,141,4.32,51.212091,10.821713
160645001033,Thüringen,Unstrut-Hainich-Kreis,Kirchheilingen,99947,750,16.67,51.181918,10.709358
160645001038,Thüringen,Unstrut-Hainich-Kreis,Kutzleben,99955,589,18.45,51.194429,10.870633
160645001045,Thüringen,Unstrut-Hainich-Kreis,Mittelsömmern,99955,185,10.16,51.206329,10.813605
160645001061,Thüringen,Unstrut-Hainich-Kreis,Sundhausen,99947,363,8.1,51.156942,10.715298
160645001062,Thüringen,Unstrut-Hainich-Kreis,Tottleben,99947,136,5.07,51.164943,10.753213
160645001064,Thüringen,Unstrut-Hainich-Kreis,Urleben,99955,367,8.18,51.153186,10.771215
160645051019,Thüringen,Unstrut-Hainich-Kreis,Großvargula,99958,669,15.33,51.11802,10.785044
160645051022,Thüringen,Unstrut-Hainich-Kreis,Herbsleben,99955,2737,25.07,51.118059,10.838522
160645053032,Thüringen,Unstrut-Hainich-Kreis,Kammerforst,99986,770,16.93,51.121835,10.431127
160645053053,Thüringen,Unstrut-Hainich-Kreis,Oppershausen,99986,264,8.61,51.13978,10.447798
160645053075,Thüringen,Unstrut-Hainich-Kreis,Vogtei,99986,4095,49.57,51.165662,10.419525
160645055037,Thüringen,Unstrut-Hainich-Kreis,Körner,99998,1626,30.83,51.231476,10.587315
160645055043,Thüringen,Unstrut-Hainich-Kreis,Marolterode,99994,286,6.34,51.230695,10.679916
160645055077,Thüringen,Unstrut-Hainich-Kreis,"Nottertal-Heilinger Höhen, Stadt",99994,5316,75.96,51.246183,10.65856
160650003003,Thüringen,Kyffhäuserkreis,"Bad Frankenhausen/Kyffhäuser, Stadt",06567,9492,91.06,51.357318,11.100746
160650032032,Thüringen,Kyffhäuserkreis,Helbedündorf,99713,2106,96.37,51.341369,10.593341
160650067067,Thüringen,Kyffhäuserkreis,"Sondershausen, Stadt",99706,20590,201.21,51.368377,10.871992
160650085085,Thüringen,Kyffhäuserkreis,Kyffhäuserland,99707,3738,129.01,51.372774,11.006429
160650087087,Thüringen,Kyffhäuserkreis,"Roßleben-Wiehe, Stadt",06571,7052,73.08,51.29717,11.432894
160650089089,Thüringen,Kyffhäuserkreis,"Greußen, Stadt",99718,5439,86.82,51.228102,10.944013
160655002012,Thüringen,Kyffhäuserkreis,"Clingen, Stadt",99718,974,10.75,51.233955,10.931259
160655002048,Thüringen,Kyffhäuserkreis,Niederbösa,99718,126,4.63,51.276607,10.999851
160655002051,Thüringen,Kyffhäuserkreis,Oberbösa,99718,291,11.98,51.288583,11.016094
160655002074,Thüringen,Kyffhäuserkreis,Topfstedt,99718,517,10.78,51.247506,10.965178
160655002075,Thüringen,Kyffhäuserkreis,Trebra,99718,282,7.94,51.283107,10.976134
160655002077,Thüringen,Kyffhäuserkreis,Wasserthaleben,99718,354,8.49,51.259046,10.892934
160655002079,Thüringen,Kyffhäuserkreis,Westgreußen,99718,345,8.46,51.238938,10.916297
160655052001,Thüringen,Kyffhäuserkreis,Abtsbessingen,99713,460,14.09,51.259592,10.762472
160655052005,Thüringen,Kyffhäuserkreis,Bellstedt,99713,154,4.77,51.273175,10.787921
160655052014,Thüringen,Kyffhäuserkreis,"Ebeleben, Stadt",99713,2635,44.54,51.286972,10.739435
160655052018,Thüringen,Kyffhäuserkreis,Freienbessingen,99713,167,8.91,51.232835,10.773914
160655052038,Thüringen,Kyffhäuserkreis,Holzsußra,99713,265,9.93,51.293006,10.692642
160655052058,Thüringen,Kyffhäuserkreis,Rockstedt,99713,197,4.94,51.284626,10.760211
160655055008,Thüringen,Kyffhäuserkreis,Borxleben,06556,259,5.35,51.396425,11.228178
160655055019,Thüringen,Kyffhäuserkreis,Gehofen,06571,598,13.49,51.323722,11.317655
160655055042,Thüringen,Kyffhäuserkreis,Kalbsrieth,06556,570,11.97,51.342646,11.337353
160655055046,Thüringen,Kyffhäuserkreis,Mönchpfiffel-Nikolausrieth,06556,280,9.21,51.378693,11.372684
160655055056,Thüringen,Kyffhäuserkreis,Reinsdorf,06556,655,11.17,51.336824,11.274067
160655055086,Thüringen,Kyffhäuserkreis,"Artern, Stadt",06556,6340,45.05,51.366252,11.292898
160655056016,Thüringen,Kyffhäuserkreis,Etzleben,06577,261,6.15,51.262443,11.175971
160655056052,Thüringen,Kyffhäuserkreis,Oberheldrungen,06577,714,12.46,51.279086,11.245388
160655056088,Thüringen,Kyffhäuserkreis,"An der Schmücke, Stadt",06577,5774,95.29,51.299629,11.215397
160660023023,Thüringen,Schmalkalden-Meiningen,Floh-Seligenthal,98593,5513,68.71,50.754223,10.480412
160660047047,Thüringen,Schmalkalden-Meiningen,"Oberhof, Stadt",98559,1613,23.4,50.705822,10.724395
160660063063,Thüringen,Schmalkalden-Meiningen,"Schmalkalden, Stadt",98574,19141,105.38,50.722559,10.45159
160660069069,Thüringen,Schmalkalden-Meiningen,"Steinbach-Hallenberg, Stadt",98587,8994,76.73,50.699769,10.568215
160660074074,Thüringen,Schmalkalden-Meiningen,"Brotterode-Trusetal, Stadt",98596,5476,49.68,50.786201,10.40787
160660092092,Thüringen,Schmalkalden-Meiningen,"Zella-Mehlis, Stadt",98544,12032,52.99,50.663357,10.658023
160660093093,Thüringen,Schmalkalden-Meiningen,Rhönblick,98617,2568,78.72,50.562031,10.236161
160660094094,Thüringen,Schmalkalden-Meiningen,Grabfeld,98631,5375,121.07,50.453922,10.437103
160665005012,Thüringen,Schmalkalden-Meiningen,Birx,98634,166,2.77,50.529421,10.047106
160665005019,Thüringen,Schmalkalden-Meiningen,Erbenhausen,98634,503,20.7,50.575898,10.145807
160665005024,Thüringen,Schmalkalden-Meiningen,Frankenheim/Rhön,98634,1001,9.16,50.544346,10.066072
160665005052,Thüringen,Schmalkalden-Meiningen,Oberweid,98634,473,10.25,50.590544,10.063674
160665005095,Thüringen,Schmalkalden-Meiningen,"Kaltennordheim, Stadt",36452,5493,94.41,50.626676,10.156215
160665013025,Thüringen,Schmalkalden-Meiningen,Friedelshausen,98634,258,6.9,50.657922,10.237248
160665013041,Thüringen,Schmalkalden-Meiningen,Mehmels,98634,341,6.45,50.633385,10.334252
160665013064,Thüringen,Schmalkalden-Meiningen,Schwallungen,98590,2147,39.83,50.69225,10.356211
160665013086,Thüringen,Schmalkalden-Meiningen,"Wasungen, Stadt",98634,5258,89.08,50.663562,10.368658
160665014005,Thüringen,Schmalkalden-Meiningen,Belrieth,98617,317,9.93,50.527206,10.495864
160665014015,Thüringen,Schmalkalden-Meiningen,Christes,98547,513,15.53,50.66081,10.479588
160665014016,Thüringen,Schmalkalden-Meiningen,Dillstädt,98530,699,13.97,50.584056,10.53591
160665014017,Thüringen,Schmalkalden-Meiningen,Einhausen,98617,410,5.33,50.529737,10.461929
160665014018,Thüringen,Schmalkalden-Meiningen,Ellingshausen,98617,216,6.77,50.546467,10.471476
160665014038,Thüringen,Schmalkalden-Meiningen,Kühndorf,98547,837,26.04,50.60779,10.490681
160665014039,Thüringen,Schmalkalden-Meiningen,Leutersdorf,98617,214,8.39,50.519282,10.559471
160665014045,Thüringen,Schmalkalden-Meiningen,Neubrunn,98617,511,9.22,50.498995,10.469248
160665014049,Thüringen,Schmalkalden-Meiningen,Obermaßfeld-Grimmenthal,98617,1191,5.59,50.529849,10.44002
160665014057,Thüringen,Schmalkalden-Meiningen,Ritschenhausen,98617,318,7.47,50.509165,10.433219
160665014058,Thüringen,Schmalkalden-Meiningen,Rohr,98530,905,13.96,50.57672,10.498474
160665014065,Thüringen,Schmalkalden-Meiningen,Schwarza,98547,1088,13.51,50.619517,10.531949
160665014079,Thüringen,Schmalkalden-Meiningen,Utendorf,98617,417,8.09,50.608034,10.439723
160665014081,Thüringen,Schmalkalden-Meiningen,Vachdorf,98617,732,15.89,50.525959,10.534369
160665050042,Thüringen,Schmalkalden-Meiningen,"Meiningen, Stadt",98617,24810,123.03,50.573947,10.415674
160665050056,Thüringen,Schmalkalden-Meiningen,Rippershausen,98639,762,11.49,50.605071,10.348448
160665050076,Thüringen,Schmalkalden-Meiningen,Untermaßfeld,98617,1243,10.79,50.53108,10.414949
160665051013,Thüringen,Schmalkalden-Meiningen,Breitungen/Werra,98597,4334,44.87,50.757018,10.330302
160665051022,Thüringen,Schmalkalden-Meiningen,Fambach,98597,1833,18.33,50.738015,10.367496
160665051059,Thüringen,Schmalkalden-Meiningen,Rosa,98590,665,9.47,50.711522,10.250238
160665051061,Thüringen,Schmalkalden-Meiningen,Roßdorf,98590,560,17.27,50.702535,10.215447
160670019019,Thüringen,Gotha,"Friedrichroda, Stadt",99894,7271,36.87,50.860102,10.573924
160670029029,Thüringen,Gotha,"Gotha, Stadt",99867,45904,69.58,50.948759,10.70337
160670064064,Thüringen,Gotha,Bad Tabarz,99891,3866,21.12,50.876113,10.516205
160670065065,Thüringen,Gotha,"Tambach-Dietharz/Thür. Wald, Stadt",99897,4353,41.64,50.792126,10.608225
160670072072,Thüringen,Gotha,"Waltershausen, Stadt",99880,12800,60.62,50.900529,10.559244
160670087087,Thüringen,Gotha,Nesse-Apfelstädt,99192,5998,39.58,50.912628,10.913588
160670088088,Thüringen,Gotha,Hörsel,99880,4552,70.44,50.919889,10.585193
160675007004,Thüringen,Gotha,Bienstädt,99100,670,8.16,51.016531,10.847944
160675007016,Thüringen,Gotha,Eschenbergen,99869,705,12.68,51.02693,10.758794
160675007022,Thüringen,Gotha,Friemar,99869,989,9.38,50.979661,10.788019
160675007047,Thüringen,Gotha,Molschleben,99869,990,15.24,51.005319,10.780123
160675007052,Thüringen,Gotha,Nottleben,99192,423,8.57,50.965687,10.844599
160675007055,Thüringen,Gotha,Pferdingsleben,99869,363,6.6,50.970164,10.817201
160675007068,Thüringen,Gotha,Tröchtelborn,99869,293,5.68,50.992543,10.816951
160675007071,Thüringen,Gotha,Tüttleben,99869,775,7.26,50.945881,10.785645
160675007082,Thüringen,Gotha,Zimmernsupra,99100,339,7.45,50.990189,10.867391
160675012009,Thüringen,Gotha,Dachwig,99100,1639,12.71,51.07747,10.855827
160675012011,Thüringen,Gotha,Döllstädt,99100,1045,13.34,51.081961,10.816025
160675012026,Thüringen,Gotha,Gierstädt,99100,816,10.6,51.043617,10.827866
160675012033,Thüringen,Gotha,Großfahner,99100,838,11.45,51.055901,10.827053
160675012067,Thüringen,Gotha,Tonna,99958,2721,30.5,51.091229,10.731485
160675050044,Thüringen,Gotha,Luisenthal,99885,1098,30.58,50.780014,10.722582
160675050053,Thüringen,Gotha,"Ohrdruf, Stadt",99885,9903,113.6,50.827454,10.734042
160675052059,Thüringen,Gotha,Schwabhausen,99869,778,9.36,50.888244,10.727987
160675052089,Thüringen,Gotha,Drei Gleichen,99869,7796,84.89,50.897321,10.849649
160675053063,Thüringen,Gotha,Sonneborn,99869,1230,16.47,50.992319,10.58792
160675053091,Thüringen,Gotha,Nessetal,99869,7891,91.54,50.99227,10.65936
160675054013,Thüringen,Gotha,Emleben,99869,669,10.99,50.892858,10.694229
160675054092,Thüringen,Gotha,Georgenthal,99887,7745,79.17,50.830795,10.65906
160680034034,Thüringen,Sömmerda,"Kölleda, Stadt",99625,6292,89.55,51.18884,11.249169
160680051051,Thüringen,Sömmerda,"Sömmerda, Stadt",99610,18465,87.56,51.159368,11.118975
160680058058,Thüringen,Sömmerda,"Weißensee, Stadt",99631,3514,55.33,51.195862,11.067924
160680063063,Thüringen,Sömmerda,Buttstädt,99628,6430,104.79,51.122402,11.419701
160685002002,Thüringen,Sömmerda,Andisleben,99189,592,6.82,51.082589,10.926862
160685002014,Thüringen,Sömmerda,"Gebesee, Stadt",99189,2159,24.08,51.11553,10.930052
160685002045,Thüringen,Sömmerda,Ringleben,99189,468,6.56,51.104478,10.953632
160685002057,Thüringen,Sömmerda,Walschleben,99189,1770,16.87,51.064202,10.935546
160685005005,Thüringen,Sömmerda,Büchel,99638,221,6.58,51.247609,11.154924
160685005015,Thüringen,Sömmerda,Griefstedt,99638,230,5.09,51.229687,11.130524
160685005022,Thüringen,Sömmerda,Günstedt,99631,676,12.63,51.222335,11.080345
160685005064,Thüringen,Sömmerda,Kindelbrück,99638,3745,64.65,51.259715,11.089721
160685006019,Thüringen,Sömmerda,Großneuhausen,99625,654,11.9,51.159123,11.286208
160685006033,Thüringen,Sömmerda,Kleinneuhausen,99625,425,8.49,51.15224,11.284952
160685006041,Thüringen,Sömmerda,Ostramondra,99636,442,18.43,51.198795,11.328576
160685006042,Thüringen,Sömmerda,"Rastenberg, Stadt",99636,2346,35.52,51.175824,11.41929
160685009013,Thüringen,Sömmerda,Gangloffsömmern,99634,911,14.62,51.19004,10.942803
160685009025,Thüringen,Sömmerda,Haßleben,99189,930,14.36,51.107938,10.993689
160685009044,Thüringen,Sömmerda,Riethnordhausen,99195,969,12.41,51.085988,11.002108
160685009049,Thüringen,Sömmerda,Schwerstedt,99634,524,12.64,51.157648,10.921088
160685009053,Thüringen,Sömmerda,Straußfurt,99634,1921,21.84,51.162489,10.990218
160685009059,Thüringen,Sömmerda,Werningshausen,99634,635,12.8,51.139395,11.000314
160685009062,Thüringen,Sömmerda,Wundersleben,99610,608,6.96,51.154855,11.037484
160685012001,Thüringen,Sömmerda,Alperstedt,99195,739,8.93,51.093519,11.046054
160685012007,Thüringen,Sömmerda,Eckstedt,99195,575,6.57,51.071374,11.145003
160685012017,Thüringen,Sömmerda,Großmölsen,99198,225,5.01,51.026425,11.142255
160685012021,Thüringen,Sömmerda,Großrudestedt,99195,1818,23.9,51.093278,11.098991
160685012032,Thüringen,Sömmerda,Kleinmölsen,99198,297,4.33,51.026059,11.12754
160685012036,Thüringen,Sömmerda,Markvippach,99195,534,9.13,51.078718,11.176747
160685012037,Thüringen,Sömmerda,Nöda,99195,773,6.44,51.069675,11.018247
160685012039,Thüringen,Sömmerda,Ollendorf,99198,427,9.16,51.036301,11.184709
160685012048,Thüringen,Sömmerda,Schloßvippach,99195,1291,21.03,51.106507,11.141288
160685012052,Thüringen,Sömmerda,Sprötau,99610,845,8.01,51.125004,11.202259
160685012055,Thüringen,Sömmerda,Udestedt,99198,747,16.32,51.049374,11.128739
160685012056,Thüringen,Sömmerda,Vogelsberg,99610,660,12.84,51.133758,11.24267
160685050009,Thüringen,Sömmerda,Elxleben,99189,2206,12.21,51.04457,10.948265
160685050061,Thüringen,Sömmerda,Witterda,99189,1042,12.52,51.034941,10.890092
160690012012,Thüringen,Hildburghausen,"Eisfeld, Stadt",98673,7139,86.52,50.427398,10.907349
160690024024,Thüringen,Hildburghausen,"Hildburghausen, Stadt",98646,11495,72.9,50.425612,10.729007
160690042042,Thüringen,Hildburghausen,Schleusegrund,98667,2500,58.99,50.520715,10.875128
160690043043,Thüringen,Hildburghausen,"Schleusingen, Stadt",98553,10071,125.59,50.509068,10.749262
160690053053,Thüringen,Hildburghausen,Veilsdorf,98669,2610,30.9,50.407716,10.809504
160690061061,Thüringen,Hildburghausen,Masserberg,98666,1992,36.07,50.520034,10.969358
160690062062,Thüringen,Hildburghausen,"Römhild, Stadt",98630,6253,122.45,50.396867,10.538723
160695002001,Thüringen,Hildburghausen,Ahlstädt,98553,125,2.34,50.527757,10.686759
160695002003,Thüringen,Hildburghausen,Beinerstadt,98660,281,6.71,50.472586,10.596773
160695002004,Thüringen,Hildburghausen,Bischofrod,98553,154,5.47,50.537511,10.662614
160695002008,Thüringen,Hildburghausen,Dingsleben,98646,232,8.44,50.434158,10.596074
160695002009,Thüringen,Hildburghausen,Ehrenberg,98660,182,2.08,50.481686,10.658613
160695002011,Thüringen,Hildburghausen,Eichenberg,98553,156,4.5,50.544822,10.659081
160695002016,Thüringen,Hildburghausen,Grimmelshausen,98660,161,4.21,50.480292,10.637541
160695002017,Thüringen,Hildburghausen,Grub,98530,150,4.49,50.55038,10.632762
160695002021,Thüringen,Hildburghausen,Henfstädt,98660,311,8.13,50.515389,10.589037
160695002025,Thüringen,Hildburghausen,Kloster Veßra,98660,256,19.78,50.492027,10.643076
160695002026,Thüringen,Hildburghausen,Lengfeld,98660,362,6.64,50.524477,10.653225
160695002028,Thüringen,Hildburghausen,Marisfeld,98530,396,11.51,50.555509,10.570774
160695002035,Thüringen,Hildburghausen,Oberstadt,98530,311,13.4,50.555193,10.596859
160695002037,Thüringen,Hildburghausen,Reurieth,98646,737,16.2,50.453435,10.652607
160695002044,Thüringen,Hildburghausen,Schmeheim,98530,240,4.73,50.572759,10.58158
160695002047,Thüringen,Hildburghausen,St.Bernhard,98660,230,7.36,50.460943,10.596848
160695002051,Thüringen,Hildburghausen,"Themar, Stadt",98660,2623,20.18,50.504554,10.617339
160695004041,Thüringen,Hildburghausen,Schlechtsart,98663,137,4.57,50.328646,10.622424
160695004046,Thüringen,Hildburghausen,Schweickershausen,98663,169,9.75,50.238493,10.629555
160695004049,Thüringen,Hildburghausen,Straufhain,98646,2640,57.4,50.353657,10.684479
160695004052,Thüringen,Hildburghausen,"Ummerstadt, Stadt",98663,458,15.73,50.259225,10.811126
160695004056,Thüringen,Hildburghausen,Westhausen,98663,566,15.43,50.316624,10.659516
160695004063,Thüringen,Hildburghausen,"Heldburg, Stadt",98663,3220,112.74,50.28002,10.725542
160695051006,Thüringen,Hildburghausen,Brünn/Thür.,98673,391,6.1,50.449347,10.85655
160695051058,Thüringen,Hildburghausen,Auengrund,98673,2739,37.1,50.451865,10.886439
160700004004,Thüringen,Ilm-Kreis,"Arnstadt, Stadt",99310,28509,104.99,50.8333,10.946529
160700028028,Thüringen,Ilm-Kreis,Amt Wachsenburg,99334,7966,77.63,50.875842,10.970255
160700029029,Thüringen,Ilm-Kreis,"Ilmenau, Stadt",98693,38695,198.69,50.688839,10.915563
160700048048,Thüringen,Ilm-Kreis,"Stadtilm, Stadt",99326,8241,120.26,50.775669,11.086073
160700057057,Thüringen,Ilm-Kreis,Geratal,99330,8426,82.33,50.748323,10.812573
160700058058,Thüringen,Ilm-Kreis,"Großbreitenbach, Stadt",98701,5737,80.76,50.584346,11.013059
160705002011,Thüringen,Ilm-Kreis,Elgersburg,98716,1195,9.49,50.704539,10.853695
160705002034,Thüringen,Ilm-Kreis,Martinroda,98693,1117,13.23,50.725024,10.887861
160705002043,Thüringen,Ilm-Kreis,"Plaue, Stadt",99338,1979,22.69,50.779512,10.899211
160705009001,Thüringen,Ilm-Kreis,Alkersleben,99310,295,7.09,50.848169,11.04076
160705009006,Thüringen,Ilm-Kreis,Bösleben-Wüllersleben,99310,641,16.13,50.826083,11.0589
160705009008,Thüringen,Ilm-Kreis,Dornheim,99310,542,7.99,50.835336,10.994645
160705009012,Thüringen,Ilm-Kreis,Elleben,99334,879,17.0,50.862945,11.092014
160705009013,Thüringen,Ilm-Kreis,Elxleben,99334,658,9.47,50.866515,11.05421
160705009041,Thüringen,Ilm-Kreis,Osthausen-Wülfershausen,99310,513,14.75,50.852321,11.103862
160705009054,Thüringen,Ilm-Kreis,Witzleben,99310,613,22.61,50.824122,11.112346
160710001001,Thüringen,Weimarer Land,"Apolda, Stadt",99510,22572,46.26,51.025292,11.517678
160710003003,Thüringen,Weimarer Land,"Bad Berka, Stadt",99438,7372,55.32,50.899497,11.283174
160710008008,Thüringen,Weimarer Land,"Blankenhain, Stadt",99444,6461,113.75,50.85964,11.343135
160710101101,Thüringen,Weimarer Land,Ilmtal-Weinstraße,99510,6123,84.71,51.059959,11.441263
160710103103,Thüringen,Weimarer Land,Grammetal,99428,6358,88.28,50.958681,11.2212
160715007032,Thüringen,Weimarer Land,Hohenfelden,99448,359,8.45,50.878926,11.160457
160715007043,Thüringen,Weimarer Land,Klettbach,99102,1228,15.23,50.912913,11.150336
160715007046,Thüringen,Weimarer Land,"Kranichfeld, Stadt",99448,3375,23.1,50.854496,11.201902
160715007059,Thüringen,Weimarer Land,Nauendorf,99448,309,2.37,50.89344,11.179058
160715007079,Thüringen,Weimarer Land,Rittersdorf,99448,263,8.78,50.819245,11.236271
160715007087,Thüringen,Weimarer Land,Tonndorf,99438,639,10.12,50.888011,11.202251
160715008009,Thüringen,Weimarer Land,Buchfart,99438,196,7.21,50.920934,11.331865
160715008013,Thüringen,Weimarer Land,Döbritschen,99441,229,8.36,50.919196,11.476036
160715008019,Thüringen,Weimarer Land,Frankendorf,99441,150,2.68,50.967936,11.451111
160715008025,Thüringen,Weimarer Land,Großschwabhausen,99441,1279,16.04,50.936779,11.483882
160715008027,Thüringen,Weimarer Land,Hammerstedt,99441,179,3.95,50.9533,11.45282
160715008031,Thüringen,Weimarer Land,Hetschburg,99438,228,2.72,50.913161,11.299672
160715008037,Thüringen,Weimarer Land,Kapellendorf,99510,409,5.39,50.975426,11.468126
160715008049,Thüringen,Weimarer Land,Lehnstedt,99441,339,6.49,50.940046,11.43721
160715008053,Thüringen,Weimarer Land,"Magdala, Stadt",99441,1924,20.58,50.906973,11.448379
160715008056,Thüringen,Weimarer Land,Mellingen,99441,1948,22.78,50.940657,11.397359
160715008071,Thüringen,Weimarer Land,Oettern,99438,117,3.61,50.922329,11.358028
160715008089,Thüringen,Weimarer Land,Umpferstedt,99441,648,7.4,50.977021,11.412159
160715008093,Thüringen,Weimarer Land,Vollersroda,99438,202,2.59,50.937363,11.330877
160715008095,Thüringen,Weimarer Land,Wiegendorf,99510,315,4.04,50.984929,11.4361
160715051004,Thüringen,Weimarer Land,"Bad Sulza, Stadt",99518,7901,94.1,51.086787,11.623826
160715051015,Thüringen,Weimarer Land,Eberstedt,99518,194,4.13,51.074755,11.578112
160715051022,Thüringen,Weimarer Land,Großheringen,99518,628,6.04,51.101883,11.665163
160715051064,Thüringen,Weimarer Land,Niedertrebra,99518,757,8.99,51.070155,11.582261
160715051069,Thüringen,Weimarer Land,Obertrebra,99510,227,3.24,51.063116,11.569793
160715051083,Thüringen,Weimarer Land,Schmiedehausen,99518,337,10.38,51.068321,11.662581
160715053005,Thüringen,Weimarer Land,Ballstedt,99439,282,3.36,51.051754,11.210999
160715053017,Thüringen,Weimarer Land,Ettersburg,99439,734,2.92,51.033026,11.278166
160715053061,Thüringen,Weimarer Land,"Neumark, Stadt",99439,462,8.67,51.079029,11.245271
160715053102,Thüringen,Weimarer Land,Am Ettersberg,99439,7022,92.44,51.062223,11.244444
160720011011,Thüringen,Sonneberg,"Lauscha, Stadt",98724,3042,18.72,50.476118,11.159835
160720015015,Thüringen,Sonneberg,"Schalkau, Stadt",96528,3089,44.02,50.393575,11.005007
160720018018,Thüringen,Sonneberg,"Sonneberg, Stadt",96515,22649,84.69,50.357569,11.175725
160720019019,Thüringen,Sonneberg,"Steinach, Stadt",96523,3426,26.35,50.432443,11.158066
160720023023,Thüringen,Sonneberg,Frankenblick,96528,5314,60.65,50.377589,11.078267
160720024024,Thüringen,Sonneberg,Föritztal,96524,8075,98.5,50.313422,11.243256
160725051006,Thüringen,Sonneberg,Goldisthal,98746,336,19.69,50.518655,11.003935
160725051013,Thüringen,Sonneberg,"Neuhaus am Rennweg, Stadt",98724,8318,108.22,50.509728,11.138519
160730005005,Thüringen,Saalfeld-Rudolstadt,"Bad Blankenburg, Stadt",07422,5728,35.62,50.68475,11.261585
160730076076,Thüringen,Saalfeld-Rudolstadt,"Rudolstadt, Stadt",07407,24560,135.15,50.721635,11.343567
160730077077,Thüringen,Saalfeld-Rudolstadt,"Saalfeld/Saale, Stadt",07318,28474,145.52,50.647648,11.361357
160730106106,Thüringen,Saalfeld-Rudolstadt,"Leutenberg, Stadt",07338,1894,57.52,50.564882,11.45136
160730109109,Thüringen,Saalfeld-Rudolstadt,Uhlstädt-Kirchhasel,07407,5246,121.61,50.742069,11.466516
160730111111,Thüringen,Saalfeld-Rudolstadt,Unterwellenborn,07333,8126,63.14,50.658516,11.44187
160735005028,Thüringen,Saalfeld-Rudolstadt,"Gräfenthal, Stadt",98743,1773,36.42,50.525286,11.307918
160735005046,Thüringen,Saalfeld-Rudolstadt,"Lehesten, Stadt",07349,1467,35.94,50.475717,11.448099
160735005067,Thüringen,Saalfeld-Rudolstadt,Probstzella,07330,2621,74.34,50.531837,11.380298
160735012013,Thüringen,Saalfeld-Rudolstadt,Cursdorf,98744,573,13.95,50.571828,11.127782
160735012014,Thüringen,Saalfeld-Rudolstadt,Deesbach,98744,314,6.14,50.56901,11.146938
160735012017,Thüringen,Saalfeld-Rudolstadt,Döschnitz,07429,213,6.31,50.614834,11.229749
160735012037,Thüringen,Saalfeld-Rudolstadt,Katzhütte,98746,1132,28.87,50.552775,11.053083
160735012055,Thüringen,Saalfeld-Rudolstadt,Meura,98744,363,12.67,50.585129,11.209735
160735012074,Thüringen,Saalfeld-Rudolstadt,Rohrbach,07429,176,3.89,50.60298,11.220214
160735012082,Thüringen,Saalfeld-Rudolstadt,Schwarzburg,07427,514,14.67,50.641931,11.195357
160735012084,Thüringen,Saalfeld-Rudolstadt,Sitzendorf,07429,684,2.52,50.632744,11.172599
160735012094,Thüringen,Saalfeld-Rudolstadt,Unterweißbach,98744,691,13.21,50.615485,11.166552
160735012113,Thüringen,Saalfeld-Rudolstadt,"Schwarzatal, Stadt",98744,3236,25.98,50.58305,11.144173
160735051002,Thüringen,Saalfeld-Rudolstadt,Altenbeuthen,07338,200,7.88,50.592223,11.600825
160735051035,Thüringen,Saalfeld-Rudolstadt,Hohenwarte,07338,160,6.31,50.606442,11.481941
160735051038,Thüringen,Saalfeld-Rudolstadt,Kaulsdorf,07338,2332,21.81,50.62195,11.431459
160735051107,Thüringen,Saalfeld-Rudolstadt,Drognitz,07338,578,24.02,50.588022,11.572004
160735054001,Thüringen,Saalfeld-Rudolstadt,Allendorf,07426,324,8.78,50.655688,11.158647
160735054006,Thüringen,Saalfeld-Rudolstadt,Bechstedt,07426,144,3.48,50.660745,11.177305
160735054112,Thüringen,Saalfeld-Rudolstadt,"Königsee, Stadt",07426,6863,103.01,50.66201,11.099696
160740044044,Thüringen,Saale-Holzland-Kreis,"Kahla, Stadt",07768,6809,7.9,50.801787,11.588184
160745005012,Thüringen,Saale-Holzland-Kreis,Crossen an der Elster,07613,1509,10.8,50.976379,11.979425
160745005038,Thüringen,Saale-Holzland-Kreis,Hartmannsdorf,07613,630,1.62,50.961115,11.976132
160745005039,Thüringen,Saale-Holzland-Kreis,Heideland,07613,1725,37.56,51.001155,11.909246
160745005072,Thüringen,Saale-Holzland-Kreis,Rauda,07613,280,3.07,50.95263,11.941581
160745005092,Thüringen,Saale-Holzland-Kreis,Silbitz,07613,597,11.2,50.95628,11.998733
160745005106,Thüringen,Saale-Holzland-Kreis,Walpernhain,07613,175,4.74,51.017519,11.954044
160745005116,Thüringen,Saale-Holzland-Kreis,"Schkölen, Stadt",07619,2588,53.43,51.041988,11.821689
160745007007,Thüringen,Saale-Holzland-Kreis,Bremsnitz,07646,137,6.6,50.799841,11.773768
160745007017,Thüringen,Saale-Holzland-Kreis,Eineborn,07646,319,7.83,50.830753,11.857174
160745007022,Thüringen,Saale-Holzland-Kreis,Geisenhain,07646,178,4.58,50.834758,11.714883
160745007024,Thüringen,Saale-Holzland-Kreis,Gneus,07646,146,8.1,50.832402,11.689585
160745007029,Thüringen,Saale-Holzland-Kreis,Großbockedra,07646,153,4.53,50.843926,11.656934
160745007045,Thüringen,Saale-Holzland-Kreis,Karlsdorf,07646,109,4.68,50.796938,11.797404
160745007046,Thüringen,Saale-Holzland-Kreis,Kleinbockedra,07646,33,2.83,50.842774,11.646985
160745007047,Thüringen,Saale-Holzland-Kreis,Kleinebersdorf,07646,170,4.01,50.815965,11.838755
160745007053,Thüringen,Saale-Holzland-Kreis,Lippersdorf-Erdmannsdorf,07646,453,9.96,50.827779,11.797147
160745007056,Thüringen,Saale-Holzland-Kreis,Meusebach,07646,92,6.12,50.819178,11.724573
160745007064,Thüringen,Saale-Holzland-Kreis,Oberbodnitz,07646,227,6.43,50.811324,11.658954
160745007066,Thüringen,Saale-Holzland-Kreis,Ottendorf,07646,407,4.38,50.82676,11.822659
160745007071,Thüringen,Saale-Holzland-Kreis,Rattelsdorf,07646,71,3.67,50.813506,11.773403
160745007074,Thüringen,Saale-Holzland-Kreis,Rausdorf,07646,221,3.14,50.857978,11.686713
160745007077,Thüringen,Saale-Holzland-Kreis,Renthendorf,07646,409,11.59,50.800991,11.84649
160745007097,Thüringen,Saale-Holzland-Kreis,Tautendorf,07646,149,5.25,50.823869,11.892551
160745007101,Thüringen,Saale-Holzland-Kreis,Tissa,07646,137,4.03,50.846792,11.747761
160745007102,Thüringen,Saale-Holzland-Kreis,Trockenborn-Wolfersdorf,07646,619,18.79,50.787487,11.708043
160745007103,Thüringen,Saale-Holzland-Kreis,Tröbnitz,07646,444,2.14,50.838457,11.727727
160745007107,Thüringen,Saale-Holzland-Kreis,Waltersdorf,07646,140,4.58,50.831459,11.745174
160745007108,Thüringen,Saale-Holzland-Kreis,Weißbach,07646,124,5.29,50.814546,11.790261
160745011002,Thüringen,Saale-Holzland-Kreis,Altenberga,07768,757,17.33,50.830629,11.540544
160745011004,Thüringen,Saale-Holzland-Kreis,Bibra,07768,275,4.37,50.804571,11.545147
160745011008,Thüringen,Saale-Holzland-Kreis,Bucha,07751,1167,21.02,50.882232,11.512163
160745011016,Thüringen,Saale-Holzland-Kreis,Eichenberg,07768,350,11.53,50.793832,11.529802
160745011021,Thüringen,Saale-Holzland-Kreis,Freienorla,07768,320,6.84,50.769652,11.543018
160745011031,Thüringen,Saale-Holzland-Kreis,Großeutersdorf,07768,261,3.44,50.789713,11.564449
160745011033,Thüringen,Saale-Holzland-Kreis,Großpürschütz,07751,373,3.92,50.820965,11.592181
160745011034,Thüringen,Saale-Holzland-Kreis,Gumperda,07768,378,6.27,50.810217,11.522751
160745011042,Thüringen,Saale-Holzland-Kreis,Hummelshain,07768,605,17.36,50.767023,11.629954
160745011048,Thüringen,Saale-Holzland-Kreis,Kleineutersdorf,07768,311,5.52,50.787359,11.576348
160745011049,Thüringen,Saale-Holzland-Kreis,Laasdorf,07646,540,4.02,50.872418,11.671921
160745011052,Thüringen,Saale-Holzland-Kreis,Lindig,07768,233,4.53,50.789722,11.601061
160745011057,Thüringen,Saale-Holzland-Kreis,Milda,07751,749,22.05,50.855199,11.461872
160745011065,Thüringen,Saale-Holzland-Kreis,"Orlamünde, Stadt",07768,1061,7.47,50.774417,11.519653
160745011076,Thüringen,Saale-Holzland-Kreis,Reinstädt,07768,445,17.91,50.809301,11.474515
160745011079,Thüringen,Saale-Holzland-Kreis,Rothenstein,07751,1130,10.45,50.849184,11.603008
160745011087,Thüringen,Saale-Holzland-Kreis,Schöps,07768,290,4.35,50.834623,11.598357
160745011089,Thüringen,Saale-Holzland-Kreis,Seitenroda,07768,202,4.02,50.80408,11.618341
160745011095,Thüringen,Saale-Holzland-Kreis,Sulza,07751,254,3.97,50.867253,11.618601
160745011104,Thüringen,Saale-Holzland-Kreis,Unterbodnitz,07646,196,5.51,50.821496,11.649042
160745011114,Thüringen,Saale-Holzland-Kreis,Zöllnitz,07751,1274,4.2,50.86914,11.642431
160745014041,Thüringen,Saale-Holzland-Kreis,"Hermsdorf, Stadt",07629,8102,7.49,50.896145,11.856674
160745014059,Thüringen,Saale-Holzland-Kreis,Mörsdorf,07646,552,6.85,50.871171,11.80095
160745014075,Thüringen,Saale-Holzland-Kreis,Reichenbach,07629,852,4.77,50.867937,11.876984
160745014084,Thüringen,Saale-Holzland-Kreis,Schleifreisen,07629,421,6.95,50.888943,11.824196
160745014093,Thüringen,Saale-Holzland-Kreis,St.Gangloff,07629,1126,9.41,50.855301,11.893929
160745015011,Thüringen,Saale-Holzland-Kreis,"Dornburg-Camburg, Stadt",07774,5242,30.77,51.05398,11.71095
160745015019,Thüringen,Saale-Holzland-Kreis,Frauenprießnitz,07774,787,18.48,51.016933,11.735422
160745015026,Thüringen,Saale-Holzland-Kreis,Golmsdorf,07751,709,7.63,50.972545,11.668406
160745015032,Thüringen,Saale-Holzland-Kreis,Großlöbichau,07751,701,6.24,50.928901,11.678304
160745015036,Thüringen,Saale-Holzland-Kreis,Hainichen,07778,190,5.32,50.99635,11.621866
160745015043,Thüringen,Saale-Holzland-Kreis,Jenalöbnitz,07751,152,3.96,50.949204,11.692249
160745015051,Thüringen,Saale-Holzland-Kreis,Lehesten,07778,661,12.14,50.981349,11.578291
160745015054,Thüringen,Saale-Holzland-Kreis,Löberschütz,07751,148,3.07,50.964679,11.701297
160745015063,Thüringen,Saale-Holzland-Kreis,Neuengönna,07778,651,6.2,50.987197,11.649172
160745015096,Thüringen,Saale-Holzland-Kreis,Tautenburg,07778,271,12.75,50.991598,11.71561
160745015099,Thüringen,Saale-Holzland-Kreis,Thierschneck,07774,95,2.74,51.032861,11.760133
160745015112,Thüringen,Saale-Holzland-Kreis,Wichmar,07774,225,5.38,51.033406,11.687783
160745015113,Thüringen,Saale-Holzland-Kreis,Zimmern,07778,169,5.92,51.007486,11.62547
160745050058,Thüringen,Saale-Holzland-Kreis,Möckern,07646,105,5.34,50.853998,11.774454
160745050081,Thüringen,Saale-Holzland-Kreis,Ruttersdorf-Lotschen,07646,332,8.46,50.884328,11.747559
160745050094,Thüringen,Saale-Holzland-Kreis,"Stadtroda, Stadt",07646,6675,24.18,50.857878,11.7275
160745051009,Thüringen,Saale-Holzland-Kreis,"Bürgel, Stadt",07616,3061,27.19,50.942522,11.75921
160745051028,Thüringen,Saale-Holzland-Kreis,Graitschen b. Bürgel,07616,371,4.66,50.958231,11.721081
160745051061,Thüringen,Saale-Holzland-Kreis,Nausnitz,07616,85,1.42,50.941547,11.73105
160745051068,Thüringen,Saale-Holzland-Kreis,Poxdorf,07616,94,4.04,50.961839,11.744655
160745052018,Thüringen,Saale-Holzland-Kreis,"Eisenberg, Stadt",07607,10585,24.67,50.967401,11.901252
160745052025,Thüringen,Saale-Holzland-Kreis,Gösen,07607,210,3.13,50.99241,11.876414
160745052037,Thüringen,Saale-Holzland-Kreis,Hainspitz,07607,557,5.29,50.963929,11.836937
160745052055,Thüringen,Saale-Holzland-Kreis,Mertendorf,07619,125,3.79,50.992094,11.786716
160745052067,Thüringen,Saale-Holzland-Kreis,Petersberg,07616,283,8.37,50.98584,11.834703
160745052073,Thüringen,Saale-Holzland-Kreis,Rauschwitz,07616,215,8.77,50.971984,11.802068
160745053001,Thüringen,Saale-Holzland-Kreis,Albersdorf,07646,295,2.82,50.902843,11.773904
160745053003,Thüringen,Saale-Holzland-Kreis,Bad Klosterlausnitz,07639,3336,16.59,50.916409,11.867278
160745053005,Thüringen,Saale-Holzland-Kreis,Bobeck,07646,255,7.04,50.903186,11.792353
160745053082,Thüringen,Saale-Holzland-Kreis,Scheiditz,07646,54,1.68,50.904913,11.754755
160745053085,Thüringen,Saale-Holzland-Kreis,Schlöben,07646,890,15.86,50.892175,11.69093
160745053086,Thüringen,Saale-Holzland-Kreis,Schöngleina,07646,492,6.76,50.908341,11.724019
160745053091,Thüringen,Saale-Holzland-Kreis,Serba,07616,654,7.07,50.941826,11.81495
160745053098,Thüringen,Saale-Holzland-Kreis,Tautenhain,07639,895,8.96,50.923485,11.916557
160745053105,Thüringen,Saale-Holzland-Kreis,Waldeck,07646,208,8.01,50.91173,11.781417
160745053109,Thüringen,Saale-Holzland-Kreis,Weißenborn,07639,1110,10.13,50.923374,11.882869
160750046046,Thüringen,Saale-Orla-Kreis,"Hirschberg, Stadt",07927,2047,24.13,50.406073,11.818713
160750062062,Thüringen,Saale-Orla-Kreis,"Bad Lobenstein, Stadt",07356,5412,48.92,50.450309,11.640388
160750085085,Thüringen,Saale-Orla-Kreis,"Pößneck, Stadt",07381,11869,24.43,50.695668,11.591589
160750098098,Thüringen,Saale-Orla-Kreis,"Schleiz, Stadt",07907,8336,108.21,50.577418,11.807287
160750131131,Thüringen,Saale-Orla-Kreis,"Gefell, Stadt",07926,2278,45.22,50.438394,11.859201
160750132132,Thüringen,Saale-Orla-Kreis,"Tanna, Stadt",07922,3261,87.35,50.493599,11.856569
160750133133,Thüringen,Saale-Orla-Kreis,"Wurzbach, Stadt",07343,2814,72.32,50.463722,11.536895
160750134134,Thüringen,Saale-Orla-Kreis,Remptendorf,07368,3052,97.81,50.528378,11.660537
160750135135,Thüringen,Saale-Orla-Kreis,"Saalburg-Ebersdorf, Stadt",07929,3199,72.05,50.484382,11.667186
160750136136,Thüringen,Saale-Orla-Kreis,Rosenthal am Rennsteig,07366,3610,56.49,50.403386,11.696266
160755004014,Thüringen,Saale-Orla-Kreis,Dittersdorf,07907,445,15.67,50.643488,11.81633
160755004033,Thüringen,Saale-Orla-Kreis,Görkwitz,07907,305,5.85,50.587966,11.783904
160755004034,Thüringen,Saale-Orla-Kreis,Göschitz,07907,209,7.83,50.625954,11.867595
160755004048,Thüringen,Saale-Orla-Kreis,Kirschkau,07919,185,6.0,50.604897,11.887131
160755004063,Thüringen,Saale-Orla-Kreis,Löhma,07907,266,10.46,50.611786,11.851807
160755004068,Thüringen,Saale-Orla-Kreis,Moßbach,07907,371,9.73,50.676033,11.81962
160755004072,Thüringen,Saale-Orla-Kreis,Neundorf (bei Schleiz),07924,253,7.97,50.600207,11.76822
160755004076,Thüringen,Saale-Orla-Kreis,Oettersdorf,07907,801,10.34,50.599671,11.818541
160755004083,Thüringen,Saale-Orla-Kreis,Plothen,07907,244,8.25,50.639134,11.770125
160755004084,Thüringen,Saale-Orla-Kreis,Pörmitz,07907,143,6.36,50.613794,11.807879
160755004109,Thüringen,Saale-Orla-Kreis,Tegau,07907,383,7.16,50.648816,11.863203
160755004119,Thüringen,Saale-Orla-Kreis,Volkmannsdorf,07924,243,9.52,50.612096,11.734826
160755005006,Thüringen,Saale-Orla-Kreis,Bodelwitz,07381,564,4.61,50.686955,11.622875
160755005016,Thüringen,Saale-Orla-Kreis,Döbritz,07381,186,3.12,50.693886,11.641161
160755005031,Thüringen,Saale-Orla-Kreis,Gertewitz,07389,122,4.21,50.680752,11.642483
160755005039,Thüringen,Saale-Orla-Kreis,Grobengereuth,07389,187,5.64,50.669276,11.668058
160755005054,Thüringen,Saale-Orla-Kreis,Langenorla,07381,1159,22.58,50.740303,11.577882
160755005056,Thüringen,Saale-Orla-Kreis,Lausnitz b. Neustadt an der Orla,07806,281,8.55,50.728861,11.69059
160755005074,Thüringen,Saale-Orla-Kreis,Nimritz,07381,350,2.13,50.700391,11.651182
160755005075,Thüringen,Saale-Orla-Kreis,Oberoppurg,07381,149,5.07,50.695203,11.678007
160755005077,Thüringen,Saale-Orla-Kreis,Oppurg,07381,1032,15.8,50.710893,11.653439
160755005087,Thüringen,Saale-Orla-Kreis,Quaschwitz,07389,64,2.29,50.683199,11.702103
160755005105,Thüringen,Saale-Orla-Kreis,Solkwitz,07381,56,2.2,50.697041,11.66582
160755005121,Thüringen,Saale-Orla-Kreis,Weira,07806,374,14.88,50.703054,11.715537
160755005124,Thüringen,Saale-Orla-Kreis,Wernburg,07381,608,6.9,50.677443,11.600496
160755011019,Thüringen,Saale-Orla-Kreis,Dreitzsch,07819,388,7.26,50.739567,11.797266
160755011029,Thüringen,Saale-Orla-Kreis,Geroda,07819,215,6.15,50.76838,11.904766
160755011057,Thüringen,Saale-Orla-Kreis,Lemnitz,07819,360,8.03,50.721584,11.833993
160755011065,Thüringen,Saale-Orla-Kreis,Miesitz,07819,262,4.45,50.739764,11.832631
160755011066,Thüringen,Saale-Orla-Kreis,Mittelpöllnitz,07819,260,5.01,50.754807,11.90968
160755011093,Thüringen,Saale-Orla-Kreis,Rosendorf,07819,158,6.23,50.7621,11.789195
160755011099,Thüringen,Saale-Orla-Kreis,Schmieritz,07819,381,11.43,50.721312,11.799257
160755011114,Thüringen,Saale-Orla-Kreis,Tömmelsdorf,07819,123,6.37,50.721938,11.861519
160755011116,Thüringen,Saale-Orla-Kreis,"Triptis, Stadt",07819,3582,33.15,50.7336,11.864612
160755013023,Thüringen,Saale-Orla-Kreis,Eßbach,07924,231,5.28,50.589655,11.683939
160755013035,Thüringen,Saale-Orla-Kreis,Gössitz,07389,273,12.84,50.621276,11.586883
160755013047,Thüringen,Saale-Orla-Kreis,Keila,07389,69,4.16,50.636686,11.660746
160755013069,Thüringen,Saale-Orla-Kreis,Moxa,07381,77,4.72,50.641371,11.629987
160755013079,Thüringen,Saale-Orla-Kreis,Paska,07381,90,6.6,50.620502,11.628281
160755013081,Thüringen,Saale-Orla-Kreis,Peuschen,07389,417,7.55,50.658948,11.642559
160755013088,Thüringen,Saale-Orla-Kreis,"Ranis, Stadt",07389,1654,10.57,50.660924,11.565512
160755013101,Thüringen,Saale-Orla-Kreis,Schmorda,07389,84,4.84,50.645049,11.587096
160755013102,Thüringen,Saale-Orla-Kreis,Schöndorf,07924,252,10.11,50.616758,11.696336
160755013103,Thüringen,Saale-Orla-Kreis,Seisla,07389,115,4.47,50.650584,11.534983
160755013125,Thüringen,Saale-Orla-Kreis,Wilhelmsdorf,07389,183,9.33,50.630679,11.550939
160755013127,Thüringen,Saale-Orla-Kreis,"Ziegenrück, Stadt",07924,630,8.25,50.615172,11.651319
160755013129,Thüringen,Saale-Orla-Kreis,Krölpa,07387,2538,42.28,50.677134,11.539536
160755050051,Thüringen,Saale-Orla-Kreis,Kospoda,07806,386,6.13,50.719604,11.740052
160755050073,Thüringen,Saale-Orla-Kreis,"Neustadt an der Orla, Stadt",07806,8602,86.06,50.73581,11.742638
160760022022,Thüringen,Greiz,"Greiz, Stadt",07973,19136,84.86,50.654739,12.201545
160760061061,Thüringen,Greiz,"Ronneburg, Stadt",07580,4918,19.13,50.863458,12.184789
160760088088,Thüringen,Greiz,Harth-Pöllnitz,07570,2581,55.62,50.756945,11.957738
160760089089,Thüringen,Greiz,Kraftsdorf,07586,3594,41.24,50.875946,11.914412
160760092092,Thüringen,Greiz,"Auma-Weidatal, Stadt",07955,3281,55.91,50.699794,11.900885
160760093093,Thüringen,Greiz,Mohlsdorf-Teichwolframsdorf,07987,4394,50.58,50.673923,12.257584
160760094094,Thüringen,Greiz,"Berga-Wünschendorf, Stadt",07980,5813,63.02,50.752198,12.16193
160765004009,Thüringen,Greiz,Braunichswalde,07580,607,5.2,50.799928,12.222768
160765004017,Thüringen,Greiz,Endschütz,07570,329,5.3,50.786694,12.135433
160765004019,Thüringen,Greiz,Gauern,07580,111,3.67,50.790322,12.193007
160765004027,Thüringen,Greiz,Hilbersdorf,07580,193,4.06,50.819911,12.149375
160765004034,Thüringen,Greiz,Kauern,07554,436,8.31,50.844258,12.144833
160765004043,Thüringen,Greiz,Linda b. Weida,07580,412,8.84,50.806312,12.192276
160765004055,Thüringen,Greiz,Paitzdorf,07580,403,8.67,50.845858,12.222577
160765004062,Thüringen,Greiz,Rückersdorf,07580,671,12.45,50.821344,12.220647
160765004069,Thüringen,Greiz,Seelingstädt,07580,1125,18.0,50.77252,12.240686
160765004074,Thüringen,Greiz,Teichwitz,07570,97,3.07,50.75723,12.08477
160765006007,Thüringen,Greiz,Bocka,07589,483,6.05,50.820323,11.966612
160765006033,Thüringen,Greiz,Hundhaupten,07557,331,7.89,50.829431,11.988469
160765006042,Thüringen,Greiz,Lederhose,07589,265,4.85,50.80049,11.922377
160765006044,Thüringen,Greiz,Lindenkreuz,07589,419,8.99,50.84241,11.913396
160765006049,Thüringen,Greiz,"Münchenbernsdorf, Stadt",07589,2796,15.45,50.820097,11.932139
160765006064,Thüringen,Greiz,Saara,07589,592,8.55,50.856248,11.975979
160765006068,Thüringen,Greiz,Schwarzbach,07589,212,5.05,50.797033,11.875513
160765006086,Thüringen,Greiz,Zedlitz,07557,687,13.07,50.814305,12.031068
160765008006,Thüringen,Greiz,Bethenhausen,07554,211,3.08,50.929179,12.197497
160765008008,Thüringen,Greiz,Brahmenau,07554,894,6.89,50.921512,12.157549
160765008023,Thüringen,Greiz,Großenstein,07580,1170,14.51,50.902019,12.196776
160765008028,Thüringen,Greiz,Hirschfeld,07554,94,3.74,50.941708,12.186948
160765008036,Thüringen,Greiz,Korbußen,07554,407,7.21,50.890607,12.171231
160765008058,Thüringen,Greiz,Pölzig,07554,1058,7.75,50.952546,12.198794
160765008059,Thüringen,Greiz,Reichstädt,07580,323,5.06,50.917408,12.234463
160765008067,Thüringen,Greiz,Schwaara,07554,131,3.55,50.904286,12.14236
160765051003,Thüringen,Greiz,"Bad Köstritz, Stadt",07586,3680,20.34,50.930222,12.010908
160765051012,Thüringen,Greiz,Caaschwitz,07586,598,4.19,50.947665,11.994737
160765053014,Thüringen,Greiz,Crimla,07557,260,1.44,50.803337,12.04599
160765053079,Thüringen,Greiz,"Weida, Stadt",07570,7844,36.81,50.773341,12.061416
160765054041,Thüringen,Greiz,Langenwolschendorf,07937,730,6.82,50.634631,11.953584
160765054081,Thüringen,Greiz,Weißendorf,07950,312,3.63,50.674873,12.001177
160765054087,Thüringen,Greiz,"Zeulenroda-Triebes, Stadt",07937,15624,135.14,50.649003,11.97964
160765056029,Thüringen,Greiz,"Hohenleuben, Stadt",07958,1372,9.53,50.711787,12.051165
160765056039,Thüringen,Greiz,Langenwetzendorf,07957,3885,58.41,50.680673,12.092413
160770001001,Thüringen,Altenburger Land,"Altenburg, Stadt",04600,30867,45.69,50.987493,12.438124
160770028028,Thüringen,Altenburger Land,"Lucka, Stadt",04613,3411,12.93,51.097963,12.331368
160770032032,Thüringen,Altenburger Land,"Meuselwitz, Stadt",04610,10060,53.66,51.04228,12.29949
160770043043,Thüringen,Altenburger Land,"Schmölln, Stadt",04626,13836,101.09,50.895281,12.354035
160775004005,Thüringen,Altenburger Land,Fockendorf,04617,743,8.78,51.04865,12.465781
160775004007,Thüringen,Altenburger Land,Gerstenberg,04617,467,3.13,51.032184,12.438619
160775004015,Thüringen,Altenburger Land,Haselbach,04617,808,2.76,51.068456,12.437043
160775004048,Thüringen,Altenburger Land,Treben,04617,1087,10.0,51.053191,12.453082
160775004052,Thüringen,Altenburger Land,Windischleuba,04603,1794,20.73,51.016437,12.468453
160775005008,Thüringen,Altenburger Land,Göhren,04603,433,8.61,50.96715,12.366231
160775005009,Thüringen,Altenburger Land,Göllnitz,04626,294,5.08,50.947653,12.319799
160775005022,Thüringen,Altenburger Land,Kriebitzsch,04617,965,13.29,51.024743,12.33447
160775005027,Thüringen,Altenburger Land,Lödla,04617,711,4.32,50.996746,12.386368
160775005031,Thüringen,Altenburger Land,Mehna,04626,268,4.7,50.966929,12.316809
160775005034,Thüringen,Altenburger Land,Monstab,04617,374,5.66,50.992364,12.352535
160775005042,Thüringen,Altenburger Land,Rositz,04617,2657,12.62,51.018668,12.367843
160775005044,Thüringen,Altenburger Land,Starkenberg,04617,1671,26.42,50.98314,12.308886
160775009016,Thüringen,Altenburger Land,Heukewalde,04626,189,5.89,50.837385,12.269508
160775009018,Thüringen,Altenburger Land,Jonaswalde,04626,309,6.63,50.838866,12.286209
160775009026,Thüringen,Altenburger Land,Löbichau,04626,911,16.72,50.894695,12.267306
160775009041,Thüringen,Altenburger Land,Posterstein,04626,442,5.53,50.86399,12.253483
160775009047,Thüringen,Altenburger Land,Thonhausen,04626,518,9.42,50.831612,12.323861
160775009049,Thüringen,Altenburger Land,Vollmershain,04626,302,5.06,50.852783,12.288435
160775050012,Thüringen,Altenburger Land,"Gößnitz, Stadt",04639,3370,14.07,50.888453,12.433836
160775050017,Thüringen,Altenburger Land,Heyersdorf,04626,109,3.78,50.848248,12.354895
160775050039,Thüringen,Altenburger Land,Ponitz,04639,1391,17.12,50.856197,12.42338
160775051011,Thüringen,Altenburger Land,Göpfersdorf,04618,216,5.92,50.912971,12.595897
160775051023,Thüringen,Altenburger Land,Langenleuba-Niederhain,04618,1645,39.43,50.960103,12.589232
160775051036,Thüringen,Altenburger Land,Nobitz,04603,6864,100.39,50.977188,12.48572
